product_name,brand,declared_allergens,contains_gluten,contains_dairy,contains_nuts,contains_soy,contains_eggs,contains_fish,source_dataset
41022,,,False,False,False,False,False,False,Dietary restrictions
6111184009520,,,False,False,False,False,False,False,Dietary restrictions
6111259344068,,"en:milk, en:nuts, en:soybeans",False,True,True,True,False,False,Declared allergens + Dietary restrictions
6111259345782,,,False,False,False,False,False,False,Dietary restrictions
6111259347106,,,False,False,False,False,False,False,Dietary restrictions
6111265930385&quot;,,,False,False,False,False,False,False,Dietary restrictions
8643729134216,,en:gluten,True,False,False,False,False,False,Declared allergens + Dietary restrictions
AQUAFINA,,,False,False,False,False,False,False,Dietary restrictions
Ain Soltan,,,False,False,False,False,False,False,Dietary restrictions
Ain soltane 50cl,,,False,False,False,False,False,False,Dietary restrictions
Albane,,,False,False,False,False,False,False,Dietary restrictions
Aqua sierra nevada,,,False,False,False,False,False,False,Dietary restrictions
Asta black,,,False,False,False,False,False,False,Dietary restrictions
Aïn Ifrane,,,False,False,False,False,False,False,Dietary restrictions
Aïn saïss,,,False,False,False,False,False,False,Dietary restrictions
AïnIfrane,,,False,False,False,False,False,False,Dietary restrictions
Bahia,,,False,False,False,False,False,False,Dietary restrictions
Balsamic Vinegar of Modena,,en:sulphur-dioxide-and-sulphites,False,False,False,False,False,False,Declared allergens + Dietary restrictions
Beurre badaouia,,,False,False,False,False,False,False,Dietary restrictions
Breton,,,False,False,False,False,False,False,Dietary restrictions
Chargement…,,,False,False,False,False,False,False,Dietary restrictions
Chips chili,,,False,False,False,False,False,False,Dietary restrictions
Chocao energie,,,False,False,False,False,False,False,Dietary restrictions
Confiture de figue,,,False,False,False,False,False,False,Dietary restrictions
Confiture de fraise,,,False,False,False,False,False,False,Dietary restrictions
Cosumar Sucre Granule - Granulated Sugar,,,False,False,False,False,False,False,Dietary restrictions
Creem cheese,,en:milk,False,True,False,False,False,False,Declared allergens + Dietary restrictions
Crem,,,False,False,False,False,False,False,Dietary restrictions
Cristal huile de table,,en:soybeans,False,False,False,True,False,False,Declared allergens + Dietary restrictions
Dalaa 550 feuilles,,,False,False,False,False,False,False,Dietary restrictions
Danao frz limon hh,,en:milk,False,True,False,False,False,False,Declared allergens + Dietary restrictions
Danino,,en:milk,False,True,False,False,False,False,Declared allergens + Dietary restrictions
DoliGrippe,,,False,False,False,False,False,False,Dietary restrictions
Doliprane,,,False,False,False,False,False,False,Dietary restrictions
Donut milky,,"en:eggs, en:gluten, en:milk, en:soybeans",True,True,False,True,True,False,Declared allergens + Dietary restrictions
Dtink happy ana,,,False,False,False,False,False,False,Dietary restrictions
Duval sirop de menthe 750 ML,,,False,False,False,False,False,False,Dietary restrictions
Eau mineral 33cl aman,,,False,False,False,False,False,False,Dietary restrictions
Eau minérale,,,False,False,False,False,False,False,Dietary restrictions
El Mejor chef fromage 16p,,,False,False,False,False,False,False,Dietary restrictions
FONDU Khayrat 64p,,,False,False,False,False,False,False,Dietary restrictions
Fakiat,,,False,False,False,False,False,False,Dietary restrictions
Familia 200g,,en:soybeans,False,False,False,True,False,False,Declared allergens + Dietary restrictions
Flan,,,False,False,False,False,False,False,Dietary restrictions
Flan japan,,,False,False,False,False,False,False,Dietary restrictions
Flocons d’avoine,,,False,False,False,False,False,False,Dietary restrictions
Fondu or blanc cheddar 16p,,,False,False,False,False,False,False,Dietary restrictions
Fromage,,,False,False,False,False,False,False,Dietary restrictions
Ghayt,,,False,False,False,False,False,False,Dietary restrictions
Growers Harvest Tomato Purée,,,False,False,False,False,False,False,Dietary restrictions
HAWAI ANANAS 1l,,,False,False,False,False,False,False,Dietary restrictions
Hala,,en:soybeans,False,False,False,True,False,False,Declared allergens + Dietary restrictions
Hohos,,"en:eggs, en:gluten, en:milk, en:eggs, en:gluten, en:milk, en:nuts, en:soybeans",True,True,True,True,True,False,Declared allergens + Dietary restrictions
HuilOr - RICHE EN Vitamine E Oméga 3 et 6,,,False,False,False,False,False,False,Dietary restrictions
Huile de grignon d’olive,,en:milk,False,True,False,False,False,False,Declared allergens + Dietary restrictions
ICE PULPA CITRON,,,False,False,False,False,False,False,Dietary restrictions
Ice Pulpe Orange 1.5cl,,,False,False,False,False,False,False,Dietary restrictions
Ilkgün,,,False,False,False,False,False,False,Dietary restrictions
Ita Isabel Tu?czyk w Pomid. 80gW&quot;,,,False,False,False,False,False,False,Dietary restrictions
Kelderman Dutch Stone Baked Rye Bread 9 Slices,,en:gluten,True,False,False,False,False,False,Declared allergens + Dietary restrictions
Khayrate,,,False,False,False,False,False,False,Dietary restrictions
LA HOLLANDAISE CLASSIQUE 64P,,en:milk,False,True,False,False,False,False,Declared allergens + Dietary restrictions
La delicieuse,,,False,False,False,False,False,False,Dietary restrictions
Lait,,en:milk,False,True,False,False,False,False,Declared allergens + Dietary restrictions
Le berger From blanc Nat,,en:milk,False,True,False,False,False,False,Declared allergens + Dietary restrictions
Leader Chips saveur Sel,,,False,False,False,False,False,False,Dietary restrictions
Levure rafiaa,,,False,False,False,False,False,False,Dietary restrictions
Lio produit,,,False,False,False,False,False,False,Dietary restrictions
MARG FAMILIA 400G,,en:soybeans,False,False,False,True,False,False,Declared allergens + Dietary restrictions
Marhaba,,"en:milk, en:nuts, en:soybeans",False,True,True,True,False,False,Declared allergens + Dietary restrictions
Matina,,,False,False,False,False,False,False,Dietary restrictions
Mayfine,,en:sulphur-dioxide-and-sulphites,False,False,False,False,False,False,Declared allergens + Dietary restrictions
Mayonnaise,,en:eggs,False,False,False,False,True,False,Declared allergens + Dietary restrictions
Maïs Doux,,,False,False,False,False,False,False,Dietary restrictions
Mejora,,"en:milk, en:nuts, en:soybeans",False,True,True,True,False,False,Declared allergens + Dietary restrictions
Miel,,,False,False,False,False,False,False,Dietary restrictions
Moutarde,,en:mustard,False,False,False,False,False,False,Declared allergens + Dietary restrictions
Nido,,,False,False,False,False,False,False,Dietary restrictions
Noisetta,,,False,False,False,False,False,False,Dietary restrictions
Nutabella,,,False,False,False,False,False,False,Dietary restrictions
OK Sauce Algérienne,,"en:eggs, en:mustard",False,False,False,False,True,False,Declared allergens + Dietary restrictions
Oleor,,,False,False,False,False,False,False,Dietary restrictions
Or Blanc,,en:milk,False,True,False,False,False,False,Declared allergens + Dietary restrictions
Original Doux & crémeux,,,False,False,False,False,False,False,Dietary restrictions
Oulmes,,,False,False,False,False,False,False,Dietary restrictions
Oulmes virgin mojito,,,False,False,False,False,False,False,Dietary restrictions
Pampers complete clean aloe Vera,,,False,False,False,False,False,False,Dietary restrictions
Peanut butter,,,False,False,False,False,False,False,Dietary restrictions
Pescada,,,False,False,False,False,False,False,Dietary restrictions
Petit frais,,en:milk,False,True,False,False,False,False,Declared allergens + Dietary restrictions
Petits fours financiers,,,False,False,False,False,False,False,Dietary restrictions
Pikota,,,False,False,False,False,False,False,Dietary restrictions
Poms 2,,,False,False,False,False,False,False,Dietary restrictions
Press up,,,False,False,False,False,False,False,Dietary restrictions
Pâte à tartiner amandes lait cacao,,,False,False,False,False,False,False,Dietary restrictions
Rafiaa,,,False,False,False,False,False,False,Dietary restrictions
Rafii,,,False,False,False,False,False,False,Dietary restrictions
Raib du bled,,en:milk,False,True,False,False,False,False,Declared allergens + Dietary restrictions
Rhumix,,,False,False,False,False,False,False,Dietary restrictions
SALIM LBEN 440G,,en:milk,False,True,False,False,False,False,Declared allergens + Dietary restrictions
SWEET,,,False,False,False,False,False,False,Dietary restrictions
Salim,,,False,False,False,False,False,False,Dietary restrictions
Sidi Ali Kids,,,False,False,False,False,False,False,Dietary restrictions
Sidi Harazem,,,False,False,False,False,False,False,Dietary restrictions
Smoozy,,en:milk,False,True,False,False,False,False,Declared allergens + Dietary restrictions
Sucre arome fleur d’oranger,,,False,False,False,False,False,False,Dietary restrictions
Tchicolata,,"en:milk, en:nuts, en:soybeans",False,True,True,True,False,False,Declared allergens + Dietary restrictions
The vert de chine,,,False,False,False,False,False,False,Dietary restrictions
Thon entier à l'huile,,,False,False,False,False,False,False,Dietary restrictions
Thon à l'huile végétale,,en:fish,False,False,False,False,False,True,Declared allergens + Dietary restrictions
Tobigo,,en:milk,False,True,False,False,False,False,Declared allergens + Dietary restrictions
Vaselene,,,False,False,False,False,False,False,Dietary restrictions
Wheat Bisks,,en:gluten,True,False,False,False,False,False,Declared allergens + Dietary restrictions
Yankee,,"en:peanuts, en:soybeans",False,False,True,True,False,False,Declared allergens + Dietary restrictions
Yaourt ferme,,,False,False,False,False,False,False,Dietary restrictions
asirri avocat,,en:milk,False,True,False,False,False,False,Declared allergens + Dietary restrictions
campo verde slice,,en:milk,False,True,False,False,False,False,Declared allergens + Dietary restrictions
dalaa,,,False,False,False,False,False,False,Dietary restrictions
delicimou chocolat,,en:milk,False,True,False,False,False,False,Declared allergens + Dietary restrictions
elviva,,,False,False,False,False,False,False,Dietary restrictions
fanta tops lemon 1.5l,,,False,False,False,False,False,False,Dietary restrictions
fondiz slices 24p,,,False,False,False,False,False,False,Dietary restrictions
fromage perly 64p,,en:milk,False,True,False,False,False,False,Declared allergens + Dietary restrictions
hassan,,,False,False,False,False,False,False,Dietary restrictions
java timor 45g,,,False,False,False,False,False,False,Dietary restrictions
jempo,,,False,False,False,False,False,False,Dietary restrictions
la hollandaisr  8 p classique,,,False,False,False,False,False,False,Dietary restrictions
la vache qui rit,,,False,False,False,False,False,False,Dietary restrictions
la vache qui rit 24,,en:milk,False,True,False,False,False,False,Declared allergens + Dietary restrictions
levure pâtisserie,,,False,False,False,False,False,False,Dietary restrictions
predator,,,False,False,False,False,False,False,Dietary restrictions
ptit dan up 2.50dh SpongeBob,,en:milk,False,True,False,False,False,False,Declared allergens + Dietary restrictions
raouia,,en:soybeans,False,False,False,True,False,False,Declared allergens + Dietary restrictions
signal,,,False,False,False,False,False,False,Dietary restrictions
slice burger viva,,,False,False,False,False,False,False,Dietary restrictions
soy sauce,,,False,False,False,False,False,False,Dietary restrictions
sucre granulé,,,False,False,False,False,False,False,Dietary restrictions
tomakas,,,False,False,False,False,False,False,Dietary restrictions
vache qui rit 64p,,,False,False,False,False,False,False,Dietary restrictions
Pâtes spaghettoni n°7 500g,"166, 43122 Parma - Italy, Barilla, Barilla - Barilla G. e R. Fratelli - Società per Azioni - Via Mantova, 166 Barilla",en:gluten,True,False,False,False,False,False,Declared allergens + Dietary restrictions
1664,"1664 Blonde,Kronenbourg","en:gluten, en:anhydride-sulfureux-et-sulfites, fr:alcool",True,False,False,False,False,False,Declared allergens + Dietary restrictions
3D's Bugles goût nature,"3D's Bugles, BENENUTS, LAYS, Lay's",en:gluten,True,False,False,False,False,False,Declared allergens + Dietary restrictions
Herbamare original,A.Vogel,en:celery,False,False,False,False,False,False,Declared allergens + Dietary restrictions
Pure collagen,ACTION,,False,False,False,False,False,False,Dietary restrictions
Afia,AFIA,en:soybeans,False,False,False,True,False,False,Declared allergens + Dietary restrictions
Afia huile de table,AFIA,en:soybeans,False,False,False,True,False,False,Declared allergens + Dietary restrictions
Huile d'olive vierge de Maroc,ALHORRA,,False,False,False,False,False,False,Dietary restrictions
100% issu des fruits fraise,ANDROS,,False,False,False,False,False,False,Dietary restrictions
اكوافينا,AQUAFINA,,False,False,False,False,False,False,Dietary restrictions
Creamy Greek Style Yogurt,ASDA,en:milk,False,True,False,False,False,False,Declared allergens + Dietary restrictions
Greek Style Yogurt,ASDA,en:milk,False,True,False,False,False,False,Declared allergens + Dietary restrictions
MALTED WHEATIES,ASDA,en:gluten,True,False,False,False,False,False,Declared allergens + Dietary restrictions
Lyle's Golden Syrup,Abram Lyle & Sons,,False,False,False,False,False,False,Dietary restrictions
Aceto Balsamico Di Modena,Acentino,,False,False,False,False,False,False,Dietary restrictions
Almond No Sugars,Acti Leaf,en:nuts,False,False,True,False,False,False,Declared allergens + Dietary restrictions
Oat Milk,Actileaf,,False,False,False,False,False,False,Dietary restrictions
Unsweetened UHT Soya Drink,Actileaf,en:soybeans,False,False,False,True,False,False,Declared allergens + Dietary restrictions
All purpose,Action,,False,False,False,False,False,False,Dietary restrictions
Activia bifidus cereales 120 g x 4 muesli,"Activia, Activia yoghurt cereals/fibres, Danone","en:gluten, en:milk, en:nuts",True,True,True,False,False,False,Declared allergens + Dietary restrictions
Activia muesli graines de chia framboise,"Activia, Activia yoghurt cereals/fibres, Danone","en:gluten, en:milk, en:sesame-seeds",True,True,False,False,False,False,Declared allergens + Dietary restrictions
Activia bifidus nature 125g x 4,"Activia, Activia yoghurt nature, Danone",en:milk,False,True,False,False,False,False,Declared allergens + Dietary restrictions
Activia bifidus saveur citron,"Activia, Danone",en:milk,False,True,False,False,False,False,Declared allergens + Dietary restrictions
Roggen Vollkornbrot,Afischer,en:gluten,True,False,False,False,False,False,Declared allergens + Dietary restrictions
Aicha Double Concentré De Tomates 140 G,Aicha,,False,False,False,False,False,False,Dietary restrictions
Aicha Tomate,Aicha,,False,False,False,False,False,False,Dietary restrictions
Aicha Tomato Paste,Aicha,,False,False,False,False,False,False,Dietary restrictions
Concentré de tomates,Aicha,,False,False,False,False,False,False,Dietary restrictions
Concentré de tomates Aicha,Aicha,,False,False,False,False,False,False,Dietary restrictions
Double concentre de tomate,Aicha,,False,False,False,False,False,False,Dietary restrictions
Double concentré de tomates,Aicha,,False,False,False,False,False,False,Dietary restrictions
Aiguebelle,Aiguebelle,,False,False,False,False,False,False,Dietary restrictions
Aiguebelle Mini Chocolate,Aiguebelle,,False,False,False,False,False,False,Dietary restrictions
Aiguebelle mini,Aiguebelle,,False,False,False,False,False,False,Dietary restrictions
Caobel,Aiguebelle,,False,False,False,False,False,False,Dietary restrictions
Chocolat Dessert Noir 55%,Aiguebelle,en:soybeans,False,False,False,True,False,False,Declared allergens + Dietary restrictions
Chocolat Tentation Noir Gourmand Amandes,Aiguebelle,"en:nuts, en:soybeans",False,False,True,True,False,False,Declared allergens + Dietary restrictions
Dessert 72%,Aiguebelle,en:soybeans,False,False,False,True,False,False,Declared allergens + Dietary restrictions
Mini delice amandes,Aiguebelle,,False,False,False,False,False,False,Dietary restrictions
Napolitain noir,Aiguebelle,en:soybeans,False,False,False,True,False,False,Declared allergens + Dietary restrictions
Poudre de cacao,Aiguebelle,,False,False,False,False,False,False,Dietary restrictions
Tentation,Aiguebelle,en:soybeans,False,False,False,True,False,False,Declared allergens + Dietary restrictions
Tentation aiguebelle,Aiguebelle,en:soybeans,False,False,False,True,False,False,Declared allergens + Dietary restrictions
délice noir,Aiguebelle,,False,False,False,False,False,False,Dietary restrictions
tentation croque lait aux noisettes suprêmes,Aiguebelle,"en:milk, en:nuts, en:soybeans",False,True,True,True,False,False,Declared allergens + Dietary restrictions
Ain Atlas,Ain Atlas,,False,False,False,False,False,False,Dietary restrictions
Eau,Ain Soltane,,False,False,False,False,False,False,Dietary restrictions
Eau minéral naturelle,Ain atlas,,False,False,False,False,False,False,Dietary restrictions
Aïn Ifran Eau minérale naturelle,Ain ifrane,,False,False,False,False,False,False,Dietary restrictions
Jben AKNAZ,Aknaz,en:milk,False,True,False,False,False,False,Declared allergens + Dietary restrictions
Nectar Orange,Al Boustane,,False,False,False,False,False,False,Dietary restrictions
Al'fez | Harissa,Al'fez,,False,False,False,False,False,False,Dietary restrictions
Le bon lait,Albane,en:milk,False,True,False,False,False,False,Declared allergens + Dietary restrictions
Smoozy,Albane,en:milk,False,True,False,False,False,False,Declared allergens + Dietary restrictions
Crunchy Peanut Butter,"Alcafé, Whole Earth",en:peanuts,False,False,True,False,False,False,Declared allergens + Dietary restrictions
2 Stonebaked Baguettes,Aldi,en:gluten,True,False,False,False,False,False,Declared allergens + Dietary restrictions
Aldi Slightly Salted Rice Cake,Aldi,,False,False,False,False,False,False,Dietary restrictions
Bagels,Aldi,en:gluten,True,False,False,False,False,False,Declared allergens + Dietary restrictions
"Butternut squash, tomato & basil Falafel",Aldi,,False,False,False,False,False,False,Dietary restrictions
CIABATTA ROLLS,Aldi,en:gluten,True,False,False,False,False,False,Declared allergens + Dietary restrictions
Chick Peas,Aldi,,False,False,False,False,False,False,Dietary restrictions
Chunky chopped tomatoes,Aldi,,False,False,False,False,False,False,Dietary restrictions
Classic Strawberry,Aldi,,False,False,False,False,False,False,Dietary restrictions
Everyday Essentials Soya Unsweetened,Aldi,en:soybeans,False,False,False,True,False,False,Declared allergens + Dietary restrictions
Gourmet Sea Salt Savoury crackers,Aldi,"en:gluten, en:milk",True,True,False,False,False,False,Declared allergens + Dietary restrictions
Lemon juice,Aldi,,False,False,False,False,False,False,Dietary restrictions
Lightly salted tortilla chips,Aldi,,False,False,False,False,False,False,Dietary restrictions
Pesto Basil,Aldi,"en:eggs, en:milk, en:nuts",False,True,True,False,True,False,Declared allergens + Dietary restrictions
Puglian Extra Virgin Oil,Aldi,,False,False,False,False,False,False,Dietary restrictions
Red and white quinoa,Aldi,,False,False,False,False,False,False,Dietary restrictions
Tiger Bloomer,Aldi,en:gluten,True,False,False,False,False,False,Declared allergens + Dietary restrictions
dried mango,Aldi,,False,False,False,False,False,False,Dietary restrictions
Coconut milk,"Aldi, Asia Specialities",,False,False,False,False,False,False,Dietary restrictions
Tartines croquantes,"Aldi, Simplement Bon et Bio","en:gluten, en:milk, en:sesame-seeds",True,True,False,False,False,False,Declared allergens + Dietary restrictions
Black Pepper Savoury Crackers,"Aldi, Specially Selected","en:gluten, en:milk",True,True,False,False,False,False,Declared allergens + Dietary restrictions
Oat Milk (Barista Style),"Aldi,Acti Leaf",en:gluten,True,False,False,False,False,False,Declared allergens + Dietary restrictions
Medium Egg Noodles,"Aldi,Asia Specialities","en:eggs, en:gluten",True,False,False,False,True,False,Declared allergens + Dietary restrictions
British unsalted butter,"Aldi,Cowbelle",en:milk,False,True,False,False,False,False,Declared allergens + Dietary restrictions
Harvest Morn Granola Raisin & Almond,"Aldi,Harvest Morn",en:nuts,False,False,True,False,False,False,Declared allergens + Dietary restrictions
Ancient Grains Farmhouse Bread,"Aldi,Specially Selected",en:gluten,True,False,False,False,False,False,Declared allergens + Dietary restrictions
Almonds natural,Alesto,en:nuts,False,False,True,False,False,False,Declared allergens + Dietary restrictions
Amandes grillées salées,Alesto,"en:nuts, en:mandeln",False,False,True,False,False,False,Declared allergens + Dietary restrictions
Californian Pistachios - Roasted & Salted,Alesto,en:nuts,False,False,True,False,False,False,Declared allergens + Dietary restrictions
Cashewkerne,Alesto,en:nuts,False,False,True,False,False,False,Declared allergens + Dietary restrictions
Cashews roasted & salted,Alesto,en:nuts,False,False,True,False,False,False,Declared allergens + Dietary restrictions
Dried Mango,Alesto,en:sulphur-dioxide-and-sulphites,False,False,False,False,False,False,Declared allergens + Dietary restrictions
Dried Soft Apricots,Alesto,en:sulphur-dioxide-and-sulphites,False,False,False,False,False,False,Declared allergens + Dietary restrictions
Mix di frutta secca,Alesto,"en:nuts, en:sulphur-dioxide-and-sulphites",False,False,True,False,False,False,Declared allergens + Dietary restrictions
Mixed Nuts,Alesto,en:nuts,False,False,True,False,False,False,Declared allergens + Dietary restrictions
Mélange de noix et d'olives,Alesto,"en:nuts, en:peanuts, en:soybeans",False,False,True,True,False,False,Declared allergens + Dietary restrictions
Mélange de noix et pistaches,Alesto,"en:eggs, en:gluten, en:nuts, en:peanuts",True,False,True,False,True,False,Declared allergens + Dietary restrictions
Noisettes grillées,Alesto,en:nuts,False,False,True,False,False,False,Declared allergens + Dietary restrictions
Noix de cajou & cranberries,Alesto,en:nuts,False,False,True,False,False,False,Declared allergens + Dietary restrictions
PEANUTS ROASTED & SALTED,Alesto,en:peanuts,False,False,True,False,False,False,Declared allergens + Dietary restrictions
Paahdettu maapähkinä,Alesto,en:peanuts,False,False,True,False,False,False,Declared allergens + Dietary restrictions
Seed Mix,Alesto,,False,False,False,False,False,False,Dietary restrictions
Soft Pitted Dates,Alesto,,False,False,False,False,False,False,Dietary restrictions
Walnusskerne naturbelassen,Alesto,en:nuts,False,False,True,False,False,False,Declared allergens + Dietary restrictions
Walnuts XXL,Alesto,en:nuts,False,False,True,False,False,False,Declared allergens + Dietary restrictions
Whole Chia Seeds,Alesto,,False,False,False,False,False,False,Dietary restrictions
Pecan Nuts natural,Alesto Selection,en:nuts,False,False,True,False,False,False,Declared allergens + Dietary restrictions
Nussmix,"Alesto, Alesto Selection",en:nuts,False,False,True,False,False,False,Declared allergens + Dietary restrictions
Datteln,"Alesto, LIDL",,False,False,False,False,False,False,Dietary restrictions
Cashew Nuts XXL,"Alesto, LIDL Alesto",en:nuts,False,False,True,False,False,False,Declared allergens + Dietary restrictions
Mangostreifen getrocknet,"Alesto, Lidl",en:sulphur-dioxide-and-sulphites,False,False,False,False,False,False,Declared allergens + Dietary restrictions
Nut & Fruit Mix Classic,"Alesto, Lidl","en:nuts, en:peanuts",False,False,True,False,False,False,Declared allergens + Dietary restrictions
Pistaches de Californie,"Alesto, Lidl",en:nuts,False,False,True,False,False,False,Declared allergens + Dietary restrictions
Roasted Cashew-Peanut-Mix Honey & Salt,"Alesto, Lidl","en:nuts, en:peanuts",False,False,True,False,False,False,Declared allergens + Dietary restrictions
Brazil Nuts,"Alesto, Lidl, Lidl Alesto",en:nuts,False,False,True,False,False,False,Declared allergens + Dietary restrictions
Amandes Décortiquées,"Alesto,LIDL",en:nuts,False,False,True,False,False,False,Declared allergens + Dietary restrictions
Cacao & Orange 5 Raw Fruit & Nut Bars,"Alesto,Lidl",en:nuts,False,False,True,False,False,False,Declared allergens + Dietary restrictions
Pistacchi,AlestoLidl,en:nuts,False,False,True,False,False,False,Declared allergens + Dietary restrictions
Bebida de Avena,"Alitey,Liquats Vegetals","es:avena, es:avena",False,False,False,False,False,False,Declared allergens + Dietary restrictions
Cake fourré saveur fraise,"Allergo,Gerblé,Look",en:eggs,False,False,False,False,True,False,Declared allergens + Dietary restrictions
Allinson's Scandalous Seeds Wholemeal,Allinson's,en:gluten,True,False,False,False,False,False,Declared allergens + Dietary restrictions
Classic Medium Sliced Wholemeal Bread,Allinson's,en:gluten,True,False,False,False,False,False,Declared allergens + Dietary restrictions
Easy Bake Yeast,Allinson's,,False,False,False,False,False,False,Dietary restrictions
Allinsons Bread Flour,Allinson’s,en:gluten,True,False,False,False,False,False,Declared allergens + Dietary restrictions
Almette Cu Smântân?,Almette,en:milk,False,True,False,False,False,False,Declared allergens + Dietary restrictions
Schoko Reis Waffeln,Alnatura,en:milk,False,True,False,False,False,False,Declared allergens + Dietary restrictions
Muesli,Alpen,"en:gluten, en:nuts",True,False,True,False,False,False,Declared allergens + Dietary restrictions
No Added Sugar Muesli imp,"Alpen, Weetabix","en:gluten, en:milk, en:nuts",True,True,True,False,False,False,Declared allergens + Dietary restrictions
Swiss Style Muesli,"Alpen,Weetabix","en:gluten, en:milk, en:nuts",True,True,True,False,False,False,Declared allergens + Dietary restrictions
Les Crozets au Sarrasin,Alpina Savoie,"en:eggs, en:gluten",True,False,False,False,True,False,Declared allergens + Dietary restrictions
Les Crozets Nature,"Alpina, Alpina Savoie","en:eggs, en:gluten",True,False,False,False,True,False,Declared allergens + Dietary restrictions
"Alpro Fermentiertes Sojaprodukt, Ungesüßt, Skyr style 400g",Alpro,"en:gluten, en:soybeans",True,False,False,True,False,False,Declared allergens + Dietary restrictions
"Alpro Joghurtalternative auf Sojabasis, Natur mit Hafer, 500 g",Alpro,"en:gluten, en:soybeans",True,False,False,True,False,False,Declared allergens + Dietary restrictions
"Alpro Mandeldrink Weiß Ungesüßt, Ungeröstet 1 LT",Alpro,en:nuts,False,False,True,False,False,False,Declared allergens + Dietary restrictions
Alpro Plantaardige variatie op yoghurt nature,Alpro,en:soybeans,False,False,False,True,False,False,Declared allergens + Dietary restrictions
"Alpro Sojadrink Original fresh mit Calcium, 1 L, 11",Alpro,en:soybeans,False,False,False,True,False,False,Declared allergens + Dietary restrictions
Barista Hafer,Alpro,"en:gluten, de:haferbasis",True,False,False,False,False,False,Declared allergens + Dietary restrictions
Boisson à l’avoine,Alpro,en:gluten,True,False,False,False,False,False,Declared allergens + Dietary restrictions
"Fermentiertes Sojaprodukt, Ungesüßt",Alpro,"en:soybeans, de:sojabasis",False,False,False,True,False,False,Declared allergens + Dietary restrictions
High Protein Soja Drink,Alpro,en:soybeans,False,False,False,True,False,False,Declared allergens + Dietary restrictions
Mandel Vanille Geschmack,Alpro,en:nuts,False,False,True,False,False,False,Declared allergens + Dietary restrictions
Nature aux Amandes - Végétal soja & amande,Alpro,"en:nuts, en:soybeans",False,False,True,True,False,False,Declared allergens + Dietary restrictions
"Not Milk 1,8",Alpro,en:gluten,True,False,False,False,False,False,Declared allergens + Dietary restrictions
Oat Original,Alpro,en:gluten,True,False,False,False,False,False,Declared allergens + Dietary restrictions
Organic Soya Unsweetened U.H.T.,Alpro,en:soybeans,False,False,False,True,False,False,Declared allergens + Dietary restrictions
Soja Natur ungesüßt,Alpro,en:soybeans,False,False,False,True,False,False,Declared allergens + Dietary restrictions
Soya Drink Original,Alpro,en:soybeans,False,False,False,True,False,False,Declared allergens + Dietary restrictions
Soya Wholebean Unsweetened Drink U.H.T.,Alpro,"en:gluten, en:soybeans",True,False,False,True,False,False,Declared allergens + Dietary restrictions
Strawberry Plant-Based Alternative to Yogurt,Alpro,en:soybeans,False,False,False,True,False,False,Declared allergens + Dietary restrictions
Vanille au soja,Alpro,en:soybeans,False,False,False,True,False,False,Declared allergens + Dietary restrictions
"Alpro Fermentiertes Kokosnussprodukt, Natur, Absolutely 350g","Alpro,Danone",,False,False,False,False,False,False,Dietary restrictions
"Alpro Fermentiertes Sojaprodukt, Erdbeere, Skyr style 400g","Alpro,Danone",en:soybeans,False,False,False,True,False,False,Declared allergens + Dietary restrictions
"Alpro Fermentiertes Sojaprodukt, rote Früchte mit Datteln, ohne Zuckerzusatz 400g","Alpro,Danone",en:soybeans,False,False,False,True,False,False,Declared allergens + Dietary restrictions
"Alpro Sojadrink, Ungesüßt 1L","Alpro,Danone",en:soybeans,False,False,False,True,False,False,Declared allergens + Dietary restrictions
Coco Sans Sucres,"Alpro,Danone",,False,False,False,False,False,False,Dietary restrictions
Mango ohne Zuckerzusatz,"Alpro,Danone",en:soybeans,False,False,False,True,False,False,Declared allergens + Dietary restrictions
Natural con Coco,"Alpro,Danone",en:soybeans,False,False,False,True,False,False,Declared allergens + Dietary restrictions
Rich and indulgent Hazelnut,"Alpro,Danone",en:nuts,False,False,True,False,False,False,Declared allergens + Dietary restrictions
Soia,"Alpro,Danone",en:soybeans,False,False,False,True,False,False,Declared allergens + Dietary restrictions
Levure Chimique Alsacienne,Alsa,en:gluten,True,False,False,False,False,False,Declared allergens + Dietary restrictions
sucre arôme vanille,Alsa,,False,False,False,False,False,False,Dietary restrictions
Chocolat Noir 95% Togo,Alter Eco,,False,False,False,False,False,False,Dietary restrictions
Chocolat noir 75% Pérou,Alter Eco,,False,False,False,False,False,False,Dietary restrictions
Chocolat noir Pérou 90%,Alter Eco,,False,False,False,False,False,False,Dietary restrictions
Chocolat noir aux écorces d'orange,Alter Eco,,False,False,False,False,False,False,Dietary restrictions
Hazelnut Based Chocolate Spread,Alter Eco,"en:milk, en:nuts",False,True,True,False,False,False,Declared allergens + Dietary restrictions
Noir equitable 85% Pérou,Alter Eco,,False,False,False,False,False,False,Dietary restrictions
Sucre Cmplet Muscovado,Alter Eco,,False,False,False,False,False,False,Dietary restrictions
Alvalle Gazpacho l'original,Alvalle,,False,False,False,False,False,False,Dietary restrictions
Gazpacho Original,"Alvalle, PepsiCo",,False,False,False,False,False,False,Dietary restrictions
Natural Tahini,Al’fez,en:sesame-seeds,False,False,False,False,False,False,Declared allergens + Dietary restrictions
Ambrosia Rice pudding,Ambrosia,en:milk,False,True,False,False,False,False,Declared allergens + Dietary restrictions
Devon Custard,Ambrosia,en:milk,False,True,False,False,False,False,Declared allergens + Dietary restrictions
AMORA Ketchup Flacon Souple 550g,Amora,,False,False,False,False,False,False,Dietary restrictions
AMORA MUST Miforte 415g,Amora,"en:mustard, en:sulphur-dioxide-and-sulphites",False,False,False,False,False,False,Declared allergens + Dietary restrictions
AMORA Mayonnaise 5 Ingrédients 235g,Amora,"en:eggs, en:mustard",False,False,False,False,True,False,Declared allergens + Dietary restrictions
AMORA Mayonnaise 5 Ingrédients 400g,Amora,"en:eggs, en:mustard",False,False,False,False,True,False,Declared allergens + Dietary restrictions
Amora Croq'Vert Cornichons Extra-Fins Bocal 370g,Amora,"en:mustard, en:sulphur-dioxide-and-sulphites",False,False,False,False,False,False,Declared allergens + Dietary restrictions
Amora Mayonnaise De Dijon Bocal 235g,Amora,"en:eggs, en:mustard",False,False,False,False,True,False,Declared allergens + Dietary restrictions
Amora Moutarde Douce Verre 190g,Amora,"en:mustard, en:sulphur-dioxide-and-sulphites",False,False,False,False,False,False,Declared allergens + Dietary restrictions
Amora Moutarde Forte Bocal 430g,Amora,"en:mustard, en:sulphur-dioxide-and-sulphites",False,False,False,False,False,False,Declared allergens + Dietary restrictions
Amora Moutarde Forte Verre 185g,Amora,"en:mustard, en:sulphur-dioxide-and-sulphites",False,False,False,False,False,False,Declared allergens + Dietary restrictions
Amora Sauce Burger 260g,Amora,"en:eggs, en:fish, en:gluten, en:mustard, en:soybeans",True,False,False,True,True,True,Declared allergens + Dietary restrictions
Amora Sauce Crudites Nature,Amora,"en:eggs, en:mustard",False,False,False,False,True,False,Declared allergens + Dietary restrictions
Amora Sauce Crudités Caesar Bouteille 380ml,Amora,"en:eggs, en:milk",False,True,False,False,True,False,Declared allergens + Dietary restrictions
Ketchup 5 Ingrédients,Amora,,False,False,False,False,False,False,Dietary restrictions
Mayonnaise 5 ingrédients,Amora,"en:eggs, en:mustard",False,False,False,False,True,False,Declared allergens + Dietary restrictions
Moutarde Douce Fine & Douce,Amora,"en:mustard, en:sulphur-dioxide-and-sulphites",False,False,False,False,False,False,Declared allergens + Dietary restrictions
Moutarde Fine et Forte Flacon Souple,Amora,"en:mustard, en:sulphur-dioxide-and-sulphites",False,False,False,False,False,False,Declared allergens + Dietary restrictions
Amora Mayonnaise De Dijon Flacon Souple 235g,"Amora, Unilever","en:eggs, en:mustard",False,False,False,False,True,False,Declared allergens + Dietary restrictions
Amora Moutarde Mi-Forte Verre de Table 230g,"Amora, Unilever","en:mustard, en:sulphur-dioxide-and-sulphites",False,False,False,False,False,False,Declared allergens + Dietary restrictions
Amora Spécialité à la moutarde de Dijon aux épices et aromates Savora Bocal 385g,"Amora, Unilever","en:celery, en:gluten, en:mustard, en:sulphur-dioxide-and-sulphites",True,False,False,False,False,False,Declared allergens + Dietary restrictions
Amora mayo fouettee 398g,"Amora, Unilever",en:eggs,False,False,False,False,True,False,Declared allergens + Dietary restrictions
Dark soy sauce,Amoy,"en:gluten, en:soybeans",True,False,False,True,False,False,Declared allergens + Dietary restrictions
Light Soy Sauce,Amoy,"en:gluten, en:soybeans",True,False,False,True,False,False,Declared allergens + Dietary restrictions
Rich & creamy coconut milk,"Amoy,Alifoods",,False,False,False,False,False,False,Dietary restrictions
Anchor Butter,Anchor,en:milk,False,True,False,False,False,False,Declared allergens + Dietary restrictions
Anchor spreadable,Anchor,en:milk,False,True,False,False,False,False,Declared allergens + Dietary restrictions
Be Nuts ! - Pâte à tartiner Cacahuète,Andros,en:peanuts,False,False,True,False,False,False,Declared allergens + Dietary restrictions
Compote Pomme Nature,Andros,,False,False,False,False,False,False,Dietary restrictions
Compote de pomme allégée,Andros,,False,False,False,False,False,False,Dietary restrictions
Confiture abricots,Andros,,False,False,False,False,False,False,Dietary restrictions
Gourmand & Végétal Brassé Nature,Andros,,False,False,False,False,False,False,Dietary restrictions
Pomme vanille,Andros,,False,False,False,False,False,False,Dietary restrictions
pomme poire,Andros,,False,False,False,False,False,False,Dietary restrictions
Gourmand & Végétal Mousse au Chocolat,"Andros,Andros Gourmand & Végétal",en:soybeans,False,False,False,True,False,False,Declared allergens + Dietary restrictions
Snack Pipas,Anitin,"en:gluten, en:soybeans",True,False,False,True,False,False,Declared allergens + Dietary restrictions
100% trigo espelta integral,Anitín,"en:gluten, en:sesame-seeds, en:soybeans",True,False,False,True,False,False,Declared allergens + Dietary restrictions
Choco Tablet Zero sin Azúcares,Anturios,"en:gluten, en:milk",True,True,False,False,False,False,Declared allergens + Dietary restrictions
Ultra-Concentré Réglisse Anis,Antésite,,False,False,False,False,False,False,Dietary restrictions
Trios,Aperitivos company,,False,False,False,False,False,False,Dietary restrictions
100% Apple Juice,Appletiser,,False,False,False,False,False,False,Dietary restrictions
Apa,Aqua Carpatica,,False,False,False,False,False,False,Dietary restrictions
Aquafina 50cl,Aquafina,,False,False,False,False,False,False,Dietary restrictions
Aquarius Orange,"Aquarius, The Coca-Cola Company",,False,False,False,False,False,False,Dietary restrictions
Lemon,"Aquarius, The Coca-Cola Company",,False,False,False,False,False,False,Dietary restrictions
Icelandic Style Yogurt,Arla,en:milk,False,True,False,False,False,False,Declared allergens + Dietary restrictions
LactoFree Semi Skimmed Milk Drink 1 Litre,Arla,en:milk,False,True,False,False,False,False,Declared allergens + Dietary restrictions
Nordic Oat Drink,Arla,en:gluten,True,False,False,False,False,False,Declared allergens + Dietary restrictions
Protein Chocolate Flavour Pudding,Arla,en:milk,False,True,False,False,False,False,Declared allergens + Dietary restrictions
STRAWBERRY FAT FREE ICELANDIC STYLE YOGURT,Arla,en:milk,False,True,False,False,False,False,Declared allergens + Dietary restrictions
Skyr,Arla,en:milk,False,True,False,False,False,False,Declared allergens + Dietary restrictions
Strawberry Flavoured Strained Yogurt,Arla,en:milk,False,True,False,False,False,False,Declared allergens + Dietary restrictions
Vanilla Icelandic Style Yogurt,Arla,,False,False,False,False,False,False,Dietary restrictions
Semi-Skimmed Milk,Arla Cravendale,en:milk,False,True,False,False,False,False,Declared allergens + Dietary restrictions
Puck,Arla Foods,en:milk,False,True,False,False,False,False,Declared allergens + Dietary restrictions
Blueberry,Arla Protein,en:milk,False,True,False,False,False,False,Declared allergens + Dietary restrictions
Buko - Der Sahnige,"Arla,Buko",en:milk,False,True,False,False,False,False,Declared allergens + Dietary restrictions
MADELEINE,Armor Délices,"en:eggs, en:gluten, en:milk",True,True,False,False,True,False,Declared allergens + Dietary restrictions
6 Wholemeal Pittas,Asda,en:gluten,True,False,False,False,False,False,Declared allergens + Dietary restrictions
Superseded sliced loaf bread,Asda,"en:gluten, en:soybeans",True,False,False,True,False,False,Declared allergens + Dietary restrictions
Ugandan dark chocolate,Asda,,False,False,False,False,False,False,Dietary restrictions
Wheat Bisks,Asda,en:gluten,True,False,False,False,False,False,Declared allergens + Dietary restrictions
Dark Soy Sauce,Asia Specialities,"en:gluten, en:soybeans",True,False,False,True,False,False,Declared allergens + Dietary restrictions
Apple Cider Vinegar,Aspall,,False,False,False,False,False,False,Dietary restrictions
Pain de Mie Complet,Assylor,,False,False,False,False,False,False,Dietary restrictions
Asta,"Asta,Café",,False,False,False,False,False,False,Dietary restrictions
Muesli CroustillantNoix,Auchan,"en:gluten, en:nuts",True,False,True,False,False,False,Declared allergens + Dietary restrictions
Pain de mie complet Grandes Tranches,Auchan,en:gluten,True,False,False,False,False,False,Declared allergens + Dietary restrictions
Mission Deli White Wraps,Auto Extreme,en:gluten,True,False,False,False,False,False,Declared allergens + Dietary restrictions
Tabasco -  Red Pepper Hot Sauce,"Avery Island LA, McIhenny Company, Tabasco",,False,False,False,False,False,False,Dietary restrictions
Tomates Cerises,Azura,,False,False,False,False,False,False,Dietary restrictions
Tomates cerises allongées,Azura,en:none,False,False,False,False,False,False,Declared allergens + Dietary restrictions
Confiture D'abricots extra aïcha,Aïcha,,False,False,False,False,False,False,Dietary restrictions
Eau de source naturelle La Source,Aïcha,,False,False,False,False,False,False,Dietary restrictions
Confiture De Fraises Aicha,"Aïcha,Extra",,False,False,False,False,False,False,Dietary restrictions
Aïn Atlas 50cl,Aïn Atlas,,False,False,False,False,False,False,Dietary restrictions
Eau,Aïn lfrane,,False,False,False,False,False,False,Dietary restrictions
Babybel,"BABYBEL, Mini babybel",en:milk,False,True,False,False,False,False,Declared allergens + Dietary restrictions
Badoit 1 L PET,BADOIT,,False,False,False,False,False,False,Dietary restrictions
SPAGHETTI N° 5,"BARILLA NORGE AS,Barilla",en:gluten,True,False,False,False,False,False,Declared allergens + Dietary restrictions
REAL MAYONNAISE,BATTS,en:eggs,False,False,False,False,True,False,Declared allergens + Dietary restrictions
Cocoa Alpha Bites,BEAR,,False,False,False,False,False,False,Dietary restrictions
Yoyos Strawberry Multipack 5 x,BEAR,en:apple,False,False,False,False,False,False,Declared allergens + Dietary restrictions
Riz aux Champignons de Paris,BEN'S ORIGINAL,,False,False,False,False,False,False,Dietary restrictions
Crème de coco légère,BJORG,,False,False,False,False,False,False,Dietary restrictions
Evian,BJORG,,False,False,False,False,False,False,Dietary restrictions
GALETTES EXTRA-FINES MAΪS,BJORG,,False,False,False,False,False,False,Dietary restrictions
COCONUT MILK,BLUE DRAGON,,False,False,False,False,False,False,Dietary restrictions
MEDIUM EGG NOODLES,BLUE DRAGON,"en:eggs, en:gluten",True,False,False,False,True,False,Declared allergens + Dietary restrictions
"BN - Casse Croute Biscuits, 375g",BN,en:gluten,True,False,False,False,False,False,Declared allergens + Dietary restrictions
"BN - Cookies - Mini Strawberry x 5, 175g (6.2oz)",BN,"en:gluten, en:milk",True,True,False,False,False,False,Declared allergens + Dietary restrictions
"BN - Strawberry Cookies, 285g (10oz)",BN,"en:gluten, en:milk",True,True,False,False,False,False,Declared allergens + Dietary restrictions
Goût chocolat,BN,"en:gluten, en:milk",True,True,False,False,False,False,Declared allergens + Dietary restrictions
Mini BN Chocolat,BN,"en:gluten, en:milk, fr:avoine",True,True,False,False,False,False,Declared allergens + Dietary restrictions
Coconut lentil turmeric daal power pot,BOL,,False,False,False,False,False,False,Dietary restrictions
Pain Grillé l'Original,BRIOCHE PASQUIER,en:gluten,True,False,False,False,False,False,Declared allergens + Dietary restrictions
Babybel Mini Original,Babybel,en:milk,False,True,False,False,False,False,Declared allergens + Dietary restrictions
Mini Babybel Light,Babybel,en:milk,False,True,False,False,False,False,Declared allergens + Dietary restrictions
babybel,Babybel,en:milk,False,True,False,False,False,False,Declared allergens + Dietary restrictions
Mini Original,"Babybel, Mini babybel",en:milk,False,True,False,False,False,False,Declared allergens + Dietary restrictions
Mini Babybel Original,"Babybel,Mini babybel",en:milk,False,True,False,False,False,False,Declared allergens + Dietary restrictions
Trigo Espelta Crackers,"Bachman,Bolletje",en:gluten,True,False,False,False,False,False,Declared allergens + Dietary restrictions
Badoit rouge,Badoit,,False,False,False,False,False,False,Dietary restrictions
Bulles de fruits Pamplemousse Touche de citron,Badoit,,False,False,False,False,False,False,Dietary restrictions
Eau gazeuse au citron,Badoit,,False,False,False,False,False,False,Dietary restrictions
"Bahia, Eau De Table",Bahia,,False,False,False,False,False,False,Dietary restrictions
Bahlsen,Bahlsen,"en:gluten, en:milk",True,True,False,False,False,False,Declared allergens + Dietary restrictions
Leibniz Butterkeks,"Bahlsen,Leibniz","en:eggs, en:gluten, en:milk, en:soybeans",True,True,False,True,True,False,Declared allergens + Dietary restrictions
The Original Irish Cream,Baileys,en:milk,False,True,False,False,False,False,Declared allergens + Dietary restrictions
Seeded Rye Bread,Baker Street,en:gluten,True,False,False,False,False,False,Declared allergens + Dietary restrictions
Trancetto Cacao,Balconi,"en:eggs, en:gluten, en:milk, en:nuts, en:soybeans, en:gluten, en:milk, en:nuts",True,True,True,True,True,False,Declared allergens + Dietary restrictions
Wafers Bfb Hazelnut,Balconi,"en:gluten, en:milk, en:nuts, en:soybeans",True,True,True,True,False,False,Declared allergens + Dietary restrictions
Wafers Cocoa,Balconi,"en:gluten, en:milk, en:nuts, en:soybeans",True,True,True,True,False,False,Declared allergens + Dietary restrictions
Banania Original - Cacao Céréales Touche De Banane & Miel,Banania,en:gluten,True,False,False,False,False,False,Declared allergens + Dietary restrictions
Baraani,Baraani,,False,False,False,False,False,False,Dietary restrictions
Barraani,Baraani,,False,False,False,False,False,False,Dietary restrictions
Takis Fuego,"Barcel, Takis",,False,False,False,False,False,False,Dietary restrictions
Azeitonas Lidl,Baresa,,False,False,False,False,False,False,Dietary restrictions
Chopped Tomatoes in tomato juice,Baresa,,False,False,False,False,False,False,Dietary restrictions
Green Pesto with Basil,Baresa,"en:eggs, en:milk, en:nuts",False,True,True,False,True,False,Declared allergens + Dietary restrictions
Tomaten passiert,Baresa,,False,False,False,False,False,False,Dietary restrictions
Tomatenpuree,Baresa,,False,False,False,False,False,False,Dietary restrictions
Tomato Passata,Baresa,,False,False,False,False,False,False,Dietary restrictions
Tomato Purée,Baresa,,False,False,False,False,False,False,Dietary restrictions
passierte Tomate,"Baresa, Barrsa, Freshona",,False,False,False,False,False,False,Dietary restrictions
Passierte Tomaten,"Baresa, Italiamo, Baresa - Lidl",,False,False,False,False,False,False,Dietary restrictions
Tortelloni Ricotta et épinards,"Baresa, Lidl, Ospelt food AG","en:eggs, en:gluten, en:milk",True,True,False,False,True,False,Declared allergens + Dietary restrictions
Peeled Tomatoes in tomato juice,"Baresa,Lidl",,False,False,False,False,False,False,Dietary restrictions
Pitted Black Olives in Brine,"Baresa,Lidl",,False,False,False,False,False,False,Dietary restrictions
Arrabbiata,Barilla,,False,False,False,False,False,False,Dietary restrictions
BARILLA TAGLIATELLE 500g,Barilla,en:gluten,True,False,False,False,False,False,Declared allergens + Dietary restrictions
Barilla sauce tomates cuisinees 400g,Barilla,,False,False,False,False,False,False,Dietary restrictions
Basilico 400g eu,Barilla,,False,False,False,False,False,False,Dietary restrictions
Capellini (Spagetti) Nr. 1,Barilla,en:gluten,True,False,False,False,False,False,Declared allergens + Dietary restrictions
Fusilli 98,Barilla,en:gluten,True,False,False,False,False,False,Declared allergens + Dietary restrictions
Lasagne all'uovo,Barilla,"en:eggs, en:gluten",True,False,False,False,True,False,Declared allergens + Dietary restrictions
Napoletana,Barilla,,False,False,False,False,False,False,Dietary restrictions
Penne Rigate Senza Glutine,Barilla,en:none,False,False,False,False,False,False,Declared allergens + Dietary restrictions
Pesto Basilico Limone,Barilla,"en:milk, en:nuts",False,True,True,False,False,False,Declared allergens + Dietary restrictions
Pesto Basilico e Pistacchio,Barilla,"en:milk, en:nuts",False,True,True,False,False,False,Declared allergens + Dietary restrictions
Pesto Basilico e Rucula,Barilla,"en:milk, en:nuts, en:milk",False,True,True,False,False,False,Declared allergens + Dietary restrictions
Pesto Rosso,Barilla,"en:eggs, en:milk, en:nuts",False,True,True,False,True,False,Declared allergens + Dietary restrictions
Pesto Vegan,Barilla,"en:milk, en:nuts",False,True,True,False,False,False,Declared allergens + Dietary restrictions
Pesto alla Calabrese 190g,Barilla,"en:eggs, en:milk",False,True,False,False,True,False,Declared allergens + Dietary restrictions
Pesto alla Genovese,Barilla,"en:milk, en:nuts",False,True,True,False,False,False,Declared allergens + Dietary restrictions
Provencale 400g fra,Barilla,,False,False,False,False,False,False,Dietary restrictions
Pâtes spaghetti au blé complet integral 500g,Barilla,en:gluten,True,False,False,False,False,False,Declared allergens + Dietary restrictions
Pâtes spaghetti n°5 1kg,Barilla,en:gluten,True,False,False,False,False,False,Declared allergens + Dietary restrictions
Sauce tomate basilic,Barilla,,False,False,False,False,False,False,Dietary restrictions
Spaghetti Senza Glutine,Barilla,en:none,False,False,False,False,False,False,Declared allergens + Dietary restrictions
Penne Rigate,"Barilla, ALDI BARILLA",en:gluten,True,False,False,False,False,False,Declared allergens + Dietary restrictions
Collezione Lasagne,"Barilla, Barilla Collezione",en:gluten,True,False,False,False,False,False,Declared allergens + Dietary restrictions
Pâtes linguine collezione 500g,"Barilla, Barilla Collezione",en:gluten,True,False,False,False,False,False,Declared allergens + Dietary restrictions
Pâtes Spaghettini N°3 500G,"Barilla, Barilla Nr. 3, 166",en:gluten,True,False,False,False,False,False,Declared allergens + Dietary restrictions
Girandole Torsades,"Barilla, Barilla norge, Barilla Klassische Pasta",en:gluten,True,False,False,False,False,False,Declared allergens + Dietary restrictions
Baiocchi nocciola snack mb,"Barilla, Mulino Bianco","en:eggs, en:gluten, en:milk, en:nuts",True,True,True,False,True,False,Declared allergens + Dietary restrictions
Biscotti Pan di Stelle,"Barilla, Mulino Bianco","en:eggs, en:gluten, en:milk, en:mustard, en:nuts, en:sesame-seeds, en:soybeans",True,True,True,True,True,False,Declared allergens + Dietary restrictions
Gran Cereale Frutta,"Barilla, Mulino Bianco","en:gluten, en:nuts",True,False,True,False,False,False,Declared allergens + Dietary restrictions
Pan Goccioli,"Barilla, Mulino Bianco","en:eggs, en:gluten",True,False,False,False,True,False,Declared allergens + Dietary restrictions
Baiocchi nocciola 260g,"Barilla, Mulino Bianco - Barilla - Barilla G. e R. Fratelli - Società per Azioni - Via Mantova, 166, 43122 Parma - Italy","en:eggs, en:gluten, en:milk, en:nuts",True,True,True,False,True,False,Declared allergens + Dietary restrictions
INTEGRALE PENNE RIGATE,"Barilla, famila Barilla Pasta Integrale Vollkornpasta",en:gluten,True,False,False,False,False,False,Declared allergens + Dietary restrictions
Linguine- Pâtes alimentaires de semoule et de blé dur 500G,"Barilla, famila Barilla Pasta Integrale Vollkornpasta",en:gluten,True,False,False,False,False,False,Declared allergens + Dietary restrictions
Penne Rigate N°73,"Barilla,Barilla Klassische Pasta",en:gluten,True,False,False,False,False,False,Declared allergens + Dietary restrictions
Sauce tomate aux olives,"Barilla,Kalkof",,False,False,False,False,False,False,Dietary restrictions
Macine mb 350g int. eu,"Barilla,Mulino Bianco","en:eggs, en:gluten, en:milk",True,True,False,False,True,False,Declared allergens + Dietary restrictions
Pan Bauletto Bianco,"Barilla,Mulino Bianco","en:eggs, en:gluten, en:milk, en:sesame-seeds, en:soybeans",True,True,False,True,True,False,Declared allergens + Dietary restrictions
wasa,"Barilla,Wasa",en:gluten,True,False,False,False,False,False,Declared allergens + Dietary restrictions
Batchelors : Mushy Original,Batchelors,,False,False,False,False,False,False,Dietary restrictions
Super Noodles Chicken flavour,Batchelors,en:gluten,True,False,False,False,False,False,Declared allergens + Dietary restrictions
Ketchup,Batts,,False,False,False,False,False,False,Dietary restrictions
Worcestershire Sauce,Batts,"en:fish, en:gluten",True,False,False,False,False,True,Declared allergens + Dietary restrictions
Crispy Fried Onions,"Batts, Kania",en:gluten,True,False,False,False,False,False,Declared allergens + Dietary restrictions
Dijon Mustard,"Batts, Lidl",en:mustard,False,False,False,False,False,False,Declared allergens + Dietary restrictions
Senf mittelscharf,"Bautz'ner,Bautzner",en:mustard,False,False,False,False,False,False,Declared allergens + Dietary restrictions
Kimchi,Baxters,"en:fish, en:gluten",True,False,False,False,False,True,Declared allergens + Dietary restrictions
Browny,Be,"en:eggs, en:gluten, en:soybeans",True,False,False,True,True,False,Declared allergens + Dietary restrictions
Crunchy,Be,"en:gluten, en:peanuts, en:soybeans",True,False,True,True,False,False,Declared allergens + Dietary restrictions
Crunchy original,Be,"en:gluten, en:milk, en:soybeans",True,True,False,True,False,False,Declared allergens + Dietary restrictions
Donut,Be,"en:gluten, en:milk",True,True,False,False,False,False,Declared allergens + Dietary restrictions
Melty - Be,Be,"en:milk, en:soybeans",False,True,False,True,False,False,Declared allergens + Dietary restrictions
Top Original,Be,,False,False,False,False,False,False,Dietary restrictions
cooky original chocolate chips,Be,"en:gluten, en:soybeans",True,False,False,True,False,False,Declared allergens + Dietary restrictions
Suprême,Be Biscuit,,False,False,False,False,False,False,Dietary restrictions
Bear Pure Fruit Yoyos Strawberry 20G,Bear,,False,False,False,False,False,False,Dietary restrictions
Multigrain Alpha Bites,Bear,en:gluten,True,False,False,False,False,False,Declared allergens + Dietary restrictions
Beau & bon Céréales & graines,Beau & Bon,"en:gluten, en:sesame-seeds, en:soybeans",True,False,False,True,False,False,Declared allergens + Dietary restrictions
Becel Classic,"Becel, Flora Food Germany",,False,False,False,False,False,False,Dietary restrictions
Becel Vital,"Becel,Upfield",,False,False,False,False,False,False,Dietary restrictions
Miel,Bee’s,,False,False,False,False,False,False,Dietary restrictions
Sucre,"Beghin say, Tereos",,False,False,False,False,False,False,Dietary restrictions
Mini Babybel Original,Bel,en:milk,False,True,False,False,False,False,Declared allergens + Dietary restrictions
Boursin Ail & Fines Herbes,"Bel,Boursin,Boursin atartiner/core cheese,Fromagerie BEL",en:milk,False,True,False,False,False,False,Declared allergens + Dietary restrictions
Traditional Genovese Pesto,Belazu,en:milk,False,True,False,False,False,False,Declared allergens + Dietary restrictions
Fast Action Dried Yeast,Belbake,,False,False,False,False,False,False,Dietary restrictions
Mandorle intere,Belbake,"en:nuts, en:peanuts",False,False,True,False,False,False,Declared allergens + Dietary restrictions
Cacau em pó,"Belbake Lidl, Belbake",en:none,False,False,False,False,False,False,Declared allergens + Dietary restrictions
Chipster,"Belin, Mondelez",,False,False,False,False,False,False,Dietary restrictions
Monaco,"Belin, Mondelez","en:gluten, en:milk, en:soybeans",True,True,False,True,False,False,Declared allergens + Dietary restrictions
Cappucino,Bellarom,en:milk,False,True,False,False,False,False,Declared allergens + Dietary restrictions
Chicorée Café,Bellarom,,False,False,False,False,False,False,Dietary restrictions
Freeze Dried Instant Coffee,Bellarom,,False,False,False,False,False,False,Dietary restrictions
Goody cao,Bellarom,,False,False,False,False,False,False,Dietary restrictions
Shortbread fingers,Belmont Biscuits,"en:gluten, en:milk",True,True,False,False,False,False,Declared allergens + Dietary restrictions
Bolachas Belvita Breakfast Milk & Cereals,Belvita,"en:gluten, en:milk, en:soybeans",True,True,False,True,False,False,Declared allergens + Dietary restrictions
Duo Fourré Goût Chocolat 🍫 Noisette 🥜,Belvita,"en:gluten, en:milk, en:soybeans, fr:avoine, fr:avoine",True,True,False,True,False,False,Declared allergens + Dietary restrictions
Belvita petit déjeuner goût noisette et chocolat,"Belvita, LU","en:gluten, en:nuts, en:soybeans",True,False,True,True,False,False,Declared allergens + Dietary restrictions
Belvita petit déjeuner,"Belvita, LU, Mondelez","en:gluten, en:milk, en:soybeans",True,True,False,True,False,False,Declared allergens + Dietary restrictions
Moelleux chocolat,"Belvita, LU, Mondelez International","en:gluten, en:milk, en:soybeans",True,True,False,True,False,False,Declared allergens + Dietary restrictions
Belvita original  - Biscuits petit déjeuner miel & pépites de chocolat,"Belvita, Lu, Mondelez","en:gluten, en:milk, en:soybeans",True,True,False,True,False,False,Declared allergens + Dietary restrictions
Petit Déjeuner Chocolat,"Belvita,LU,Mondelez","en:gluten, en:milk, en:soybeans, fr:avoine",True,True,False,True,False,False,Declared allergens + Dietary restrictions
Soft Bakes Blueberry,"Belvita,Mondelez","en:gluten, en:milk, en:soybeans",True,True,False,True,False,False,Declared allergens + Dietary restrictions
Belvoir Farms Raspberry & Lemon Cordial,Belvoir,,False,False,False,False,False,False,Dietary restrictions
belvoir farm elderflower cordial,Belvoir,,False,False,False,False,False,False,Dietary restrictions
Chocolate Fudge Brownie,"Ben & Jerry's,Unilever","en:eggs, en:gluten, en:milk, en:soybeans, de:lait, de:œufs",True,True,False,True,True,False,Declared allergens + Dietary restrictions
Cookie Dough,"Ben & Jerry's,Unilever","en:eggs, en:gluten, en:milk, en:soybeans",True,True,False,True,True,False,Declared allergens + Dietary restrictions
Riz au curry et légumes,Ben's,,False,False,False,False,False,False,Dietary restrictions
Golden Vegetable,Ben's Original,,False,False,False,False,False,False,Dietary restrictions
Riz aromatisé au citron et romarin,Ben's Original,,False,False,False,False,False,False,Dietary restrictions
Riz à la Méditerranéenne,Ben's Original,,False,False,False,False,False,False,Dietary restrictions
Wholegrain,Ben's Original,,False,False,False,False,False,False,Dietary restrictions
Benco,Benco,,False,False,False,False,False,False,Dietary restrictions
Benco Original,Benco,,False,False,False,False,False,False,Dietary restrictions
Buttery Taste,Benecol,en:milk,False,True,False,False,False,False,Declared allergens + Dietary restrictions
Light,Benecol,,False,False,False,False,False,False,Dietary restrictions
Sauce Béarnaise,Benedicta,en:eggs,False,False,False,False,True,False,Declared allergens + Dietary restrictions
Miel de Montagne,"Bernard Michaud, L'Apiculteur",,False,False,False,False,False,False,Dietary restrictions
Seeded Sourdough,Bertinet Bakery,en:gluten,True,False,False,False,False,False,Declared allergens + Dietary restrictions
seven seeds and grains sourdough,Bertinet Bakery,en:gluten,True,False,False,False,False,False,Declared allergens + Dietary restrictions
Bertolli light,Bertolli,en:milk,False,True,False,False,False,False,Declared allergens + Dietary restrictions
Mediterranean Olive Oil,Bertolli,en:milk,False,True,False,False,False,False,Declared allergens + Dietary restrictions
Tempeh Organic,Better Nature,en:soybeans,False,False,False,True,False,False,Declared allergens + Dietary restrictions
Beurre planta,Beurre planta,,False,False,False,False,False,False,Dietary restrictions
Beyond Burger,Beyond Meat,,False,False,False,False,False,False,Dietary restrictions
Tortitas de maíz,"Bicentury,Nutrition & Santé",en:soybeans,False,False,False,True,False,False,Declared allergens + Dietary restrictions
PAIN MIE SANDWICH BIO* COMPLET Sans sucres ajoutés 500G,Bien,"en:gluten, fr:alcool",True,False,False,False,False,False,Declared allergens + Dietary restrictions
Natural 100%,Bimbo,en:gluten,True,False,False,False,False,False,Declared allergens + Dietary restrictions
Takis Fuego 90g,Bimbo,en:milk,False,True,False,False,False,False,Declared allergens + Dietary restrictions
Takis Queso Volcano,"Bimbo,Takis",en:milk,False,True,False,False,False,False,Declared allergens + Dietary restrictions
Golden,Bimo,"en:gluten, en:orange, en:soybeans",True,False,False,True,False,False,Declared allergens + Dietary restrictions
Tagger,Bimo,"en:gluten, en:milk, en:soybeans",True,True,False,True,False,False,Declared allergens + Dietary restrictions
Tonik,Bimo,"en:gluten, en:milk, en:soybeans",True,True,False,True,False,False,Declared allergens + Dietary restrictions
Merendino,"Bimo,Mondelez","en:eggs, en:gluten, en:milk, en:soybeans",True,True,False,True,True,False,Declared allergens + Dietary restrictions
Cocoa & Hazelnut Gut-Loving Granola,Bio & Me,en:soybeans,False,False,False,True,False,False,Declared allergens + Dietary restrictions
"Low Sugar, Naturally Gut-Loving Granola",Bio & Me,en:nuts,False,False,True,False,False,False,Declared allergens + Dietary restrictions
Original Gut-Loving Prebiotic* Yoghurt,Bio & Me,en:milk,False,True,False,False,False,False,Declared allergens + Dietary restrictions
Super Berry Granola,Bio & Me,"en:gluten, en:nuts",True,False,True,False,False,False,Declared allergens + Dietary restrictions
Super Seedy & Nutty Granola,Bio & Me,"en:gluten, en:nuts, en:hazlenuts",True,False,True,False,False,False,Declared allergens + Dietary restrictions
Vanilla Gut-Loving Prebiotic* Yoghurt,Bio & Me,en:milk,False,True,False,False,False,False,Declared allergens + Dietary restrictions
Whole Grain Rye Beard,"Bio Organic, Gräfschafter, Lidl, Maître Jean Pierre, Tastino",en:gluten,True,False,False,False,False,False,Declared allergens + Dietary restrictions
Natural Yogur,"Bio Organic,Lidl,Milbona",en:milk,False,True,False,False,False,False,Declared allergens + Dietary restrictions
Galettes de Maïs,"Bio Organic,Lidl,Sondey",,False,False,False,False,False,False,Dietary restrictions
100% cacao maigre non sucré,Bio Village,,False,False,False,False,False,False,Dietary restrictions
10 Œuf frais,"Bio Village, LUCIEN GEORGELIN",en:eggs,False,False,False,False,True,False,Declared allergens + Dietary restrictions
Biscottes complètes,"Bio Village, Marque Repère",en:gluten,True,False,False,False,False,False,Declared allergens + Dietary restrictions
Boisson au soja nature bio,"Bio Village, Marque Repère",en:soybeans,False,False,False,True,False,False,Declared allergens + Dietary restrictions
Boisson avoine,"Bio Village, Marque Repère",en:gluten,True,False,False,False,False,False,Declared allergens + Dietary restrictions
Huile d'Olive Vierge Extra,"Bio Village, Marque Repère",,False,False,False,False,False,False,Dietary restrictions
Lait Amande calcium,"Bio Village, Marque Repère",en:nuts,False,False,True,False,False,False,Declared allergens + Dietary restrictions
Lait demi-écrémé,"Bio Village, Marque Repère",en:milk,False,True,False,False,False,False,Declared allergens + Dietary restrictions
Noir Dégustation 74% cacao,"Bio Village, Marque Repère",,False,False,False,False,False,False,Dietary restrictions
sirop d'agave,"Bio Village, Marque Repère",,False,False,False,False,False,False,Dietary restrictions
Chocolat noir dégustation 85% cacao bio,"Bio Village,Marque Repère",,False,False,False,False,False,False,Dietary restrictions
MAGGI Bouillon KUB BIO Volaille 80g,"Bio+, Maggi",,False,False,False,False,False,False,Dietary restrictions
Noir 70 %,Biocoop,,False,False,False,False,False,False,Dietary restrictions
Noir 85%,Biocoop,,False,False,False,False,False,False,Dietary restrictions
Organic black beans,Biona Organic,,False,False,False,False,False,False,Dietary restrictions
Biotiful Dairy Morello Cherry Kefir,Biotiful,"en:apple, en:milk",False,True,False,False,False,False,Declared allergens + Dietary restrictions
Kefir,Biotiful,,False,False,False,False,False,False,Dietary restrictions
Kefir Drink,Biotiful Dairy Ltd,"en:apple, en:milk",False,True,False,False,False,False,Declared allergens + Dietary restrictions
kefir PROTEIN original,Biotiful gut health,,False,False,False,False,False,False,Dietary restrictions
kefir drink original,Biotiful gut health,en:milk,False,True,False,False,False,False,Declared allergens + Dietary restrictions
kefir yogurt original,Biotiful gut health,en:milk,False,True,False,False,False,False,Declared allergens + Dietary restrictions
Custard powder,Bird's,,False,False,False,False,False,False,Dietary restrictions
10 Fish Fingers Omega 3,Birds Eye,"en:fish, en:gluten",True,False,False,False,False,True,Declared allergens + Dietary restrictions
Cod Fish Fingers,Birds Eye,"en:fish, en:gluten",True,False,False,False,False,True,Declared allergens + Dietary restrictions
the original 10 potato waffles,Birds Eye,,False,False,False,False,False,False,Dietary restrictions
Organic Sesame Biscuits,"Biscuiterie De L'Abbaye, Lidl, Sondey","en:gluten, en:milk, en:sesame-seeds",True,True,False,False,False,False,Declared allergens + Dietary restrictions
Unleavened Breads,Biscuiterie d'Agen,en:gluten,True,False,False,False,False,False,Declared allergens + Dietary restrictions
Bisto Gravy Granules,Bisto,"en:gluten, en:soybeans",True,False,False,True,False,False,Declared allergens + Dietary restrictions
Bisto chicken gravy,Bisto,en:soybeans,False,False,False,True,False,False,Declared allergens + Dietary restrictions
bisto,Bisto,en:gluten,True,False,False,False,False,False,Declared allergens + Dietary restrictions
gravy granules,Bisto,"en:gluten, en:soybeans",True,False,False,True,False,False,Declared allergens + Dietary restrictions
Amande,Bjorg,en:nuts,False,False,True,False,False,False,Declared allergens + Dietary restrictions
Amande chocolat,Bjorg,en:nuts,False,False,True,False,False,False,Declared allergens + Dietary restrictions
Amande intense,Bjorg,en:nuts,False,False,True,False,False,False,Declared allergens + Dietary restrictions
Avoine - Boisson biologique,Bjorg,en:gluten,True,False,False,False,False,False,Declared allergens + Dietary restrictions
Avoine sans sucres,Bjorg,,False,False,False,False,False,False,Dietary restrictions
Biscuits Farine de Blé et Graines de Sésame,Bjorg,"en:gluten, en:sesame-seeds",True,False,False,False,False,False,Declared allergens + Dietary restrictions
Biscuits fourrés aux framboises,Bjorg,"en:eggs, en:gluten",True,False,False,False,True,False,Declared allergens + Dietary restrictions
Biscuits nappés de chocolat noir,Bjorg,"en:gluten, en:milk, en:nuts, en:soybeans",True,True,True,True,False,False,Declared allergens + Dietary restrictions
BjORG AMANDE ALMOND SANS SUCRE- NO SUGAR,Bjorg,en:nuts,False,False,True,False,False,False,Declared allergens + Dietary restrictions
BjORG AMANDE VANILLE,Bjorg,en:nuts,False,False,True,False,False,False,Declared allergens + Dietary restrictions
Boisson Amande,Bjorg,en:nuts,False,False,True,False,False,False,Declared allergens + Dietary restrictions
Boisson Noisette,Bjorg,en:nuts,False,False,True,False,False,False,Declared allergens + Dietary restrictions
Coco sans sucres,Bjorg,,False,False,False,False,False,False,Dietary restrictions
Crousti' Avoine Chocolat,Bjorg,en:gluten,True,False,False,False,False,False,Declared allergens + Dietary restrictions
Crousti' Avoine nature,Bjorg,"en:gluten, fr:avoine",True,False,False,False,False,False,Declared allergens + Dietary restrictions
Croustillant 3 noix,Bjorg,"en:gluten, en:nuts",True,False,True,False,False,False,Declared allergens + Dietary restrictions
Croustillant Chocolat,Bjorg,en:gluten,True,False,False,False,False,False,Declared allergens + Dietary restrictions
Crunchy,Bjorg,"en:gluten, en:milk",True,True,False,False,False,False,Declared allergens + Dietary restrictions
Céréales complètes au chocolat noir intense,Bjorg,en:gluten,True,False,False,False,False,False,Declared allergens + Dietary restrictions
Epeautre sans sucres ajoutés - Bio,Bjorg,en:gluten,True,False,False,False,False,False,Declared allergens + Dietary restrictions
Flocons d'avoine,Bjorg,"en:gluten, fr:avoine, en:gluten, fr:avoine, fr:avoine",True,False,False,False,False,False,Declared allergens + Dietary restrictions
Flocons d'avoine 4 graines et raisins,Bjorg,en:gluten,True,False,False,False,False,False,Declared allergens + Dietary restrictions
Fourrés Chocolat Noir,Bjorg,"en:gluten, en:milk, en:soybeans",True,True,False,True,False,False,Declared allergens + Dietary restrictions
Fourrés Chocolat au Lait,Bjorg,"en:gluten, en:milk, en:mustard, en:sesame-seeds",True,True,False,False,False,False,Declared allergens + Dietary restrictions
Fourrés chocolat lait noisettes,Bjorg,"en:gluten, en:milk, en:nuts",True,True,True,False,False,False,Declared allergens + Dietary restrictions
Fourrés goût citron,Bjorg,"en:gluten, en:milk",True,True,False,False,False,False,Declared allergens + Dietary restrictions
Fourrés vanille bio,Bjorg,"en:gluten, en:milk",True,True,False,False,False,False,Declared allergens + Dietary restrictions
Galette céréales et légumes du soleil,Bjorg,en:gluten,True,False,False,False,False,False,Declared allergens + Dietary restrictions
Galette Épeautre Son d'Avoine,Bjorg,"en:gluten, fr:avoine, fr:avoine, fr:avoine",True,False,False,False,False,False,Declared allergens + Dietary restrictions
Galettes de Maïs,Bjorg,en:milk,False,True,False,False,False,False,Declared allergens + Dietary restrictions
Galettes riz chocolat noir,Bjorg,,False,False,False,False,False,False,Dietary restrictions
Galettes riz complet Bio,Bjorg,,False,False,False,False,False,False,Dietary restrictions
Gaufres Miel,Bjorg,"en:eggs, en:gluten",True,False,False,False,True,False,Declared allergens + Dietary restrictions
Granola Chocolat,Bjorg,en:gluten,True,False,False,False,False,False,Declared allergens + Dietary restrictions
Granola Fruits Rouges,Bjorg,"en:milk, en:nuts, en:sesame-seeds, en:soybeans",False,True,True,True,False,False,Declared allergens + Dietary restrictions
Lait de coco fluide,Bjorg,,False,False,False,False,False,False,Dietary restrictions
Le cookie Chocolat Noisette,Bjorg,"en:eggs, en:gluten, en:milk, en:nuts, en:soybeans",True,True,True,True,True,False,Declared allergens + Dietary restrictions
Le palmier,Bjorg,"en:gluten, en:milk",True,True,False,False,False,False,Declared allergens + Dietary restrictions
"Muesli Raisin, Figue, Abricot",Bjorg,en:gluten,True,False,False,False,False,False,Declared allergens + Dietary restrictions
"Muesli Superfruits Raisins, cassis, cranberry, myrtille",Bjorg,"en:gluten, en:nuts",True,False,True,False,False,False,Declared allergens + Dietary restrictions
Muesli aux fruits,Bjorg,"en:gluten, en:nuts",True,False,True,False,False,False,Declared allergens + Dietary restrictions
Muesli avoine chocolat bio,Bjorg,"en:gluten, en:milk",True,True,False,False,False,False,Declared allergens + Dietary restrictions
"Muesli fibres - Son de blé, Figues, Pruneaux",Bjorg,"en:gluten, fr:avoine",True,False,False,False,False,False,Declared allergens + Dietary restrictions
Muesli sans sucres ajoutés raisin figue datte abricot,Bjorg,en:gluten,True,False,False,False,False,False,Declared allergens + Dietary restrictions
Nappés intenses Eclats de fèves de cacao,Bjorg,"en:gluten, en:milk",True,True,False,False,False,False,Declared allergens + Dietary restrictions
Nutri+ avoine chocolat,Bjorg,"en:eggs, en:gluten",True,False,False,False,True,False,Declared allergens + Dietary restrictions
Nutri+ avoine complet,Bjorg,"en:eggs, en:gluten",True,False,False,False,True,False,Declared allergens + Dietary restrictions
P'tit Nature Complet,Bjorg,en:gluten,True,False,False,False,False,False,Declared allergens + Dietary restrictions
Pain complet 3 céréales,Bjorg,"en:gluten, en:sesame-seeds, fr:avoine, fr:avoine",True,False,False,False,False,False,Declared allergens + Dietary restrictions
Pain complet seigle,Bjorg,en:gluten,True,False,False,False,False,False,Declared allergens + Dietary restrictions
Pain d'épices miel,Bjorg,en:gluten,True,False,False,False,False,False,Declared allergens + Dietary restrictions
Quinoa Tomates Olives,Bjorg,,False,False,False,False,False,False,Dietary restrictions
Soja cuisine semi-épais bio,Bjorg,"en:gluten, en:soybeans",True,False,False,True,False,False,Declared allergens + Dietary restrictions
Soja nature sans sucre ajouté bio,Bjorg,en:soybeans,False,False,False,True,False,False,Declared allergens + Dietary restrictions
Soja vanille,Bjorg,en:soybeans,False,False,False,True,False,False,Declared allergens + Dietary restrictions
Son d'Avoine Bio,Bjorg,en:gluten,True,False,False,False,False,False,Declared allergens + Dietary restrictions
Tofu fumé,Bjorg,en:soybeans,False,False,False,True,False,False,Declared allergens + Dietary restrictions
Tofu nature,Bjorg,en:soybeans,False,False,False,True,False,False,Declared allergens + Dietary restrictions
muesli superfruits,Bjorg,"en:gluten, en:nuts",True,False,True,False,False,False,Declared allergens + Dietary restrictions
Épeautre noisette,Bjorg,"en:gluten, en:nuts",True,False,True,False,False,False,Declared allergens + Dietary restrictions
Soja cuisine fluide,"Bjorg, Bjorg Veggie","en:gluten, en:soybeans",True,False,False,True,False,False,Declared allergens + Dietary restrictions
White tiger bloomer,Black Sheep Craft Bakery,"en:gluten, en:yeast",True,False,False,False,False,False,Declared allergens + Dietary restrictions
Houmous,Blini,en:sesame-seeds,False,False,False,False,False,False,Declared allergens + Dietary restrictions
Tzatziki,Blini,"en:gluten, en:milk, en:soybeans",True,True,False,True,False,False,Declared allergens + Dietary restrictions
Almond Breeze Unsweetened Low Fat Milk Alternative,Blue Diamond Almonds,en:nuts,False,False,True,False,False,False,Declared allergens + Dietary restrictions
Creamed Coconut Block,Blue Dragon,,False,False,False,False,False,False,Dietary restrictions
Fish sauce imp,Blue Dragon,en:fish,False,False,False,False,False,True,Declared allergens + Dietary restrictions
Sweet Chilli Sauce,Blue Dragon,,False,False,False,False,False,False,Dietary restrictions
Thai green curry paste,Blue Dragon,en:soybeans,False,False,False,True,False,False,Declared allergens + Dietary restrictions
blue dragon wholewheat noodles,Blue Dragon,en:gluten,True,False,False,False,False,False,Declared allergens + Dietary restrictions
Light Coconut Milk,Blue dragon,,False,False,False,False,False,False,Dietary restrictions
Magnesium citrate 200 mg,Bodymass,,False,False,False,False,False,False,Dietary restrictions
Mayonnaise,Bol Bol,"en:eggs, en:mustard",False,False,False,False,True,False,Declared allergens + Dietary restrictions
Bol Bol Ketchup,Bol&Bol,,False,False,False,False,False,False,Dietary restrictions
Bonduelle taboule poulet roti 300g,Bonduelle,"en:celery, en:crustaceans, en:eggs, en:fish, en:gluten, en:milk, en:mustard, en:cereals-with-gluten",True,True,False,False,True,True,Declared allergens + Dietary restrictions
Carottes rapees citron dnp 320g,Bonduelle,"en:celery, en:crustaceans, en:eggs, en:fish, en:gluten, en:milk, en:mustard",True,True,False,False,True,True,Declared allergens + Dietary restrictions
Carottes rapees citron dnp 500g,Bonduelle,"en:celery, en:crustaceans, en:eggs, en:fish, en:gluten, en:milk, en:mustard, en:cereals-with-gluten",True,True,False,False,True,True,Declared allergens + Dietary restrictions
Celeri fromage blanc dnp 320g,Bonduelle,"en:celery, en:crustaceans, en:eggs, en:fish, en:gluten, en:milk, en:mustard",True,True,False,False,True,True,Declared allergens + Dietary restrictions
Lentilles Vapeur,Bonduelle,en:celery,False,False,False,False,False,False,Declared allergens + Dietary restrictions
Lunch bowl Légumes & boulgour 250g,Bonduelle,"en:gluten, en:cereals-with-gluten",True,False,False,False,False,False,Declared allergens + Dietary restrictions
Lunch bowl Maïs & quinoa 250g,Bonduelle,,False,False,False,False,False,False,Dietary restrictions
Maïs SSA 1/2,Bonduelle,,False,False,False,False,False,False,Dietary restrictions
Pois Chiches Très peu de jus 1/2,Bonduelle,,False,False,False,False,False,False,Dietary restrictions
Poêlée Paysanne 750g,Bonduelle,"en:gluten, en:milk, en:cereals-with-gluten",True,True,False,False,False,False,Declared allergens + Dietary restrictions
Taboule oriental 300g,Bonduelle,"en:celery, en:crustaceans, en:eggs, en:fish, en:gluten, en:milk, en:mustard, en:cereals-with-gluten",True,True,False,False,True,True,Declared allergens + Dietary restrictions
Apricot Jam,Bonne Maman,,False,False,False,False,False,False,Dietary restrictions
Bitter orange fine shred marmalade,Bonne Maman,"en:apple, en:milk, en:soybeans",False,True,False,True,False,False,Declared allergens + Dietary restrictions
"Bonne Maman - Le petit Quatre-Quarts pur beurre, 300g (10 sachets fraîcheur)",Bonne Maman,"en:eggs, en:gluten, en:milk, en:soybeans",True,True,False,True,True,False,Declared allergens + Dietary restrictions
"Bonne Maman - Quatre Quarts, 500g (17.6oz)",Bonne Maman,"en:eggs, en:gluten, en:milk",True,True,False,False,True,False,Declared allergens + Dietary restrictions
Bonne Maman Hazelnut Chocolate Spread,Bonne Maman,"en:milk, en:nuts",False,True,True,False,False,False,Declared allergens + Dietary restrictions
Bonne Maman Strawberry And Wild Strawberry 370G,Bonne Maman,,False,False,False,False,False,False,Dietary restrictions
Bonne Maman Strawberry Intense,Bonne Maman,,False,False,False,False,False,False,Dietary restrictions
Confiture Abricot INTENSE,Bonne Maman,,False,False,False,False,False,False,Dietary restrictions
Confiture Abricots,Bonne Maman,fr:abricots,False,False,False,False,False,False,Declared allergens + Dietary restrictions
Confiture Fraises,Bonne Maman,,False,False,False,False,False,False,Dietary restrictions
Confiture Framboises,Bonne Maman,,False,False,False,False,False,False,Dietary restrictions
Confiture de fraise Intense,Bonne Maman,,False,False,False,False,False,False,Dietary restrictions
Confiture extra de Fraises,Bonne Maman,,False,False,False,False,False,False,Dietary restrictions
Confiture fruits rouges intenses,Bonne Maman,,False,False,False,False,False,False,Dietary restrictions
Financiers amandes,Bonne Maman,"en:eggs, en:gluten, en:milk, en:nuts, en:soybeans",True,True,True,True,True,False,Declared allergens + Dietary restrictions
Framboise Intense,Bonne Maman,,False,False,False,False,False,False,Dietary restrictions
Galettes Pur Beurre,Bonne Maman,"en:eggs, en:gluten, en:milk",True,True,False,False,True,False,Declared allergens + Dietary restrictions
Gâteau marbré au chocolat,Bonne Maman,"en:eggs, en:gluten, en:milk, en:soybeans, fr:lecithines",True,True,False,True,True,False,Declared allergens + Dietary restrictions
Hazelnut Chocolate Spread,Bonne Maman,"en:milk, en:nuts",False,True,True,False,False,False,Declared allergens + Dietary restrictions
La Madeleine Pur beurre,Bonne Maman,"en:eggs, en:gluten, en:milk, en:nuts, en:soybeans",True,True,True,True,True,False,Declared allergens + Dietary restrictions
MADELEINES CHOCOLAT LAIT,Bonne Maman,"en:eggs, en:gluten, en:milk, en:nuts, en:soybeans",True,True,True,True,True,False,Declared allergens + Dietary restrictions
Madeleine,Bonne Maman,"en:eggs, en:gluten, en:milk, en:nuts, en:soybeans",True,True,True,True,True,False,Declared allergens + Dietary restrictions
Mousse au chocolat intense,Bonne Maman,"en:eggs, en:milk, en:soybeans",False,True,False,True,True,False,Declared allergens + Dietary restrictions
Myrtille Intense,Bonne Maman,,False,False,False,False,False,False,Dietary restrictions
Petit Cookies Pépites de chocolat,Bonne Maman,"en:eggs, en:gluten, en:milk, en:soybeans",True,True,False,True,True,False,Declared allergens + Dietary restrictions
Petits Muffins Chocolat,Bonne Maman,"en:eggs, en:gluten, en:nuts, en:soybeans",True,False,True,True,True,False,Declared allergens + Dietary restrictions
Petits chocos 🍫,Bonne Maman,"en:gluten, en:milk, en:nuts, en:soybeans",True,True,True,True,False,False,Declared allergens + Dietary restrictions
Pâte à tartiner aux noisettes et au cacao,Bonne Maman,"en:milk, en:nuts",False,True,True,False,False,False,Declared allergens + Dietary restrictions
Pâte à tartiner cacahuètes et cacao,Bonne Maman,en:peanuts,False,False,True,False,False,False,Declared allergens + Dietary restrictions
Pâte à tartiner noisettes et cacao,Bonne Maman,"en:milk, en:nuts",False,True,True,False,False,False,Declared allergens + Dietary restrictions
Raspberry Conserve,Bonne Maman,,False,False,False,False,False,False,Dietary restrictions
Strawberry Jam,Bonne Maman,,False,False,False,False,False,False,Dietary restrictions
Tartelettes chocolat caramel,Bonne Maman,"en:eggs, en:gluten, en:milk, en:soybeans",True,True,False,True,True,False,Declared allergens + Dietary restrictions
Tartelettes citron,Bonne Maman,"en:eggs, en:gluten, en:milk, en:nuts",True,True,True,False,True,False,Declared allergens + Dietary restrictions
Camembert,"Bons mayennais, Vaubernier",en:milk,False,True,False,False,False,False,Declared allergens + Dietary restrictions
Rillettes du Mans - La véritable,"Bordeau Chesnel, Savencia",,False,False,False,False,False,False,Dietary restrictions
Rillettes de poulet rôti,Bordeau chesnel,,False,False,False,False,False,False,Dietary restrictions
Apă minerală naturală plată,Borsec,,False,False,False,False,False,False,Dietary restrictions
"Apă minerală naturală, natural carbogazoasă",Borsec,,False,False,False,False,False,False,Dietary restrictions
Nutritional yeast,Bosh Nooch!,,False,False,False,False,False,False,Dietary restrictions
Jus joker multifruit,Boss,"en:kiwi, en:orange",False,False,False,False,False,False,Declared allergens + Dietary restrictions
Boursin végétal ail & herbes,Boursin,,False,False,False,False,False,False,Dietary restrictions
Boursin® Onctueux Ail & Fines Herbes,Boursin,en:milk,False,True,False,False,False,False,Declared allergens + Dietary restrictions
GARLIC & HERBS,Boursin,"en:milk, de:crème",False,True,False,False,False,False,Declared allergens + Dietary restrictions
Boursin ail et fines herbes,"Boursin,Boursin atartiner/core cheese",en:milk,False,True,False,False,False,False,Declared allergens + Dietary restrictions
Huile d'olive Bio BO 75cl,Bouton d'or,,False,False,False,False,False,False,Dietary restrictions
Pâte à tartiner bio - 40% noisettes - Chocolat Noir,Bovetti,en:nuts,False,False,True,False,False,False,Declared allergens + Dietary restrictions
Baked Beans,Bramwells,,False,False,False,False,False,False,Dietary restrictions
Real Mayonnaise,Bramwells,"en:eggs, en:mustard",False,False,False,False,True,False,Declared allergens + Dietary restrictions
Baked Beans,Branston,,False,False,False,False,False,False,Dietary restrictions
"Baked Beans in a Rich, Thick, Tomatoey Sauce",Branston,,False,False,False,False,False,False,Dietary restrictions
Branston Original Pickle,Branston,"en:gluten, en:sulphur-dioxide-and-sulphites",True,False,False,False,False,False,Declared allergens + Dietary restrictions
Small chunk pickle,Branston,"en:apple, en:gluten",True,False,False,False,False,False,Declared allergens + Dietary restrictions
Bravo crem,Bravo Crem,en:milk,False,True,False,False,False,False,Declared allergens + Dietary restrictions
Break Chocolate Fingers,"Break,Tiffany","en:gluten, en:milk, en:soybeans, en:milk",True,True,False,True,False,False,Declared allergens + Dietary restrictions
Chips Craquante Sel Brets,Bret's,,False,False,False,False,False,False,Dietary restrictions
Chèvre piment d'Espelette,Bret's,en:milk,False,True,False,False,False,False,Declared allergens + Dietary restrictions
Chips Paysanne,Brets,,False,False,False,False,False,False,Dietary restrictions
Chips de Sarrasin au Sel de Guerande,Brets,,False,False,False,False,False,False,Dietary restrictions
Chips saveur Pesto Mozzarella,Brets,en:milk,False,True,False,False,False,False,Declared allergens + Dietary restrictions
Chips saveur Poulet Braisé,Brets,en:gluten,True,False,False,False,False,False,Declared allergens + Dietary restrictions
Chips saveur Sel & Vinaigre,Brets,"en:gluten, en:milk",True,True,False,False,False,False,Declared allergens + Dietary restrictions
Chips saveur beurre salé,Brets,en:milk,False,True,False,False,False,False,Declared allergens + Dietary restrictions
Chips saveur fromage du Jura,Brets,en:milk,False,True,False,False,False,False,Declared allergens + Dietary restrictions
BRANDADE DE MORUE,Briau,"en:fish, en:milk, en:sesame-seeds",False,True,False,False,False,True,Declared allergens + Dietary restrictions
La brandade de Morue parmentière gratinée,Briau,"en:fish, en:milk",False,True,False,False,False,True,Declared allergens + Dietary restrictions
Bridélice Crème légère fluide 12%Mat. Gr.,Bridelice,en:milk,False,True,False,False,False,False,Declared allergens + Dietary restrictions
BRIDELIGHT LE BON MOELLEUX ALLEGE 5%MG 350g,Bridelight,en:milk,False,True,False,False,False,False,Declared allergens + Dietary restrictions
Matière grasse laitière à tartiner,Bridelight,en:milk,False,True,False,False,False,False,Declared allergens + Dietary restrictions
Crème fraîche épaisse,Bridélice,en:milk,False,True,False,False,False,False,Declared allergens + Dietary restrictions
Crème légère fouettée 20% Mat Gr,Bridélice,en:milk,False,True,False,False,False,False,Declared allergens + Dietary restrictions
Crème légère semi épaisse 18%,Bridélice,en:milk,False,True,False,False,False,False,Declared allergens + Dietary restrictions
Légère & épaisse 15%,Bridélice,en:milk,False,True,False,False,False,False,Declared allergens + Dietary restrictions
Ma Crème anglaise,Bridélice,"en:eggs, en:milk",False,True,False,False,True,False,Declared allergens + Dietary restrictions
Biscotte blé complet,Brioche Pasquier,en:gluten,True,False,False,False,False,False,Declared allergens + Dietary restrictions
Brioche tranchée,Brioche Pasquier,"en:eggs, en:gluten, en:milk, fr:creme-laitiere",True,True,False,False,True,False,Declared allergens + Dietary restrictions
Grilletine Briochée x18,Brioche Pasquier,"en:eggs, en:gluten, en:milk, en:nuts, en:sesame-seeds, en:soybeans",True,True,True,True,True,False,Declared allergens + Dietary restrictions
PAIN AU LAIT BIO PASQUIER,Brioche Pasquier,"en:eggs, en:gluten, en:milk",True,True,False,False,True,False,Declared allergens + Dietary restrictions
Pain grillé,Brioche Pasquier,"en:eggs, en:gluten, en:milk, en:sesame-seeds",True,True,False,False,True,False,Declared allergens + Dietary restrictions
Pancakes sans conservateurs Farine de blé issue de Moulins Français,Brioche Pasquier,"en:eggs, en:gluten, en:milk",True,True,False,False,True,False,Declared allergens + Dietary restrictions
Tartines de Pain Blé Complet,Brioche Pasquier,en:gluten,True,False,False,False,False,False,Declared allergens + Dietary restrictions
Grilletines blé complet,"Brioche Pasquier, Pasquier","en:gluten, en:milk",True,True,False,False,False,False,Declared allergens + Dietary restrictions
Grilletine froment,"Brioche Pasquier,Pasquier","en:gluten, en:milk",True,True,False,False,False,False,Declared allergens + Dietary restrictions
AUTHENTIC GREEK YOGURT,Brooklea,en:milk,False,True,False,False,False,False,Declared allergens + Dietary restrictions
Greek 10% Fat Authentic Greek Yogurt,Brooklea,en:milk,False,True,False,False,False,False,Declared allergens + Dietary restrictions
Greek Style Natural Yogurt,Brooklea,en:milk,False,True,False,False,False,False,Declared allergens + Dietary restrictions
Greek style natural yoghurt,Brooklea,en:milk,False,True,False,False,False,False,Declared allergens + Dietary restrictions
Brossard le cake à l'anglaise,Brossard,"en:eggs, en:gluten, en:milk, en:nuts, en:peanuts, en:soybeans, en:sulphur-dioxide-and-sulphites",True,True,True,True,True,False,Declared allergens + Dietary restrictions
Pain d'Épices au Miel,Brossard,en:gluten,True,False,False,False,False,False,Declared allergens + Dietary restrictions
Savane,Brossard,"en:eggs, en:gluten, en:soybeans",True,False,False,True,True,False,Declared allergens + Dietary restrictions
Savane chocolat,Brossard,"en:eggs, en:gluten",True,False,False,False,True,False,Declared allergens + Dietary restrictions
14 Gaufrettes saveur Cacao,"Brun, Mondelez","en:gluten, en:milk, en:soybeans",True,True,False,True,False,False,Declared allergens + Dietary restrictions
Petit brun extra,"Brun,Mondelez","en:eggs, en:gluten",True,False,False,False,True,False,Declared allergens + Dietary restrictions
Copos de avena,"Brüggen,H. & J. Brüggen KG",en:gluten,True,False,False,False,False,False,Declared allergens + Dietary restrictions
Organic Classic Canadian Maple Syrup,Buckwud,,False,False,False,False,False,False,Dietary restrictions
Buldak Artificial Spicy Chicken Flavor Ramen,Buldak,"en:celery, en:eggs, en:fish, en:gluten, en:milk, en:molluscs, en:mustard, en:nuts, en:peanuts, en:sesame-seeds, en:soybeans",True,True,True,True,True,True,Declared allergens + Dietary restrictions
Spicy Ramen,"Buldak,Samyang","en:celery, en:gluten, en:sesame-seeds, en:soybeans",True,False,False,True,False,False,Declared allergens + Dietary restrictions
Coconut oil,Bumble bee foods,,False,False,False,False,False,False,Dietary restrictions
Greek Style Natural Yogurt,By Sainsbury's,en:milk,False,True,False,False,False,False,Declared allergens + Dietary restrictions
Grissini Breadsticks,By Sainsbury's,en:gluten,True,False,False,False,False,False,Declared allergens + Dietary restrictions
Scottish porridge oats,By Sainsbury's,en:gluten,True,False,False,False,False,False,Declared allergens + Dietary restrictions
Wheat Biscuits,By Sainsbury's,en:gluten,True,False,False,False,False,False,Declared allergens + Dietary restrictions
Wholewheat biscuits,By Sainsbury's,en:gluten,True,False,False,False,False,False,Declared allergens + Dietary restrictions
6 White Pittas,"By Sainsbury's,Sainsbury’s",en:gluten,True,False,False,False,False,False,Declared allergens + Dietary restrictions
Buttersoft,By sainsbury's,en:milk,False,True,False,False,False,False,Declared allergens + Dietary restrictions
Cream crackers,By sainsbury's,en:gluten,True,False,False,False,False,False,Declared allergens + Dietary restrictions
Puffed Wheat,By sainsbury's,en:gluten,True,False,False,False,False,False,Declared allergens + Dietary restrictions
Wholegrain Bran Flakes,By sainsbury's,en:gluten,True,False,False,False,False,False,Declared allergens + Dietary restrictions
Petit beurre,Bé,"en:eggs, en:gluten, en:milk, en:soybeans",True,True,False,True,True,False,Declared allergens + Dietary restrictions
sucre Roux en morceaux,Béghin Say,,False,False,False,False,False,False,Dietary restrictions
Cassonade,"Béghin Say,La Perruche,Tereos",,False,False,False,False,False,False,Dietary restrictions
Sucre Poudre,Béghin SayTereos,,False,False,False,False,False,False,Dietary restrictions
Mayonnaise,Bénédicta,"en:eggs, en:mustard, en:mustard",False,False,False,False,True,False,Declared allergens + Dietary restrictions
Mayonnaise comme à la maison,Bénédicta,"en:eggs, en:mustard",False,False,False,False,True,False,Declared allergens + Dietary restrictions
Sauce crudités nature,Bénédicta,"en:eggs, en:milk, en:mustard",False,True,False,False,True,False,Declared allergens + Dietary restrictions
Sauce Bourguignonne,"Bénédicta, H.J. Heinz France, Heinz",en:eggs,False,False,False,False,True,False,Declared allergens + Dietary restrictions
Mayonnaise,"Bénédicta, Heinz","en:eggs, en:mustard",False,False,False,False,True,False,Declared allergens + Dietary restrictions
Lait uht 1/2 écrémé,C'est qui le patron,en:milk,False,True,False,False,False,False,Declared allergens + Dietary restrictions
Kichererbsen,CAMPO LARGO,,False,False,False,False,False,False,Dietary restrictions
Cardella Spaghetti,CARDELLA,,False,False,False,False,False,False,Dietary restrictions
Coulommiers Doux et Crémeux,"CF&R,Cœur de Lion,Savencia",en:milk,False,True,False,False,False,False,Declared allergens + Dietary restrictions
Brassé Ananas,CHERGUI,en:milk,False,True,False,False,False,False,Declared allergens + Dietary restrictions
Raib banan sghir,CHERGUI,en:milk,False,True,False,False,False,False,Declared allergens + Dietary restrictions
YAOURT A BOIRE DAYA FRAISE 900G,CHERGUI,en:milk,False,True,False,False,False,False,Declared allergens + Dietary restrictions
daya fraise 330g,CHERGUI,en:milk,False,True,False,False,False,False,Declared allergens + Dietary restrictions
قشدة طرية,CHERGUI,en:milk,False,True,False,False,False,False,Declared allergens + Dietary restrictions
Thé glacé pêche intense,"COCA-COLA, FuzeTea",,False,False,False,False,False,False,Dietary restrictions
Spaghetti blé complet Bio,COMBINO,"en:gluten, de:blé",True,False,False,False,False,False,Declared allergens + Dietary restrictions
Cosumar Sucre En Lingot Pour Le Thé 1 kg,COSUMAR,,False,False,False,False,False,False,Dietary restrictions
MULTIGRAIN HOOPS,CROWNFIELD,"en:gluten, en:milk",True,True,False,False,False,False,Declared allergens + Dietary restrictions
Bournville Cocoa,Cadbury,,False,False,False,False,False,False,Dietary restrictions
Bournville Dark Chocolate bar,Cadbury,"en:milk, en:soybeans",False,True,False,True,False,False,Declared allergens + Dietary restrictions
Brunch bar choc chip,Cadbury,"en:gluten, en:milk, en:soybeans",True,True,False,True,False,False,Declared allergens + Dietary restrictions
Dairy Milk,Cadbury,en:milk,False,True,False,False,False,False,Declared allergens + Dietary restrictions
Hot Chocolate Powder,Cadbury,,False,False,False,False,False,False,Dietary restrictions
Oat Barista Blend,Califia Farms,en:gluten,True,False,False,False,False,False,Declared allergens + Dietary restrictions
Oat Milk,Califia Farms,en:gluten,True,False,False,False,False,False,Declared allergens + Dietary restrictions
Câlin Extra 0%,"Calin 0%,Yoplait",en:milk,False,True,False,False,False,False,Declared allergens + Dietary restrictions
"FROM.BLC.3,2% NAT.CALIN","Calin,Yoplait",en:milk,False,True,False,False,False,False,Declared allergens + Dietary restrictions
Poudre sucralose,Canderel,,False,False,False,False,False,False,Dietary restrictions
Candy'Up Goût Chocolat🍫,Candia,en:milk,False,True,False,False,False,False,Declared allergens + Dietary restrictions
حليب كونديا 1 لتر,Candia,en:milk,False,True,False,False,False,False,Declared allergens + Dietary restrictions
GrandLait - Demi-écrémé,"Candia,Sodiaal",en:milk,False,True,False,False,False,False,Declared allergens + Dietary restrictions
Pulpy pècne,"Cappy, Coca-Cola",,False,False,False,False,False,False,Dietary restrictions
Multivitamin Capri-Sun,Capri-Sun,en:kiwi,False,False,False,False,False,False,Declared allergens + Dietary restrictions
Caprice des Dieux,"Caprice Des Dieux, Savencia","en:milk, en:milk",False,True,False,False,False,False,Declared allergens + Dietary restrictions
Huile d'olive vierge extra Bio Classico,Carapelli,en:none,False,False,False,False,False,False,Declared allergens + Dietary restrictions
Huile d'olive vierge extra Classico,Carapelli,,False,False,False,False,False,False,Dietary restrictions
Huile d'olive vierge extra Vivace,Carapelli,,False,False,False,False,False,False,Dietary restrictions
chocolat noir aux pépites,Carlotti,en:soybeans,False,False,False,True,False,False,Declared allergens + Dietary restrictions
Healthier Oil for Cooking (Red Palm Fruit & Rapeseed Oil),Carotino,,False,False,False,False,False,False,Dietary restrictions
Melts Cheese,Carr's,"en:eggs, en:gluten, en:milk, en:mustard, en:soybeans",True,True,False,True,True,False,Declared allergens + Dietary restrictions
TABLE WATER ORIGINAL,Carr's,en:gluten,True,False,False,False,False,False,Declared allergens + Dietary restrictions
80% cacao noir,Carrefour,en:nuts,False,False,True,False,False,False,Declared allergens + Dietary restrictions
Biscottes Complètes bio,Carrefour,en:gluten,True,False,False,False,False,False,Declared allergens + Dietary restrictions
Cacahuètes grillées sans sel ajouté.,Carrefour,en:peanuts,False,False,True,False,False,False,Declared allergens + Dietary restrictions
Cacao 100%,Carrefour,,False,False,False,False,False,False,Dietary restrictions
Chicorée Café,Carrefour,,False,False,False,False,False,False,Dietary restrictions
Copos de Avena / Fiocchi d'Avena,Carrefour,"en:gluten, fr:avoine",True,False,False,False,False,False,Declared allergens + Dietary restrictions
Corn flakes,Carrefour,en:gluten,True,False,False,False,False,False,Declared allergens + Dietary restrictions
Eau de source de montagne d'auvergne,Carrefour,,False,False,False,False,False,False,Dietary restrictions
Emmental Râpé Fondant,Carrefour,en:milk,False,True,False,False,False,False,Declared allergens + Dietary restrictions
Fromage Blanc Nature 3%,Carrefour,en:milk,False,True,False,False,False,False,Declared allergens + Dietary restrictions
Galleta de mantequilla,Carrefour,"en:gluten, en:milk, en:nuts",True,True,True,False,False,False,Declared allergens + Dietary restrictions
Granola Crunchy Honing - Miel,Carrefour,en:gluten,True,False,False,False,False,False,Declared allergens + Dietary restrictions
Huile d\'olive,Carrefour,,False,False,False,False,False,False,Dietary restrictions
Le pain aux Céréales,Carrefour,"en:gluten, fr:avoine, fr:avoine",True,False,False,False,False,False,Declared allergens + Dietary restrictions
Miel de fleurs,Carrefour,,False,False,False,False,False,False,Dietary restrictions
Petits pains grilles,Carrefour,en:gluten,True,False,False,False,False,False,Declared allergens + Dietary restrictions
Pois chiches,Carrefour,,False,False,False,False,False,False,Dietary restrictions
Riz Complet,Carrefour,,False,False,False,False,False,False,Dietary restrictions
SKYR Nature,Carrefour,en:milk,False,True,False,False,False,False,Declared allergens + Dietary restrictions
Taboulé oriental Pointe de menthe,Carrefour,en:gluten,True,False,False,False,False,False,Declared allergens + Dietary restrictions
Yaourt à la GRECQUE NATURE,Carrefour,en:milk,False,True,False,False,False,False,Declared allergens + Dietary restrictions
biscottes braisées,Carrefour,en:gluten,True,False,False,False,False,False,Declared allergens + Dietary restrictions
Avoine,Carrefour BIO,"en:gluten, fr:avoine, fr:avoine",True,False,False,False,False,False,Declared allergens + Dietary restrictions
Biscottes blé complet Sans sucres* et sans sel ajoutés,Carrefour BIO,en:gluten,True,False,False,False,False,False,Declared allergens + Dietary restrictions
Petits flocons d'avoine complète,Carrefour BIO,"en:gluten, en:mustard, en:sesame-seeds",True,False,False,False,False,False,Declared allergens + Dietary restrictions
Tableta chocolate negro 85%,Carrefour BIO,en:none,False,False,False,False,False,False,Declared allergens + Dietary restrictions
yaourt au lait entier nature,Carrefour BIO,en:milk,False,True,False,False,False,False,Declared allergens + Dietary restrictions
100% Cacao,"Carrefour BIO, Carrefour",,False,False,False,False,False,False,Dietary restrictions
Amande Sans sucres,"Carrefour BIO, Carrefour",en:nuts,False,False,True,False,False,False,Declared allergens + Dietary restrictions
Chocolate negro,"Carrefour BIO, Carrefour",en:none,False,False,False,False,False,False,Declared allergens + Dietary restrictions
Croustillant graines de courge et de tournesol,"Carrefour BIO, Carrefour","en:gluten, fr:avoine, fr:avoine",True,False,False,False,False,False,Declared allergens + Dietary restrictions
La boule bio,"Carrefour BIO, Carrefour",en:gluten,True,False,False,False,False,False,Declared allergens + Dietary restrictions
Moutarde de Dijon,"Carrefour BIO, Carrefour",en:mustard,False,False,False,False,False,False,Declared allergens + Dietary restrictions
Muesli de quinoa y chocolate,"Carrefour BIO, Carrefour","en:gluten, es:avena",True,False,False,False,False,False,Declared allergens + Dietary restrictions
Pain de mie complet,"Carrefour BIO, Carrefour","en:gluten, en:milk",True,True,False,False,False,False,Declared allergens + Dietary restrictions
Pan tostado integral,"Carrefour BIO, Carrefour",en:gluten,True,False,False,False,False,False,Declared allergens + Dietary restrictions
Pâte à tartiner,"Carrefour BIO, Carrefour","en:milk, en:nuts",False,True,True,False,False,False,Declared allergens + Dietary restrictions
Bio et équitable,"Carrefour BIO,Carrefour",,False,False,False,False,False,False,Dietary restrictions
Flocons d'avoine,"Carrefour BIO,Carrefour","en:gluten, en:lupin, en:milk, en:mustard, en:peanuts, en:sesame-seeds, fr:avoine",True,True,True,False,False,False,Declared allergens + Dietary restrictions
Huile d'olive vierge extra,"Carrefour BIO,Carrefour",,False,False,False,False,False,False,Dietary restrictions
Lait demi-écrémé Stérilisé UHT,"Carrefour BIO,Carrefour",en:milk,False,True,False,False,False,False,Declared allergens + Dietary restrictions
Sirop d'agave,"Carrefour BIO,Carrefour",en:none,False,False,False,False,False,False,Declared allergens + Dietary restrictions
SOJA Sans sucres ajoutés,"Carrefour BIO,Carrefour,Groupe Carrefour",en:soybeans,False,False,False,True,False,False,Declared allergens + Dietary restrictions
Vinaigre de cidre bio,Carrefour BioCarrefour,"en:milk, en:sulphur-dioxide-and-sulphites",False,True,False,False,False,False,Declared allergens + Dietary restrictions
Lentilles,Carrefour Classic,en:none,False,False,False,False,False,False,Declared allergens + Dietary restrictions
Le pain au Seigle,Carrefour Original,en:gluten,True,False,False,False,False,False,Declared allergens + Dietary restrictions
Pain grillé au blé complet,Carrefour Original,en:gluten,True,False,False,False,False,False,Declared allergens + Dietary restrictions
Chicoree nature,"Carrefour, Carrefour Classic",,False,False,False,False,False,False,Dietary restrictions
Chocolate negro,"Carrefour, Carrefour Sélection",en:none,False,False,False,False,False,False,Declared allergens + Dietary restrictions
Maxi tranches complet,"Carrefour, Carrefour-classic",en:gluten,True,False,False,False,False,False,Declared allergens + Dietary restrictions
Pesto verde,"Carrefour,Carrefour Classic","en:eggs, en:milk, en:nuts",False,True,True,False,True,False,Declared allergens + Dietary restrictions
Pâte à tartiner saveur noisette,"Carrefour,Simpl","en:milk, en:nuts, en:soybeans",False,True,True,True,False,False,Declared allergens + Dietary restrictions
Magadascan Vanilla,Carte D'Or,en:milk,False,True,False,False,False,False,Declared allergens + Dietary restrictions
Crème glacée Vanille de Madagascar,"Carte D'or,Les Essentiels",en:milk,False,True,False,False,False,False,Declared allergens + Dietary restrictions
Carte Noire,"Carte Noire, Lavazza",,False,False,False,False,False,False,Dietary restrictions
Parmigiano Reggiano,"Casa azzurra,Granarolo",en:milk,False,True,False,False,False,False,Declared allergens + Dietary restrictions
Aubergines cuisinées à la Provençal,Cassegrain,,False,False,False,False,False,False,Dietary restrictions
Courgettes à la Provençale 1/2,Cassegrain,"en:gluten, en:cereals-with-gluten",True,False,False,False,False,False,Declared allergens + Dietary restrictions
Flageolets préparés 1/2,Cassegrain,"en:gluten, en:soybeans",True,False,False,True,False,False,Declared allergens + Dietary restrictions
Haricots Coco cuisinés aux Tomates,Cassegrain,en:gluten,True,False,False,False,False,False,Declared allergens + Dietary restrictions
Haricots Verts extra-fins 1/2,Cassegrain,,False,False,False,False,False,False,Dietary restrictions
Haricots Verts extra-fins 1/4,Cassegrain,,False,False,False,False,False,False,Dietary restrictions
Haricots Verts extra-fins 4/4,Cassegrain,,False,False,False,False,False,False,Dietary restrictions
Lentilles préparées,Cassegrain,"en:gluten, en:none, en:soybeans",True,False,False,True,False,False,Declared allergens + Dietary restrictions
Lentilles préparées 1/2,Cassegrain,"en:celery, en:gluten, en:soybeans",True,False,False,True,False,False,Declared allergens + Dietary restrictions
Petits Pois et Carottes 1/2,Cassegrain,,False,False,False,False,False,False,Dietary restrictions
Ratatouille Cuisinée à la Provençal,Cassegrain,"en:gluten, en:gluten, en:cereals-with-gluten",True,False,False,False,False,False,Declared allergens + Dietary restrictions
Tajine de Légumes Grillés 1/2,Cassegrain,"en:gluten, en:cereals-with-gluten",True,False,False,False,False,False,Declared allergens + Dietary restrictions
Extra Mature Cheddar,Cathedral City,en:milk,False,True,False,False,False,False,Declared allergens + Dietary restrictions
Extra Mature Cheddar Cheese,Cathedral City,en:milk,False,True,False,False,False,False,Declared allergens + Dietary restrictions
Our Lighter Mature Cheddar 30% Less Fat,Cathedral City,en:milk,False,True,False,False,False,False,Declared allergens + Dietary restrictions
Our Mature Cheddar,Cathedral City,en:milk,False,True,False,False,False,False,Declared allergens + Dietary restrictions
Authentic Tofu,Cauldron,en:soybeans,False,False,False,True,False,False,Declared allergens + Dietary restrictions
Lincolnshire sausages,Cauldron,"en:eggs, en:gluten, en:soybeans",True,False,False,True,True,False,Declared allergens + Dietary restrictions
Middle Eastern Falafels,Cauldron,en:gluten,True,False,False,False,False,False,Declared allergens + Dietary restrictions
Garlic & Ginger Marinated Tofu,Cauldron Express,en:soybeans,False,False,False,True,False,False,Declared allergens + Dietary restrictions
Huile vierge extra biologique,Cauvin,,False,False,False,False,False,False,Dietary restrictions
El Mordjene Crème De Noisettes Grillées,Cebon,"en:milk, en:nuts, en:soybeans",False,True,True,True,False,False,Declared allergens + Dietary restrictions
Leche Semi desnatada,"Central Lechera Asturiana,Capsa Food",en:milk,False,True,False,False,False,False,Declared allergens + Dietary restrictions
Mantequilla,"Central Lechera Asturiana,Capsa Food",en:milk,False,True,False,False,False,False,Declared allergens + Dietary restrictions
beurre central 1kg,Centrale,en:milk,False,True,False,False,False,False,Declared allergens + Dietary restrictions
Jebli original,Centrale Danone,,False,False,False,False,False,False,Dietary restrictions
Jebli,"Centrale, Danone, Jebli",en:milk,False,True,False,False,False,False,Declared allergens + Dietary restrictions
Sablés sésame & pavot,Cereal bio,"en:gluten, en:sesame-seeds",True,False,False,False,False,False,Declared allergens + Dietary restrictions
Sel fin iodé,Cerebos,,False,False,False,False,False,False,Dietary restrictions
Biscottes complètes sans sucres ajoutés x36,Chabrior,"en:gluten, fr:et-produits-a-base-de-ces-cereales",True,False,False,False,False,False,Declared allergens + Dietary restrictions
Flocons d'avoine complète 500g,Chabrior,fr:avoine-ou-hybrides-et-produits-a-base-de-ces-cereales,False,False,False,False,False,False,Declared allergens + Dietary restrictions
Muesli crisp 4 noix,Chabrior,"en:gluten, en:nuts, fr:amandes-amygdalus-communis-l, fr:avoine-ou-hybrides-et-produits-a-base-de-ces-cereales, fr:noisettes-corylus-avellana, fr:noix-de-pecan-et-produits-a-base-de-noix-de-pecan-carya-illinoiesis-wangenh-k-koch, fr:noix-du-bresil-et-produits-a-base-de-noix-du-bresil-bertholletia-excelsa",True,False,True,False,False,False,Declared allergens + Dietary restrictions
Pain de mie Grand Mie complet,Chabrior,"en:eggs, en:gluten, en:milk, en:sesame-seeds",True,True,False,False,True,False,Declared allergens + Dietary restrictions
Petits pains grillés au blé complet,"Chabrior, Intermarché",en:gluten,True,False,False,False,False,False,Declared allergens + Dietary restrictions
L'original - Jus de pomme pétillant,Champomy,,False,False,False,False,False,False,Dietary restrictions
Sel fin,Chantesel,,False,False,False,False,False,False,Dietary restrictions
Oreo Enrobed White imp,"Charbonnel et Walker, GINBIS, Mondelez, Oreo, Oreo - Mondelēz International","en:gluten, en:milk, en:soybeans",True,True,False,True,False,False,Declared allergens + Dietary restrictions
CHAUSSEE AUX MOINES 450g,"Chaussee aux moines, Lactalis",en:milk,False,True,False,False,False,False,Declared allergens + Dietary restrictions
Chavroux Pur Chèvre,Chavroux,en:milk,False,True,False,False,False,False,Declared allergens + Dietary restrictions
My Kids,Cheerios,,False,False,False,False,False,False,Dietary restrictions
Cheerios Multigrain,Cheerios Multigrain,en:gluten,True,False,False,False,False,False,Declared allergens + Dietary restrictions
Cheerios Multigrain,"Cheerios,Nestle",en:gluten,True,False,False,False,False,False,Declared allergens + Dietary restrictions
Cheetos Sticks Palitos,Cheetos,"en:gluten, en:milk",True,True,False,False,False,False,Declared allergens + Dietary restrictions
Pelotazos futebolas,Cheetos,en:milk,False,True,False,False,False,False,Declared allergens + Dietary restrictions
Pelotazos,"Cheetos,PepsiCo",en:milk,False,True,False,False,False,False,Declared allergens + Dietary restrictions
Hummus Classic,Chef Select,en:sesame-seeds,False,False,False,False,False,False,Declared allergens + Dietary restrictions
6111126001858,Chergui,,False,False,False,False,False,False,Dietary restrictions
Brassé abricot mchmach,Chergui,,False,False,False,False,False,False,Dietary restrictions
Chergui Lait,Chergui,en:milk,False,True,False,False,False,False,Declared allergens + Dietary restrictions
Chergui creme fruit de bois,Chergui,en:milk,False,True,False,False,False,False,Declared allergens + Dietary restrictions
Chergui creme 🥭 mangue,Chergui,,False,False,False,False,False,False,Dietary restrictions
Chergui proteine,Chergui,en:milk,False,True,False,False,False,False,Declared allergens + Dietary restrictions
Crème Yaourt Brassé 🍋,Chergui,en:milk,False,True,False,False,False,False,Declared allergens + Dietary restrictions
Daya,Chergui,en:milk,False,True,False,False,False,False,Declared allergens + Dietary restrictions
Daya Ananas Coco,Chergui,en:milk,False,True,False,False,False,False,Declared allergens + Dietary restrictions
Daya fraise sghira,Chergui,en:milk,False,True,False,False,False,False,Declared allergens + Dietary restrictions
Daya mini Avocat,Chergui,,False,False,False,False,False,False,Dietary restrictions
Daya mini ananas,Chergui,en:milk,False,True,False,False,False,False,Declared allergens + Dietary restrictions
Daya mini vani,Chergui,en:milk,False,True,False,False,False,False,Declared allergens + Dietary restrictions
Douceur fromage frais,Chergui,en:milk,False,True,False,False,False,False,Declared allergens + Dietary restrictions
Fawakih,Chergui,,False,False,False,False,False,False,Dietary restrictions
Fawakih mchmach khokh,Chergui,,False,False,False,False,False,False,Dietary restrictions
JBEN CHERGUI,Chergui,en:milk,False,True,False,False,False,False,Declared allergens + Dietary restrictions
Jnane,Chergui,en:milk,False,True,False,False,False,False,Declared allergens + Dietary restrictions
Jnane nature sans sucre,Chergui,en:milk,False,True,False,False,False,False,Declared allergens + Dietary restrictions
Juice,Chergui,en:milk,False,True,False,False,False,False,Declared allergens + Dietary restrictions
Lait Frais 15 jours,Chergui,en:milk,False,True,False,False,False,False,Declared allergens + Dietary restrictions
Leben BELDI,Chergui,en:milk,False,True,False,False,False,False,Declared allergens + Dietary restrictions
Proteines Mangue,Chergui,en:milk,False,True,False,False,False,False,Declared allergens + Dietary restrictions
Raibi grenadine,Chergui,,False,False,False,False,False,False,Dietary restrictions
Raïb,Chergui,en:milk,False,True,False,False,False,False,Declared allergens + Dietary restrictions
Sport,Chergui,"en:gluten, en:milk",True,True,False,False,False,False,Declared allergens + Dietary restrictions
Yaourt Jnane,Chergui,en:milk,False,True,False,False,False,False,Declared allergens + Dietary restrictions
Yaourt au lait de chèvre,Chergui,en:milk,False,True,False,False,False,False,Declared allergens + Dietary restrictions
chergui sghir lait,Chergui,en:milk,False,True,False,False,False,False,Declared allergens + Dietary restrictions
daya vani sghira,Chergui,en:milk,False,True,False,False,False,False,Declared allergens + Dietary restrictions
Greek Yogurt Nonfat Plain,Chobani,"en:milk, en:cultured-nonfat-milk",False,True,False,False,False,False,Declared allergens + Dietary restrictions
Chocolat en poudre,Chocao,,False,False,False,False,False,False,Dietary restrictions
HAZELNUT CHOCOLATE SPREAD,Choco nussa,"en:milk, en:nuts",False,True,True,False,False,False,Declared allergens + Dietary restrictions
Cholula Hot Sauce,Cholula,,False,False,False,False,False,False,Dietary restrictions
Chèvre frais,Chêne d'Argent,en:milk,False,True,False,False,False,False,Declared allergens + Dietary restrictions
Ciel 33cl,Ciel,,False,False,False,False,False,False,Dietary restrictions
Ciel 50cl,Ciel,,False,False,False,False,False,False,Dietary restrictions
Eau de table,Ciel,,False,False,False,False,False,False,Dietary restrictions
Passata verace,Cirio,,False,False,False,False,False,False,Dietary restrictions
Clarks Original Maple Syrup 180Ml,Clarks,en:apple,False,False,False,False,False,False,Declared allergens + Dietary restrictions
Spécial mie Complet,Classic,en:gluten,True,False,False,False,False,False,Declared allergens + Dietary restrictions
Organic tofu imp,Clearspring,en:soybeans,False,False,False,True,False,False,Declared allergens + Dietary restrictions
Crème de marrons de l'Ardèche,Clement Faugier,en:nuts,False,False,True,False,False,False,Declared allergens + Dietary restrictions
Fairtrade Instant Hot Chocolate,Clipper,en:milk,False,True,False,False,False,False,Declared allergens + Dietary restrictions
Clorets,Clorets,,False,False,False,False,False,False,Dietary restrictions
63% fat spread with buttermilk,Clover,en:milk,False,True,False,False,False,False,Declared allergens + Dietary restrictions
Light fat spread,Clover,en:milk,False,True,False,False,False,False,Declared allergens + Dietary restrictions
Club-Mate Original,"Club Mate,Loscher",,False,False,False,False,False,False,Dietary restrictions
Slow-roast tomato sourdough,Co-op,en:gluten,True,False,False,False,False,False,Declared allergens + Dietary restrictions
White Sourdough,Co-op,en:gluten,True,False,False,False,False,False,Declared allergens + Dietary restrictions
Super Seeded Farmhouse,Co-op Irresistible,"en:gluten, en:soybeans",True,False,False,True,False,False,Declared allergens + Dietary restrictions
White Sourdough Toastie Loaf,Co-op Irresistible,en:milk,False,True,False,False,False,False,Declared allergens + Dietary restrictions
Original Taste,"Coca Cola,Coke",,False,False,False,False,False,False,Dietary restrictions
Cappy PULPY,Coca cola,,False,False,False,False,False,False,Dietary restrictions
Original COCA-COLA,Coca cola,,False,False,False,False,False,False,Dietary restrictions
Coca Cola 1.25ltr,Coca-Cola,,False,False,False,False,False,False,Dietary restrictions
Coca Cola Original Taste,Coca-Cola,,False,False,False,False,False,False,Dietary restrictions
Coca cola zero sugar,Coca-Cola,,False,False,False,False,False,False,Dietary restrictions
Coca-Cola,Coca-Cola,,False,False,False,False,False,False,Dietary restrictions
Coca-Cola Original 0.5,Coca-Cola,,False,False,False,False,False,False,Dietary restrictions
Coca-Cola Zero,Coca-Cola,en:phenylalanine,False,False,False,False,False,False,Declared allergens + Dietary restrictions
Coca-Cola Zero Azúcar,Coca-Cola,,False,False,False,False,False,False,Dietary restrictions
Coca-Cola Zero Sugar 25cl,Coca-Cola,fr:e150d,False,False,False,False,False,False,Declared allergens + Dietary restrictions
Coca-Cola goût original,Coca-Cola,,False,False,False,False,False,False,Dietary restrictions
Coca-Cola saveur cerise,Coca-Cola,,False,False,False,False,False,False,Dietary restrictions
Coca-Cola slim 25cl,Coca-Cola,,False,False,False,False,False,False,Dietary restrictions
Coke Zero,Coca-Cola,,False,False,False,False,False,False,Dietary restrictions
Diet Coke,Coca-Cola,,False,False,False,False,False,False,Dietary restrictions
Hawaii,Coca-Cola,,False,False,False,False,False,False,Dietary restrictions
PET 1.25L COCA COLA CHERRY,Coca-Cola,,False,False,False,False,False,False,Dietary restrictions
PET 1.25L COCA ZERO CT SICAFE,Coca-Cola,,False,False,False,False,False,False,Dietary restrictions
PET 1.75L COCA,Coca-Cola,,False,False,False,False,False,False,Dietary restrictions
PET 50CL COCA COLA,Coca-Cola,,False,False,False,False,False,False,Dietary restrictions
Schweppes citron,Coca-Cola,,False,False,False,False,False,False,Dietary restrictions
"coca cola 1,75",Coca-Cola,,False,False,False,False,False,False,Dietary restrictions
Cappy pulpy,Coca-Cola Company,,False,False,False,False,False,False,Dietary restrictions
Coca-Cola Original Taste,Coca-Cola Company,,False,False,False,False,False,False,Dietary restrictions
diet coke 500ml,"Coca-Cola, Diet Coke, The Coca-Cola Company, Tiffin Sandwiches",,False,False,False,False,False,False,Dietary restrictions
Bebida isotónica limón,"Coca-Cola,Aquarius",,False,False,False,False,False,False,Dietary restrictions
Coca-Cola Original,"Coca-Cola,Coca-Cola Company",,False,False,False,False,False,False,Dietary restrictions
Coca-Cola Zero,"Coca-Cola,Coca-Cola Company",,False,False,False,False,False,False,Dietary restrictions
Coca-Cola Original Taste,"Coca-Cola,The Coca-Cola Company",,False,False,False,False,False,False,Dietary restrictions
PET 1.75L COCA COLA® ZÈRO,Coca-Cola®,,False,False,False,False,False,False,Dietary restrictions
Coke Original Taste,Coke,,False,False,False,False,False,False,Dietary restrictions
PET 1.25L C.COLA ZERO,Coke ZÉRO®,,False,False,False,False,False,False,Dietary restrictions
Cola Cao Original,"Cola Cao,Idilia Foods",en:gluten,True,False,False,False,False,False,Declared allergens + Dietary restrictions
ColaCao Cero,"ColaCao,Idilia Foods","en:gluten, en:nuts",True,False,True,False,False,False,Declared allergens + Dietary restrictions
ColaCao Original,"ColaCao,Idilia Foods",en:gluten,True,False,False,False,False,False,Declared allergens + Dietary restrictions
Original,"ColaCao,Idilia Foods","en:gluten, en:nuts",True,False,True,False,False,False,Declared allergens + Dietary restrictions
ColaCao Turbo Instant Cocoa Drink,ColaCaoIdilia Foods,"en:gluten, en:soybeans",True,False,False,True,False,False,Declared allergens + Dietary restrictions
Lait colainord,Colainord,,False,False,False,False,False,False,Dietary restrictions
Colman's Mustard,Colman's,"en:gluten, en:mustard",True,False,False,False,False,False,Declared allergens + Dietary restrictions
Mustard powder imp,"Colman's,Unilever",en:mustard,False,False,False,False,False,False,Declared allergens + Dietary restrictions
Colman's Tartar Sauce,Colmans,en:mustard,False,False,False,False,False,False,Declared allergens + Dietary restrictions
Fusilli Integrali,Combino,en:gluten,True,False,False,False,False,False,Declared allergens + Dietary restrictions
Sauce Tomate Napolitaine,Combino,,False,False,False,False,False,False,Dietary restrictions
Nudeln Spaghetti,"Cometino, Combino",en:gluten,True,False,False,False,False,False,Declared allergens + Dietary restrictions
Breizh Surimi saveur crabe x 10 sachets soit 30 bâtonnets,Compagnie des Pêches Saint-Malo,"en:crustaceans, en:eggs, en:fish, en:gluten",True,False,False,False,True,True,Declared allergens + Dietary restrictions
le Breizh Surimi,Compagnie des Pêches Saint-Malo,"en:crustaceans, en:eggs, en:fish, en:gluten",True,False,False,False,True,True,Declared allergens + Dietary restrictions
Frischei-Waffeln,"Confiserie Firenze, Kuchenzauber Lidl, Kuchenzauber","en:eggs, en:gluten, en:milk",True,True,False,False,True,False,Declared allergens + Dietary restrictions
Conikos fromage,Conikos,,False,False,False,False,False,False,Dietary restrictions
Sardines huile olive,Connetable,en:fish,False,False,False,False,False,True,Declared allergens + Dietary restrictions
Filets de maquereaux au naturel,Connétable,en:fish,False,False,False,False,False,True,Declared allergens + Dietary restrictions
Foie de Morue nature au sel de Guérande 121g Cble,Connétable,"en:fish, en:fish",False,False,False,False,False,True,Declared allergens + Dietary restrictions
Plain Sardines,Connétable,en:fish,False,False,False,False,False,True,Declared allergens + Dietary restrictions
Sardines marinade citron basilic sans huile,Connétable,en:fish,False,False,False,False,False,True,Declared allergens + Dietary restrictions
Sardines à l’huile d’olive,Connétable,en:fish,False,False,False,False,False,True,Declared allergens + Dietary restrictions
Thon Blanc au Naturel,Connétable,en:fish,False,False,False,False,False,True,Declared allergens + Dietary restrictions
Conserverie Parmentier sardines,Conserverie Parmentier,en:fish,False,False,False,False,False,True,Declared allergens + Dietary restrictions
CONTREX eau minérale naturelle,Contrex,,False,False,False,False,False,False,Dietary restrictions
CONTREX eau minérale naturelle 1L,Contrex,,False,False,False,False,False,False,Dietary restrictions
Chocolate For Change Single Origin 85% Cocoa Dark Chocolate,Coop,,False,False,False,False,False,False,Dietary restrictions
Greek Style Natural Yoghurt,Coop,en:milk,False,True,False,False,False,False,Declared allergens + Dietary restrictions
Hand finished seeded sourdough bread,Coop,en:gluten,True,False,False,False,False,False,Declared allergens + Dietary restrictions
White Sourdough Bloomer,Coop,en:gluten,True,False,False,False,False,False,Declared allergens + Dietary restrictions
Luncheon splendida,Copag,en:soybeans,False,False,False,True,False,False,Declared allergens + Dietary restrictions
Baked Beans,Corale,,False,False,False,False,False,False,Dietary restrictions
Corona Extra,Corona,en:gluten,True,False,False,False,False,False,Declared allergens + Dietary restrictions
Huile d'olive vierge extra - Il Biologico,Costa d'Oro,,False,False,False,False,False,False,Dietary restrictions
Salted Butter,Country Life,en:milk,False,True,False,False,False,False,Declared allergens + Dietary restrictions
Spreadable Tub,Country Life,en:milk,False,True,False,False,False,False,Declared allergens + Dietary restrictions
COURMAYEUR Eau Minérale Naturelle 1.50 L,Courmayeur,,False,False,False,False,False,False,Dietary restrictions
Covent garden soup,Covent Garden Soup Co,en:milk,False,True,False,False,False,False,Declared allergens + Dietary restrictions
Salted Butter,Cowbelle,en:milk,False,True,False,False,False,False,Declared allergens + Dietary restrictions
Greek Style Natural Yogurt,Creamfields,en:milk,False,True,False,False,False,False,Declared allergens + Dietary restrictions
Low Fat Cottage Cheese,Creamfields,en:milk,False,True,False,False,False,False,Declared allergens + Dietary restrictions
Soft Cheese,Creamfields,en:milk,False,True,False,False,False,False,Declared allergens + Dietary restrictions
كريميو,Cremio,en:milk,False,True,False,False,False,False,Declared allergens + Dietary restrictions
Mayonnaise à la moutarde de Dijon,Crf,"en:eggs, en:mustard",False,False,False,False,True,False,Declared allergens + Dietary restrictions
CRISTALINE Eau De Source 0.5L,Cristaline,,False,False,False,False,False,False,Dietary restrictions
CRISTALINE Eau De Source 1L,Cristaline,,False,False,False,False,False,False,Dietary restrictions
"CRISTALINE Eau De Source Pétillante 1,5L",Cristaline,,False,False,False,False,False,False,Dietary restrictions
"CRISTALINE Eau de Source Pétillante 0,5L",Cristaline,,False,False,False,False,False,False,Dietary restrictions
Eau De Source,Cristaline,en:none,False,False,False,False,False,False,Declared allergens + Dietary restrictions
& Mollica Black Olive Grissini,Crosta & Mollica,en:gluten,True,False,False,False,False,False,Declared allergens + Dietary restrictions
Black Peppercorn Bolli Italian Crackers,Crosta & Mollica,"en:gluten, en:milk",True,True,False,False,False,False,Declared allergens + Dietary restrictions
Classic Torinesi Breadsticks,Crosta & Mollica,en:gluten,True,False,False,False,False,False,Declared allergens + Dietary restrictions
Fennel Seed Tarallini,Crosta & Mollica,en:gluten,True,False,False,False,False,False,Declared allergens + Dietary restrictions
Fiorentina Sourdough Pizza,Crosta & Mollica,"en:gluten, en:milk",True,True,False,False,False,False,Declared allergens + Dietary restrictions
Margherita Sourdough Pizza,Crosta & Mollica,"en:gluten, en:milk",True,True,False,False,False,False,Declared allergens + Dietary restrictions
Oregano Crostini Italian Bread Bites,Crosta & Mollica,,False,False,False,False,False,False,Dietary restrictions
Organic Piadina 4 Wholeblend Flatbreads with Extra Virgin Olive Oil,Crosta & Mollica,en:gluten,True,False,False,False,False,False,Declared allergens + Dietary restrictions
Pane Pugliese,Crosta & Mollica,,False,False,False,False,False,False,Dietary restrictions
Parmigiano Reggiano & Poppyseed Torinesi Breadsticks,Crosta & Mollica,"en:gluten, en:milk",True,True,False,False,False,False,Declared allergens + Dietary restrictions
Piadina,Crosta & Mollica,en:gluten,True,False,False,False,False,False,Declared allergens + Dietary restrictions
Pizza Base with Tomato Sauce,Crosta & mollica,en:gluten,True,False,False,False,False,False,Declared allergens + Dietary restrictions
Durum Wheat Piadina,Crosta Mollica,en:gluten,True,False,False,False,False,False,Declared allergens + Dietary restrictions
Pizza,Crosta&Mollica,"en:gluten, en:milk",True,True,False,False,False,False,Declared allergens + Dietary restrictions
Barres de céréales fraises et framboises x 6,Crownfield,en:gluten,True,False,False,False,False,False,Declared allergens + Dietary restrictions
Flakes fruit & fibre,Crownfield,"en:apple, en:banana, en:gluten, en:nuts",True,False,True,False,False,False,Declared allergens + Dietary restrictions
"Granola Coconut, Cashew & Almond",Crownfield,"en:gluten, en:nuts",True,False,True,False,False,False,Declared allergens + Dietary restrictions
Hafer Flocken Zart,Crownfield,en:gluten,True,False,False,False,False,False,Declared allergens + Dietary restrictions
High Protein Granola Cranberry & Almond,Crownfield,"en:gluten, en:nuts, en:soybeans",True,False,True,True,False,False,Declared allergens + Dietary restrictions
High Protein Granola Honey & Seed,Crownfield,en:soybeans,False,False,False,True,False,False,Declared allergens + Dietary restrictions
Jemné ovesné vločky,Crownfield,en:gluten,True,False,False,False,False,False,Declared allergens + Dietary restrictions
Low Sugar Granola Original,Crownfield,en:nuts,False,False,True,False,False,False,Declared allergens + Dietary restrictions
Malt wheaties,Crownfield,en:gluten,True,False,False,False,False,False,Declared allergens + Dietary restrictions
Muesli Bars Chocolate,Crownfield,"en:gluten, en:milk, en:peanuts, en:soybeans",True,True,True,True,False,False,Declared allergens + Dietary restrictions
Muesli Crunchy fruits rouges,Crownfield,en:gluten,True,False,False,False,False,False,Declared allergens + Dietary restrictions
Special Flakes Chocolate Noir,Crownfield,"en:gluten, en:milk, en:nuts, en:peanuts",True,True,True,False,False,False,Declared allergens + Dietary restrictions
Special Flakes Classic,Crownfield,"en:gluten, en:pode-conter-vestigios-de-outros-cereais-com-gluten, en:amendoins-e-leite, en:frutos-de-casca-rija",True,False,False,False,False,False,Declared allergens + Dietary restrictions
Swiss Style Muesli,Crownfield,"en:gluten, en:milk, en:nuts",True,True,True,False,False,False,Declared allergens + Dietary restrictions
Tropical Granola,Crownfield,"en:banana, en:nuts, en:sulphur-dioxide-and-sulphites",False,False,True,False,False,False,Declared allergens + Dietary restrictions
Wholegrain Wheat Bixies,Crownfield,en:gluten,True,False,False,False,False,False,Declared allergens + Dietary restrictions
bio organic oat flakes,Crownfield,,False,False,False,False,False,False,Dietary restrictions
bitesize wheat shreds,Crownfield,en:gluten,True,False,False,False,False,False,Declared allergens + Dietary restrictions
premium müsli,Crownfield (Lidl),"en:gluten, en:sulphur-dioxide-and-sulphites",True,False,False,False,False,False,Declared allergens + Dietary restrictions
Corn Flakes,"Crownfield, Lidl","en:gluten, en:milk, en:peanuts",True,True,True,False,False,False,Declared allergens + Dietary restrictions
Crownfield Special Flakes Red Fruit,"Crownfield, Lidl",en:gluten,True,False,False,False,False,False,Declared allergens + Dietary restrictions
Knusper Müsli Schoko,"Crownfield, Lidl","en:gluten, en:milk, de:dinkelweizenmehl",True,True,False,False,False,False,Declared allergens + Dietary restrictions
Muesli Crunchy,"Crownfield, Lidl","en:gluten, en:milk, en:nuts, en:peanuts",True,True,True,False,False,False,Declared allergens + Dietary restrictions
Nougat Bits,"Crownfield, Lidl, Nordgetreide","en:gluten, en:milk, en:nuts, en:peanuts, en:soybeans",True,True,True,True,False,False,Declared allergens + Dietary restrictions
Bio Knusper Müsli Früchte,"Crownfield,Lidl",en:gluten,True,False,False,False,False,False,Declared allergens + Dietary restrictions
Bran Flakes,"Crownfield,Lidl",en:gluten,True,False,False,False,False,False,Declared allergens + Dietary restrictions
Crunchy Muesli Multi Fruit,"Crownfield,Lidl","en:gluten, en:milk, en:peanuts",True,True,True,False,False,False,Declared allergens + Dietary restrictions
Fiocchi di avena integrali,"Crownfield,Lidl",en:gluten,True,False,False,False,False,False,Declared allergens + Dietary restrictions
Muesli 4 nuts,"Crownfield,Lidl","en:gluten, en:milk, en:nuts, en:peanuts",True,True,True,False,False,False,Declared allergens + Dietary restrictions
Muesli Crunchy 0%,"Crownfield,Lidl","en:gluten, es:avena, es:avena",True,False,False,False,False,False,Declared allergens + Dietary restrictions
Traube-Nuss Müsli 68% Vollkorn,"Crownfield,Lidl","en:gluten, en:nuts, en:peanuts",True,False,True,False,False,False,Declared allergens + Dietary restrictions
Müsli Multifrucht,"Crownfield,Lidl,Brüggen","en:gluten, en:nuts, en:peanuts",True,False,True,False,False,False,Declared allergens + Dietary restrictions
Cruesli miel et noisettes,"Cruesli, QUAKER","en:gluten, en:nuts",True,False,True,False,False,False,Declared allergens + Dietary restrictions
Quaker Cruesli Chocolat noisette,"Cruesli,PepsiCo,QUAKER,Quarker","en:gluten, en:milk, en:nuts, en:soybeans",True,True,True,True,False,False,Declared allergens + Dietary restrictions
Purée de Pois Cassés,Créaline,en:milk,False,True,False,False,False,False,Declared allergens + Dietary restrictions
Tomato Passata,Cucina,,False,False,False,False,False,False,Dietary restrictions
Tomato purée,Cucina,,False,False,False,False,False,False,Dietary restrictions
"Cully & sully, Chicken Vegetable Soup",Cully & Sully,"en:celery, en:chicken, en:milk",False,True,False,False,False,False,Declared allergens + Dietary restrictions
Curly cacahuète l'original,"Curly, Intersnack, Vico",en:peanuts,False,False,True,False,False,False,Declared allergens + Dietary restrictions
Curly cacahuete,"Curly, Vico",en:peanuts,False,False,True,False,False,False,Declared allergens + Dietary restrictions
Cuetara Digesta Light 200G Marie Cookies,Cuétara,"en:gluten, en:milk, en:sulphur-dioxide-and-sulphites",True,True,False,False,False,False,Declared allergens + Dietary restrictions
Krit crackers,Cuétara,en:gluten,True,False,False,False,False,False,Declared allergens + Dietary restrictions
Tosta Rica,Cuétara,"en:gluten, en:milk, en:sulphur-dioxide-and-sulphites",True,True,False,False,False,False,Declared allergens + Dietary restrictions
Krit krititas galletas saladas,"Cuétara, Krit","en:gluten, en:sulphur-dioxide-and-sulphites",True,False,False,False,False,False,Declared allergens + Dietary restrictions
Tahini,Cypressa,,False,False,False,False,False,False,Dietary restrictions
Tofu cuisiné pesto et graines de courges,CÉRÉAL BIO,"en:gluten, en:milk, en:nuts, en:soybeans",True,True,True,True,False,False,Declared allergens + Dietary restrictions
Quadro l'original,Cémoi,"en:gluten, en:milk, en:nuts, en:soybeans",True,True,True,True,False,False,Declared allergens + Dietary restrictions
Cuisiné cappelletti,Céréal BIO,"en:gluten, en:milk, en:soybeans",True,True,False,True,False,False,Declared allergens + Dietary restrictions
Galettes Boulgour & Sarrasin à l'Emmental,Céréal BIO,"en:gluten, en:milk",True,True,False,False,False,False,Declared allergens + Dietary restrictions
CROQ'SOJA Curry et Pavot,Céréal Bio,en:soybeans,False,False,False,True,False,False,Declared allergens + Dietary restrictions
Croq' soja à la provencale,Céréal Bio,"en:gluten, en:soybeans, fr:avoine",True,False,False,True,False,False,Declared allergens + Dietary restrictions
Galettes boulghour & épeautre,Céréal Bio,"en:celery, en:gluten",True,False,False,False,False,False,Declared allergens + Dietary restrictions
Galettes boulghour parmesan & tomates confites,Céréal Bio,"en:gluten, en:milk, fr:avoine",True,True,False,False,False,False,Declared allergens + Dietary restrictions
"Lentilles cuisinées, riz & soja",Céréal Bio,"en:gluten, en:soybeans",True,False,False,True,False,False,Declared allergens + Dietary restrictions
Les Galettes Boulgour & Quinoa - Tomate & Paprika,Céréal Bio,"en:gluten, fr:avoine",True,False,False,False,False,False,Declared allergens + Dietary restrictions
Les galettes orge et boulgour au chèvre miel,Céréal Bio,"en:gluten, en:milk, fr:avoine",True,True,False,False,False,False,Declared allergens + Dietary restrictions
Sablés bio chocolat noir intense,Céréal Bio,en:gluten,True,False,False,False,False,False,Declared allergens + Dietary restrictions
Tartines craquantes sarrasin,Céréal Bio,en:gluten,True,False,False,False,False,False,Declared allergens + Dietary restrictions
Galettes millet et boulghour aux champignons,Céréal bio,"en:gluten, fr:avoine",True,False,False,False,False,False,Declared allergens + Dietary restrictions
Tartines Craquantes Multi-Céréales,Céréal bio,"en:gluten, en:milk, en:soybeans",True,True,False,True,False,False,Declared allergens + Dietary restrictions
"Tendres carrés de blé aux aubergine, poivron,  basilic",Céréal bio,en:gluten,True,False,False,False,False,False,Declared allergens + Dietary restrictions
"Ravioli au tofu, tomates, basilic",Céréales bio,"en:celery, en:gluten, en:soybeans",True,False,False,True,False,False,Declared allergens + Dietary restrictions
Sel fin iodé,Cérébos,en:none,False,False,False,False,False,False,Declared allergens + Dietary restrictions
180G C OR NOIR NOISETTE,"Côte D’Or, Mondelez","en:milk, en:nuts, en:soybeans",False,True,True,True,False,False,Declared allergens + Dietary restrictions
180G LT NOISETTE COTE D OR,Côte d'Or,"en:milk, en:nuts, en:soybeans",False,True,True,True,False,False,Declared allergens + Dietary restrictions
Chocolat Bio noir 85%,Côte d'Or,en:milk,False,True,False,False,False,False,Declared allergens + Dietary restrictions
L'original noir,Côte d'Or,"en:milk, en:soybeans",False,True,False,True,False,False,Declared allergens + Dietary restrictions
Noir 86% Extra intense,"Côte d'Or, Mondelēz","en:milk, en:soybeans",False,True,False,True,False,False,Declared allergens + Dietary restrictions
Chocolat noir Bio 70%,"Côte d'Or,Mondelez International",,False,False,False,False,False,False,Dietary restrictions
Noir 70% Intense,"Côte d'Or,Mondelēz","en:milk, en:soybeans",False,True,False,True,False,False,Declared allergens + Dietary restrictions
Mignonnette noir de noir,"Côte d'or,Kraft Foods,Mondelez International","en:milk, en:soybeans",False,True,False,True,False,False,Declared allergens + Dietary restrictions
Noir amandes entières,"Côte d'or,Mondelez","en:milk, en:nuts, en:soybeans",False,True,True,True,False,False,Declared allergens + Dietary restrictions
L'original lait,"Côte d’or,Mondelez","en:milk, en:soybeans",False,True,False,True,False,False,Declared allergens + Dietary restrictions
L'Original noir,"Côté d'Or, Mondelez","en:milk, en:soybeans",False,True,False,True,False,False,Declared allergens + Dietary restrictions
Camembert,Cœur de Lion,en:milk,False,True,False,False,False,False,Declared allergens + Dietary restrictions
Curry de pois chiches aux épices douces d'aucy 380g,D'aucy,en:milk,False,True,False,False,False,False,Declared allergens + Dietary restrictions
Haricots rouges d'aucy 250g,D'aucy,,False,False,False,False,False,False,Dietary restrictions
Lentilles préparées Cultivés en France d'aucy 265g,D'aucy,,False,False,False,False,False,False,Dietary restrictions
Yaourt le nature,"D.P.F.F.,Danone,Danone Produits Frais France",en:milk,False,True,False,False,False,False,Declared allergens + Dietary restrictions
Activia bifidus saveur vanille sans arome artificiel 125 g x 4,DANONE,en:milk,False,True,False,False,False,False,Declared allergens + Dietary restrictions
Velouté,DANONE,,False,False,False,False,False,False,Dietary restrictions
Desperados Original aguardiente,"DESPERADOS, HEINEKEN",en:gluten,True,False,False,False,False,False,Declared allergens + Dietary restrictions
Tofu smoked,DONAU SOJA,en:soybeans,False,False,False,True,False,False,Declared allergens + Dietary restrictions
Organic Crisp Bread,DR KARG'S,"en:gluten, en:milk, en:sesame-seeds",True,True,False,False,False,False,Declared allergens + Dietary restrictions
Formule boost,Daco Bello,"en:nuts, en:soybeans",False,False,True,True,False,False,Declared allergens + Dietary restrictions
Cassonade pure canne,Daddy,,False,False,False,False,False,False,Dietary restrictions
Profil pack pure canne bio kraft daddy 750g,Daddy,,False,False,False,False,False,False,Dietary restrictions
Sucre de Fleur de Coco Bio,Daddy,,False,False,False,False,False,False,Dietary restrictions
Sucre de glace,Daddy,,False,False,False,False,False,False,Dietary restrictions
Sucre en poudre,Daddy,,False,False,False,False,False,False,Dietary restrictions
British Butter Unsalted,Dairy Manor,en:milk,False,True,False,False,False,False,Declared allergens + Dietary restrictions
Краве масло 80.5%,"Dairy Manor, Morning Fresh",en:milk,False,True,False,False,False,False,Declared allergens + Dietary restrictions
Danette chklat,Danette,en:milk,False,True,False,False,False,False,Declared allergens + Dietary restrictions
Panna Cotta,Danette,en:milk,False,True,False,False,False,False,Declared allergens + Dietary restrictions
asiri fraise,Danon,,False,False,False,False,False,False,Dietary restrictions
Actimel,Danone,en:milk,False,True,False,False,False,False,Declared allergens + Dietary restrictions
Activia,Danone,en:milk,False,True,False,False,False,False,Declared allergens + Dietary restrictions
Activia Céréales,Danone,"en:gluten, en:milk",True,True,False,False,False,False,Declared allergens + Dietary restrictions
Activia Rhubarb Yogurt,Danone,en:milk,False,True,False,False,False,False,Declared allergens + Dietary restrictions
Activia selection,Danone,en:milk,False,True,False,False,False,False,Declared allergens + Dietary restrictions
Activia with Real Pieces of Strawberry,Danone,en:milk,False,True,False,False,False,False,Declared allergens + Dietary restrictions
Ain Saiss Eau Minerale Naturelle,Danone,,False,False,False,False,False,False,Dietary restrictions
Ain Saïss,Danone,,False,False,False,False,False,False,Dietary restrictions
Ain saiss,Danone,,False,False,False,False,False,False,Dietary restrictions
Assil vanille,Danone,,False,False,False,False,False,False,Dietary restrictions
Assiri Panaché,Danone,en:milk,False,True,False,False,False,False,Declared allergens + Dietary restrictions
Blédilait Croissance,Danone,en:milk,False,True,False,False,False,False,Declared allergens + Dietary restrictions
Crème caramel,Danone,,False,False,False,False,False,False,Dietary restrictions
DANONE ASSIL BANANE,Danone,,False,False,False,False,False,False,Dietary restrictions
Dan up,Danone,en:milk,False,True,False,False,False,False,Declared allergens + Dietary restrictions
Danao Pèche-Abricot,Danone,en:milk,False,True,False,False,False,False,Declared allergens + Dietary restrictions
Danette,Danone,,False,False,False,False,False,False,Dietary restrictions
Danino,Danone,,False,False,False,False,False,False,Dietary restrictions
Danone (zéro sucre ajouté zéro matière grasse),Danone,,False,False,False,False,False,False,Dietary restrictions
Danone assil saveur coco,Danone,,False,False,False,False,False,False,Dietary restrictions
Danone max,Danone,en:milk,False,True,False,False,False,False,Declared allergens + Dietary restrictions
Danone max red fruit,Danone,en:milk,False,True,False,False,False,False,Declared allergens + Dietary restrictions
Danup fraise,Danone,en:milk,False,True,False,False,False,False,Declared allergens + Dietary restrictions
Gervais le petit suisse,Danone,en:milk,False,True,False,False,False,False,Declared allergens + Dietary restrictions
HIPRO Saveur Vanille,Danone,en:milk,False,True,False,False,False,False,Declared allergens + Dietary restrictions
Hipro,Danone,en:milk,False,True,False,False,False,False,Declared allergens + Dietary restrictions
Hipro façon stracciatella,Danone,en:milk,False,True,False,False,False,False,Declared allergens + Dietary restrictions
Hipro saveur mangue,Danone,en:milk,False,True,False,False,False,False,Declared allergens + Dietary restrictions
Jamila رايبي,Danone,en:milk,False,True,False,False,False,False,Declared allergens + Dietary restrictions
Moufid 7mr,Danone,,False,False,False,False,False,False,Dietary restrictions
SKYR,Danone,en:milk,False,True,False,False,False,False,Declared allergens + Dietary restrictions
Skyr nature,Danone,en:milk,False,True,False,False,False,False,Declared allergens + Dietary restrictions
Skyr nature 0%,Danone,en:milk,False,True,False,False,False,False,Declared allergens + Dietary restrictions
Skyr à Boire Goût Vanille,Danone,en:milk,False,True,False,False,False,False,Declared allergens + Dietary restrictions
Velouté Fraise,Danone,,False,False,False,False,False,False,Dietary restrictions
Velouté Vanille,Danone,en:milk,False,True,False,False,False,False,Declared allergens + Dietary restrictions
Yaourt Nature,Danone,,False,False,False,False,False,False,Dietary restrictions
Yaourt brassé sans sucre,Danone,en:milk,False,True,False,False,False,False,Declared allergens + Dietary restrictions
danone,Danone,en:milk,False,True,False,False,False,False,Declared allergens + Dietary restrictions
double zéro Cerise,Danone,"en:gluten, en:milk",True,True,False,False,False,False,Declared allergens + Dietary restrictions
Danone skyr 140 g x 2 nature,"Danone, Danone of the world",en:milk,False,True,False,False,False,False,Declared allergens + Dietary restrictions
Danone le nature 125 g x 4,"Danone, Danone set plain",en:milk,False,True,False,False,False,False,Declared allergens + Dietary restrictions
50CL EVIAN PLASTIQUE RECYCLE R,"Danone, Evian",,False,False,False,False,False,False,Dietary restrictions
Fjord nature 125 g x 4,"Danone, Fjord, Fjord nature",en:milk,False,True,False,False,False,False,Declared allergens + Dietary restrictions
HiPRO Saveur Coco,"Danone, Hipro",en:milk,False,True,False,False,False,False,Declared allergens + Dietary restrictions
Actimel,"Danone,Actimel",en:milk,False,True,False,False,False,False,Declared allergens + Dietary restrictions
Geröstete Mandel Ohne Zucker,"Danone,Alpro",en:nuts,False,False,True,False,False,False,Declared allergens + Dietary restrictions
Hipro fruit citron,"Danone,Hipro,Hipro spoon",en:milk,False,True,False,False,False,False,Declared allergens + Dietary restrictions
La salvetat,"Danone,La Salvetat",,False,False,False,False,False,False,Dietary restrictions
danonino,Danonino,,False,False,False,False,False,False,Dietary restrictions
Danpak Spreadable Slightly Salted,Danpack,en:milk,False,True,False,False,False,False,Declared allergens + Dietary restrictions
Couscous Moyen,Dari,,False,False,False,False,False,False,Dietary restrictions
Chocolate Negro,Dark Excelente,"en:milk, en:nuts, en:soybeans",False,True,True,True,False,False,Declared allergens + Dietary restrictions
Chocolat Noir 92% cacao,Dark Excellente,"en:milk, en:nuts, en:soybeans",False,True,True,True,False,False,Declared allergens + Dietary restrictions
Crema con avellanas,"Darlet, Ibercacao",,False,False,False,False,False,False,Dietary restrictions
Organic Bread,Dave's Killer Bread,"en:gluten, en:sesame-seeds",True,False,False,False,False,False,Declared allergens + Dietary restrictions
Organic Bread 21 Whole Grains and Seeds,Dave's Killer Bread,en:gluten,True,False,False,False,False,False,Declared allergens + Dietary restrictions
Fusilli No. 34,De Cecco,en:gluten,True,False,False,False,False,False,Declared allergens + Dietary restrictions
Spaghetti n° 12,De Cecco,,False,False,False,False,False,False,Dietary restrictions
Peach Slices in Juices,Del Monte,,False,False,False,False,False,False,Dietary restrictions
Tarama Extra,"Delabli, l'atelier Blini","en:fish, en:gluten, en:milk",True,True,False,False,False,True,Declared allergens + Dietary restrictions
Délichoc Noir,Delacre,"en:eggs, en:gluten, en:milk, en:nuts, en:soybeans",True,True,True,True,True,False,Declared allergens + Dietary restrictions
Delichoc Milk Chocolate Cookies,Delacre y,"en:eggs, en:gluten, en:milk, en:soybeans",True,True,False,True,True,False,Declared allergens + Dietary restrictions
4 Greek Style Flatbreads,Deli Kitchen,"en:gluten, en:milk",True,True,False,False,False,False,Declared allergens + Dietary restrictions
6 carb lite wraps,Deli Kitchen,en:gluten,True,False,False,False,False,False,Declared allergens + Dietary restrictions
Confiture d'abricot,Delicia,,False,False,False,False,False,False,Dietary restrictions
Delicia double concentre de tomates,Delicia,,False,False,False,False,False,False,Dietary restrictions
Double concentre de tomate,Delicia,,False,False,False,False,False,False,Dietary restrictions
Délicia - Confiture d'abricot,Delicia,,False,False,False,False,False,False,Dietary restrictions
Apple & Raisin Oat Bar,Deliciously Ella,,False,False,False,False,False,False,Dietary restrictions
Cacao & Almond Oat Bars,Deliciously Ella,en:nuts,False,False,True,False,False,False,Declared allergens + Dietary restrictions
Cacao & Orange Oat Bars,Deliciously Ella,,False,False,False,False,False,False,Dietary restrictions
Peanut Butter Oat Bar,Deliciously Ella,en:peanuts,False,False,True,False,False,False,Declared allergens + Dietary restrictions
Peanut Butter Oat Bars,Deliciously Ella,en:peanuts,False,False,True,False,False,False,Declared allergens + Dietary restrictions
Colagen sabor limón,Deliplus,,False,False,False,False,False,False,Dietary restrictions
Magnesio + Vitaminas B1 B6 B12 sabor Naranja,Deliplus,,False,False,False,False,False,False,Dietary restrictions
Yaourt Grec 10%MG,Delta,en:milk,False,True,False,False,False,False,Declared allergens + Dietary restrictions
Multigrain Farmhouse,Deluxe,"en:gluten, en:soybeans",True,False,False,True,False,False,Declared allergens + Dietary restrictions
Sourdough Crumpets,Deluxe,en:gluten,True,False,False,False,False,False,Declared allergens + Dietary restrictions
Vegetable chips,Deluxe,,False,False,False,False,False,False,Dietary restrictions
Wholemeal Seeded Farmhouse Loaf,Deluxe,"en:gluten, en:soybeans",True,False,False,True,False,False,Declared allergens + Dietary restrictions
Miel d'Acacia avec Rayon,"Deluxe, Lidl",,False,False,False,False,False,False,Dietary restrictions
British cold pressed rapeseed oil,"Deluxe, Lidl, Lidl Deluxe",,False,False,False,False,False,False,Dietary restrictions
5 Large Traditional Lebanese Flat Bread White,Dina,en:gluten,True,False,False,False,False,False,Declared allergens + Dietary restrictions
Gemüse Brühwürfel,DmBio,,False,False,False,False,False,False,Dietary restrictions
Bio-Erdnussmus,"DmBio,Dm",en:peanuts,False,False,True,False,False,False,Declared allergens + Dietary restrictions
Dolca chocolate negro,"Dolca,Nestlé",,False,False,False,False,False,False,Dietary restrictions
Simon life,Don Simón,,False,False,False,False,False,False,Dietary restrictions
SIMON LIFE,"Don Simón,J. Garcia Carrion",,False,False,False,False,False,False,Dietary restrictions
Limonada natural,"Don Simón,J. García Carrión",,False,False,False,False,False,False,Dietary restrictions
Chilli Heatwave Tortilla Chips,Doritos,"en:gluten, en:soybeans",True,False,False,True,False,False,Declared allergens + Dietary restrictions
Doritos,Doritos,,False,False,False,False,False,False,Dietary restrictions
Doritos Cool Original 180g,Doritos,en:milk,False,True,False,False,False,False,Declared allergens + Dietary restrictions
Doritos goût nature,Doritos,en:gluten,True,False,False,False,False,False,Declared allergens + Dietary restrictions
Doritos cheese,"Doritos,PepsiCo","en:gluten, en:milk",True,True,False,False,False,False,Declared allergens + Dietary restrictions
Honey Granola,Dorset Cereals,"en:gluten, en:nuts",True,False,True,False,False,False,Declared allergens + Dietary restrictions
Nutty Granola,Dorset Cereals,"en:gluten, en:nuts",True,False,True,False,False,False,Declared allergens + Dietary restrictions
Simply Delicious Muesli,Dorset Cereals,"en:gluten, en:nuts",True,False,True,False,False,False,Declared allergens + Dietary restrictions
Simply Fruity muesli,Dorset cereals,"en:gluten, en:sulphur-dioxide-and-sulphites",True,False,False,False,False,False,Declared allergens + Dietary restrictions
Lait U.H.T entier,Dost,en:milk,False,True,False,False,False,False,Declared allergens + Dietary restrictions
Lait UHT Entier,Dost,en:milk,False,True,False,False,False,False,Declared allergens + Dietary restrictions
Yaourt nature sans sucre,Dost,en:milk,False,True,False,False,False,False,Declared allergens + Dietary restrictions
All Natural Avocado Oil Mayo,Dr Wills,"en:eggs, en:mustard",False,False,False,False,True,False,Declared allergens + Dietary restrictions
Protein Knäcke Kürbiskern,Dr. Karg's,"en:gluten, en:sesame-seeds",True,False,False,False,False,False,Declared allergens + Dietary restrictions
Baking Powder,Dr. Oetker,,False,False,False,False,False,False,Dietary restrictions
Ristorante PIZZA TONNO,Dr. Oetker,"en:fish, en:gluten, en:milk, en:soybeans",True,True,False,True,False,True,Declared allergens + Dietary restrictions
Ristorante Pizza Vegetale,Dr. Oetker,"en:gluten, en:milk",True,True,False,False,False,False,Declared allergens + Dietary restrictions
Sticks Bretzels d'Alsace L'original,Dr. Oetker,en:gluten,True,False,False,False,False,False,Declared allergens + Dietary restrictions
Pizza Mozzarella,Dr. Oetker Ristorante,"en:gluten, en:milk",True,True,False,False,False,False,Declared allergens + Dietary restrictions
Sticks et bretzels d'Alsace,"Dr. Oetker, ANCEL",en:gluten,True,False,False,False,False,False,Declared allergens + Dietary restrictions
Bretzels d'Alsace maxi,"Dr. Oetker, Ancel",en:gluten,True,False,False,False,False,False,Declared allergens + Dietary restrictions
Cannelle moulue,"Ducros,McCormick",,False,False,False,False,False,False,Dietary restrictions
Pan de molde integral,Dulcesol,"en:gluten, en:milk, en:nuts",True,True,True,False,False,False,Declared allergens + Dietary restrictions
Pindakaas,Dulcetto,en:peanuts,False,False,True,False,False,False,Declared allergens + Dietary restrictions
"Duval, Sirop De Grenadine 75CL",Duval,,False,False,False,False,False,False,Dietary restrictions
Lait demi-écrémé,DéLisse,en:milk,False,True,False,False,False,False,Declared allergens + Dietary restrictions
Lait demi-écrémé UHT,Délice,en:milk,False,True,False,False,False,False,Declared allergens + Dietary restrictions
Confiture de fraise,Délicia,,False,False,False,False,False,False,Dietary restrictions
Delicia,Délicia,,False,False,False,False,False,False,Dietary restrictions
Double concentré de tomates,Délicia,,False,False,False,False,False,False,Dietary restrictions
Délicia - confiture d'abricot,Délicia,,False,False,False,False,False,False,Dietary restrictions
Fromage blanc 0%,Délisse,en:milk,False,True,False,False,False,False,Declared allergens + Dietary restrictions
"Fromage blanc au lait demi-écrémé, 3% de Mat. Gr.","Délisse, Marque Repère",en:milk,False,True,False,False,False,False,Declared allergens + Dietary restrictions
Lait demi-écrémé,"Délisse, Marque Repère, Scamark (Filiale E. Leclerc)",en:milk,False,True,False,False,False,False,Declared allergens + Dietary restrictions
Confiture de fraises,EL BARAKA,,False,False,False,False,False,False,Dietary restrictions
Les craquantes blé complet,EPI D'OR,"en:gluten, en:milk",True,True,False,False,False,False,Declared allergens + Dietary restrictions
Pérou grand cru Amazonas 70% note de fruits rouges,ETHIQUABLE,,False,False,False,False,False,False,Dietary restrictions
Eyoo cover,EXCELO,"en:gluten, en:milk, en:soybeans",True,True,False,True,False,False,Declared allergens + Dietary restrictions
Crunchy Nut Bars with Peanuts & Chocolate,Eat Natural,"en:peanuts, en:soybeans",False,False,True,True,False,False,Declared allergens + Dietary restrictions
"Low Sugar Granola, Wholegrain Oats, Almonds & Seeds",Eat Natural,"en:gluten, en:nuts",True,False,True,False,False,False,Declared allergens + Dietary restrictions
Protein Peanuts & Dark Chocolate,Eat Natural,"en:peanuts, en:soybeans",False,False,True,True,False,False,Declared allergens + Dietary restrictions
Eat Natural Bar Peanut&Chocolate 45g,"Eat Natural, Handl norway as","en:peanuts, en:soybeans",False,False,True,True,False,False,Declared allergens + Dietary restrictions
Lentil Chips - Sea Salt Flavour,Eat Real,,False,False,False,False,False,False,Dietary restrictions
Veggie Straws,Eat Real,,False,False,False,False,False,False,Dietary restrictions
Lentil chips,Eat real,,False,False,False,False,False,False,Dietary restrictions
Ain Saiss,Eau Minérale,,False,False,False,False,False,False,Dietary restrictions
Ain Atlas,Eau minérale naturelle des Montagnes d'Atlas,,False,False,False,False,False,False,Dietary restrictions
Blé tendre cuisson 10 min Ebly 500 g,Ebly,en:gluten,True,False,False,False,False,False,Declared allergens + Dietary restrictions
L'original,Ebly,en:gluten,True,False,False,False,False,False,Declared allergens + Dietary restrictions
Le blé gourmand,Ebly,en:gluten,True,False,False,False,False,False,Declared allergens + Dietary restrictions
Panzani spaghetti 500g,"Ebro Foods, Panzani",en:gluten,True,False,False,False,False,False,Declared allergens + Dietary restrictions
Eau De Source De Montagne,Eco+ Leclerc eco,,False,False,False,False,False,False,Dietary restrictions
Tartines Craquantes Sarrasin,"Ekibio, Le Pain des Fleurs",,False,False,False,False,False,False,Dietary restrictions
Tartines craquantes au sarrasin,"Ekibio, Le pain des fleurs",,False,False,False,False,False,False,Dietary restrictions
Tartines craquantes au sarrasin imp,"Ekibio,Le pain des Fleurs",,False,False,False,False,False,False,Dietary restrictions
Pain de mie complet,Ekmek,"en:gluten, en:milk",True,True,False,False,False,False,Declared allergens + Dietary restrictions
Confiture De Fraises 430 G,El Baraka,,False,False,False,False,False,False,Dietary restrictions
Confiture de fraise,El Baraka,,False,False,False,False,False,False,Dietary restrictions
Confiture de framboise,El Baraka,,False,False,False,False,False,False,Dietary restrictions
Tortilla con cebolla,"Elaborados Naturales de La Ribera, S.L.",en:eggs,False,False,False,False,True,False,Declared allergens + Dietary restrictions
Beurre à teneur réduite en matières grasses,Elle & Vire,en:milk,False,True,False,False,False,False,Declared allergens + Dietary restrictions
Carré Frais,Elle & Vire,en:milk,False,True,False,False,False,False,Declared allergens + Dietary restrictions
Carré Frais 0% Ail & Fines Herbes,Elle & Vire,en:milk,False,True,False,False,False,False,Declared allergens + Dietary restrictions
La Crème Entière De Normandie 30%MG,Elle & Vire,en:milk,False,True,False,False,False,False,Declared allergens + Dietary restrictions
La Crème Semi-Epaisse Si Légère 4%MG,"Elle & Vire, Elle et Vire",en:milk,False,True,False,False,False,False,Declared allergens + Dietary restrictions
Le Beurre Doux Leger 41%MG Barquette,"Elle & Vire, Savencia",en:milk,False,True,False,False,False,False,Declared allergens + Dietary restrictions
Le Beurre Tendre Demi-Sel Barquette,"Elle & Vire, Savencia",en:milk,False,True,False,False,False,False,Declared allergens + Dietary restrictions
Le Beurre Tendre Doux,"Elle & Vire, Savencia",en:milk,False,True,False,False,False,False,Declared allergens + Dietary restrictions
Le Léger 20%MG Doux Barquette,"Elle & Vire, Savencia",en:milk,False,True,False,False,False,False,Declared allergens + Dietary restrictions
Le Beurre De Condé-Sur-Vire Doux,"Elle & Vire,Savencia",en:milk,False,True,False,False,False,False,Declared allergens + Dietary restrictions
Elle & vire creme fraiche epaisse legere 12%mg poche 328g,Elle & vire,en:milk,False,True,False,False,False,False,Declared allergens + Dietary restrictions
Elle & vire creme fraiche epaisse entiere 30%mg poche 324g,"Elle & vire, Savencia",en:milk,False,True,False,False,False,False,Declared allergens + Dietary restrictions
Carré Frais - Nature,Elle&Vire,en:milk,False,True,False,False,False,False,Declared allergens + Dietary restrictions
Double,Elmlea,"en:milk, en:soybeans",False,True,False,True,False,False,Declared allergens + Dietary restrictions
Musli Oat biscuits (Blueberry),Emco,en:gluten,True,False,False,False,False,False,Declared allergens + Dietary restrictions
Müsli oat biscuits,Emco,en:gluten,True,False,False,False,False,False,Declared allergens + Dietary restrictions
Original Full Fat Soft Cheese,Emporium,en:milk,False,True,False,False,False,False,Declared allergens + Dietary restrictions
Nutritional Yeast Flakes,Engevita,"en:celery, en:milk, en:mustard, en:soybeans, en:sulphur-dioxide-and-sulphites",False,True,False,True,False,False,Declared allergens + Dietary restrictions
L'Emmental Français Extra fin,EntreMont,en:milk,False,True,False,False,False,False,Declared allergens + Dietary restrictions
Comté,Entremont,en:milk,False,True,False,False,False,False,Declared allergens + Dietary restrictions
Emmental Français Sans additif,Entremont,en:milk,False,True,False,False,False,False,Declared allergens + Dietary restrictions
"Fromage blanc 3,2% MG",Envia,en:milk,False,True,False,False,False,False,Declared allergens + Dietary restrictions
Fromage blanc nature,Envia,en:milk,False,True,False,False,False,False,Declared allergens + Dietary restrictions
Lait Entier,Envia,en:milk,False,True,False,False,False,False,Declared allergens + Dietary restrictions
Lait demi ecreme,Envia,en:milk,False,True,False,False,False,False,Declared allergens + Dietary restrictions
Crème dessert chocolat,"Envia, Milbona",en:milk,False,True,False,False,False,False,Declared allergens + Dietary restrictions
Bio Vollkorn Penne Rigante,"Envia, Natur Gut",en:gluten,True,False,False,False,False,False,Declared allergens + Dietary restrictions
Penne,"Erdbeer-Maracuja, MClassic",en:soybeans,False,False,False,True,False,False,Declared allergens + Dietary restrictions
Baked Beans In Tomato Sauce,Essential Waitrose,,False,False,False,False,False,False,Dietary restrictions
Beurre bio cacahuète,Ethiquable,"en:nuts, en:peanuts",False,False,True,False,False,False,Declared allergens + Dietary restrictions
Beurre bio cacahuètes crunchy,Ethiquable,en:peanuts,False,False,True,False,False,False,Declared allergens + Dietary restrictions
Beurre de cacahuètes du Nicaragua,Ethiquable,en:peanuts,False,False,True,False,False,False,Declared allergens + Dietary restrictions
Chocolat noir 80% Équateur intense et floral,Ethiquable,en:kiwi,False,False,False,False,False,False,Declared allergens + Dietary restrictions
Chocolat noir 85% Madagascar,Ethiquable,,False,False,False,False,False,False,Dietary restrictions
Nicaragua grand cru waslala 75%,Ethiquable,,False,False,False,False,False,False,Dietary restrictions
Sucre complet de canne,Ethiquable,en:none,False,False,False,False,False,False,Declared allergens + Dietary restrictions
100% integral,Europastry,en:gluten,True,False,False,False,False,False,Declared allergens + Dietary restrictions
Acqua naturale naturale,"Eurospin, Ginevra",,False,False,False,False,False,False,Dietary restrictions
Porridge Oat,"Everyday essentials,Aldi",en:gluten,True,False,False,False,False,False,Declared allergens + Dietary restrictions
Eau minérale naturelle,Evian,,False,False,False,False,False,False,Dietary restrictions
Evian 75cl PET,Evian,en:none,False,False,False,False,False,False,Declared allergens + Dietary restrictions
"Evian Mineralwasser, PET, 1.5L",Evian,en:none,False,False,False,False,False,False,Declared allergens + Dietary restrictions
B'ono Wafer,Excelo,"en:gluten, en:milk, en:nuts, en:soybeans",True,True,True,True,False,False,Declared allergens + Dietary restrictions
Belépi,Excelo,,False,False,False,False,False,False,Dietary restrictions
Biscotti,Excelo,en:gluten,True,False,False,False,False,False,Declared allergens + Dietary restrictions
Bono,Excelo,,False,False,False,False,False,False,Dietary restrictions
Capri Vanille,Excelo,"en:gluten, en:milk, en:soybeans",True,True,False,True,False,False,Declared allergens + Dietary restrictions
Capri choco,Excelo,"en:gluten, en:milk, en:nuts, en:soybeans",True,True,True,True,False,False,Declared allergens + Dietary restrictions
Chocup,Excelo,"en:gluten, en:milk, en:soybeans",True,True,False,True,False,False,Declared allergens + Dietary restrictions
Chocup milky,Excelo,"en:milk, en:soybeans",False,True,False,True,False,False,Declared allergens + Dietary restrictions
Crak's,Excelo,,False,False,False,False,False,False,Dietary restrictions
Excelo nougat,Excelo,"en:eggs, en:milk, en:soybeans",False,True,False,True,True,False,Declared allergens + Dietary restrictions
Extrem,Excelo,"en:eggs, en:milk, en:peanuts, en:soybeans",False,True,True,True,True,False,Declared allergens + Dietary restrictions
Eyoo choc,Excelo,"en:gluten, en:milk, en:soybeans",True,True,False,True,False,False,Declared allergens + Dietary restrictions
Genova - Double Creme,Excelo,"en:gluten, en:milk, en:nuts, en:soybeans, en:milk",True,True,True,True,False,False,Declared allergens + Dietary restrictions
KING COOKIES,Excelo,,False,False,False,False,False,False,Dietary restrictions
King cookies choco,Excelo,"en:gluten, en:milk, en:soybeans",True,True,False,True,False,False,Declared allergens + Dietary restrictions
Momo black,Excelo,"en:gluten, en:milk, en:soybeans",True,True,False,True,False,False,Declared allergens + Dietary restrictions
Top cookies,Excelo,"en:eggs, en:gluten, en:milk, en:soybeans",True,True,False,True,True,False,Declared allergens + Dietary restrictions
excelo,Excelo,"en:milk, en:nuts, en:soybeans",False,True,True,True,False,False,Declared allergens + Dietary restrictions
eyoo,Excelo,"en:gluten, en:soybeans",True,False,False,True,False,False,Declared allergens + Dietary restrictions
itri choco,Excelo,"en:gluten, en:milk, en:soybeans",True,True,False,True,False,False,Declared allergens + Dietary restrictions
top cookies original,Excelo,"en:gluten, en:milk, en:soybeans",True,True,False,True,False,False,Declared allergens + Dietary restrictions
سيرجيو كبيرة,Excelo,,False,False,False,False,False,False,Dietary restrictions
"K-Exquisa der Sahnige-1,89€/19.8 Frischkäse",Exquisa,en:milk,False,True,False,False,False,False,Declared allergens + Dietary restrictions
Confiture de Fraise,Extra,,False,False,False,False,False,False,Dietary restrictions
Queso rallado parmesano,Extra Sapori d'Italia,en:milk,False,True,False,False,False,False,Declared allergens + Dietary restrictions
Madagascan Dark Chocolate,"Extra Special, Asda Extra Special",,False,False,False,False,False,False,Dietary restrictions
yogo banan,Extralait,en:milk,False,True,False,False,False,False,Declared allergens + Dietary restrictions
Ezekiel 4:9 Flourless Sprouted Grain Bread,Ezekiel 4:9,"en:gluten, en:soybeans",True,False,False,True,False,False,Declared allergens + Dietary restrictions
Natural Fat Free Greek Recipe Strained Yoghurt,FAGE,en:milk,False,True,False,False,False,False,Declared allergens + Dietary restrictions
Total,FAGE,en:milk,False,True,False,False,False,False,Declared allergens + Dietary restrictions
Total 0% Fat Greek Recipe Strained Yoghurt,FAGE,en:milk,False,True,False,False,False,False,Declared allergens + Dietary restrictions
Total 0% Fat Greek Yogurt,FAGE,en:milk,False,True,False,False,False,False,Declared allergens + Dietary restrictions
AMINE,FAMI,,False,False,False,False,False,False,Dietary restrictions
The golden experience,FERRERO ROCHER,"en:gluten, en:milk, en:nuts, en:soybeans",True,True,True,True,False,False,Declared allergens + Dietary restrictions
Finn Crisp,FINN CRISP,en:gluten,True,False,False,False,False,False,Declared allergens + Dietary restrictions
Les Tranches Végé Haricots Blancs,FLEURY MICHON,"en:celery, en:eggs",False,False,False,False,True,False,Declared allergens + Dietary restrictions
BUTTERY,FLORA,,False,False,False,False,False,False,Dietary restrictions
FuzeTea Thé glacé pêche intense,FUZE TEA,,False,False,False,False,False,False,Dietary restrictions
PET 1.25L FUZETEA PECHE HIB,FUZE TEA,,False,False,False,False,False,False,Dietary restrictions
5% Natural Greek Yoghurt,Fage,en:milk,False,True,False,False,False,False,Declared allergens + Dietary restrictions
Bio Vollmilch-Schokolade,Fairglobe,"en:milk, en:soybeans",False,True,False,True,False,False,Declared allergens + Dietary restrictions
Miel de France,Famille Michaud,,False,False,False,False,False,False,Dietary restrictions
Miel,"Family Michaud, lune de miel",,False,False,False,False,False,False,Dietary restrictions
BTE 33CL SLIM FANTA ORANGE,Fanta,,False,False,False,False,False,False,Dietary restrictions
"Fanta 0,5",Fanta,,False,False,False,False,False,False,Dietary restrictions
Fanta orange,Fanta,,False,False,False,False,False,False,Dietary restrictions
Fanta orange 1.5l,Fanta,,False,False,False,False,False,False,Dietary restrictions
Fanta Naranja,"Fanta,Coca-Cola",,False,False,False,False,False,False,Dietary restrictions
fanta Orange 330ml,"Fanta,The Coca-Cola Company,Coca-Cola",,False,False,False,False,False,False,Dietary restrictions
B-ready 6 pièces,Ferrero,"en:gluten, en:milk, en:nuts, en:soybeans",True,True,True,True,False,False,Declared allergens + Dietary restrictions
Ferrero Rocher,Ferrero,"en:gluten, en:milk, en:nuts, en:soybeans",True,True,True,True,False,False,Declared allergens + Dietary restrictions
Ferrero Rocher x 16,Ferrero,"en:gluten, en:milk, en:nuts, en:soybeans",True,True,True,True,False,False,Declared allergens + Dietary restrictions
Ferrero collection,Ferrero,en:soybeans,False,False,False,True,False,False,Declared allergens + Dietary restrictions
Hanuta 10er-Pack,Ferrero,"en:gluten, en:milk, en:nuts, en:soybeans",True,True,True,True,False,False,Declared allergens + Dietary restrictions
Kinder Kinderini,Ferrero,"en:eggs, en:gluten, en:milk, en:nuts, en:soybeans",True,True,True,True,True,False,Declared allergens + Dietary restrictions
Kinder Maxi,Ferrero,"en:milk, en:soybeans",False,True,False,True,False,False,Declared allergens + Dietary restrictions
Mon Cherie,Ferrero,en:soybeans,False,False,False,True,False,False,Declared allergens + Dietary restrictions
Nutella,Ferrero,"en:milk, en:nuts, en:soybeans",False,True,True,True,False,False,Declared allergens + Dietary restrictions
Nutella 600g,Ferrero,"en:milk, en:nuts",False,True,True,False,False,False,Declared allergens + Dietary restrictions
Nutella 950g,Ferrero,"en:milk, en:nuts, en:soybeans",False,True,True,True,False,False,Declared allergens + Dietary restrictions
Pâte à tartiner Nutella noisettes et cacao - 750g,Ferrero,"en:milk, en:nuts, en:soybeans",False,True,True,True,False,False,Declared allergens + Dietary restrictions
Raffaello,Ferrero,"en:gluten, en:milk, en:nuts, en:soybeans",True,True,True,True,False,False,Declared allergens + Dietary restrictions
Raffaello - Confetteria - Kokos & Mandelcreme,Ferrero,"en:milk, en:nuts, en:soybeans",False,True,True,True,False,False,Declared allergens + Dietary restrictions
deko Nutella small,Ferrero,"en:milk, en:nuts, en:soybeans",False,True,True,True,False,False,Declared allergens + Dietary restrictions
Нутела,Ferrero,"en:milk, en:nuts, en:soybeans",False,True,True,True,False,False,Declared allergens + Dietary restrictions
90G FERRERO ROCHER TABLETTE LT,Ferrero Rocher,"en:gluten, en:milk, en:nuts, en:soybeans",True,True,True,True,False,False,Declared allergens + Dietary restrictions
Kinder Riegel Einzelpackung,"Ferrero group,Kinder","en:milk, en:soybeans",False,True,False,True,False,False,Declared allergens + Dietary restrictions
Kinder Maxi,"Ferrero, Kinder, Mixte","en:milk, en:soybeans",False,True,False,True,False,False,Declared allergens + Dietary restrictions
Nutella Hazelnut Spread With Cocoa,"Ferrero, Nutella","en:milk, en:nuts, en:soybeans",False,True,True,True,False,False,Declared allergens + Dietary restrictions
Nutella biscuits fergulf,"Ferrero, Nutella","en:gluten, en:milk, en:nuts, en:soybeans, en:fruits-a-coque, en:lait",True,True,True,True,False,False,Declared allergens + Dietary restrictions
Nutella pâte à tartiner aux noisettes et au cacao,"Ferrero, Nutella","en:milk, en:nuts, en:soybeans",False,True,True,True,False,False,Declared allergens + Dietary restrictions
Biscuits Nutella B-ready x15 gaufrettes fourrées,"Ferrero, Nutella B-ready","en:gluten, en:milk, en:nuts, en:soybeans",True,True,True,True,False,False,Declared allergens + Dietary restrictions
Kinder Cards,"Ferrero,Kinder","en:gluten, en:milk, en:soybeans",True,True,False,True,False,False,Declared allergens + Dietary restrictions
Nutella,"Ferrero,LIDL FERRERO Nutella Nuss-Nugat-Creme","en:milk, en:nuts, en:soybeans, de:fruits-à-coque",False,True,True,True,False,False,Declared allergens + Dietary restrictions
Nutella,"Ferrero,Nutella","en:milk, en:nuts, en:soybeans",False,True,True,True,False,False,Declared allergens + Dietary restrictions
Nutella Plant-Based,"Ferrero,Nutella","en:nuts, en:soybeans",False,False,True,True,False,False,Declared allergens + Dietary restrictions
Nutella B-ready,"Ferrero,Nutella b-ready","en:gluten, en:milk, en:nuts, en:soybeans, en:milk",True,True,True,True,False,False,Declared allergens + Dietary restrictions
nutella,"Ferrero,Nutellagg","en:milk, en:nuts, en:soybeans",False,True,True,True,False,False,Declared allergens + Dietary restrictions
Classic Pesto,Filippo Berio,"en:milk, en:nuts",False,True,True,False,False,False,Declared allergens + Dietary restrictions
Filippo Berio Extra Virgin Olive Oil imp,Filippo Berio,,False,False,False,False,False,False,Dietary restrictions
Balsamic vinegar of Modena,"Filippo Berio,Trevi",en:sulphur-dioxide-and-sulphites,False,False,False,False,False,False,Declared allergens + Dietary restrictions
Dark Chocolate,Fin Carré,en:soybeans,False,False,False,True,False,False,Declared allergens + Dietary restrictions
Milk Chocolate,Fin Carré,"en:gluten, en:milk, en:nuts, en:peanuts, en:soybeans",True,True,True,True,False,False,Declared allergens + Dietary restrictions
Whole Nut Milk Chocolate,Fin Carré,"en:milk, en:nuts, en:soybeans",False,True,True,True,False,False,Declared allergens + Dietary restrictions
Čokoláda na vaření,"Fin Carré, Lidl, Belbake",,False,False,False,False,False,False,Dietary restrictions
Weiße Schokolade,"Fin Carré, lidl, Lidl Fin Carré","en:gluten, en:milk, en:milk",True,True,False,False,False,False,Declared allergens + Dietary restrictions
Extra Dark 85% Cocoa,"Fin Carré,Lidl",,False,False,False,False,False,False,Dietary restrictions
Dunkle Ganze Mandel,"Fin carré, Lidl","en:milk, en:nuts",False,True,True,False,False,False,Declared allergens + Dietary restrictions
Colin d'Alaska MSC - 7 Céréales & Graines,Findus,"en:fish, en:gluten, en:mustard",True,False,False,False,False,True,Declared allergens + Dietary restrictions
Colin d'Alaska MSC façon Fish & Chips,Findus,"en:fish, en:gluten, en:mustard",True,False,False,False,False,True,Declared allergens + Dietary restrictions
Croustibat,Findus,"en:fish, en:gluten",True,False,False,False,False,True,Declared allergens + Dietary restrictions
Epinards hachés à la crème fraîche,Findus,"en:gluten, en:milk",True,True,False,False,False,False,Declared allergens + Dietary restrictions
Fine & Gourmande Noir 70%,"Fine gourmande,Poulain","en:milk, en:soybeans",False,True,False,True,False,False,Declared allergens + Dietary restrictions
Pork Sausages,Finnebrogue,,False,False,False,False,False,False,Dietary restrictions
Finnebrogue Artisan Naked Bacon 6 Smoked Back Bacon Rashers,Finnebrogue Artisan,,False,False,False,False,False,False,Dietary restrictions
Naked Bacon,Finnebrogue Artisan,en:pork,False,False,False,False,False,False,Declared allergens + Dietary restrictions
Peanut Butter,Fiorentini,en:peanuts,False,False,True,False,False,False,Declared allergens + Dietary restrictions
Chocolate Granola,Fitness,en:gluten,True,False,False,False,False,False,Declared allergens + Dietary restrictions
FITNESS CHOC Barres Céréale 6x23.5g,"Fitness,Nestlé","en:gluten, en:milk, en:soybeans",True,True,False,True,False,False,Declared allergens + Dietary restrictions
Sourdough  bagels,Fitzgeralds Sourdough Bagels,en:gluten,True,False,False,False,False,False,Declared allergens + Dietary restrictions
Flahavans Microwave Quick Porridge Oats,Flahavan's,en:gluten,True,False,False,False,False,False,Declared allergens + Dietary restrictions
Irish Organic Jumbo Oats,Flahavan's,,False,False,False,False,False,False,Dietary restrictions
Organic Porridge Oats,Flahavan's,en:gluten,True,False,False,False,False,False,Declared allergens + Dietary restrictions
Flash Wondermint Gum,Flash,en:soybeans,False,False,False,True,False,False,Declared allergens + Dietary restrictions
Aiguillettes de Poulet Rôti,Fleury Michon,,False,False,False,False,False,False,Dietary restrictions
Allumettes de Jambon,Fleury Michon,en:celery,False,False,False,False,False,False,Declared allergens + Dietary restrictions
Blanc de Dinde - Doré au Four,Fleury Michon,en:celery,False,False,False,False,False,False,Declared allergens + Dietary restrictions
Blanc de Poulet,Fleury Michon,en:celery,False,False,False,False,False,False,Declared allergens + Dietary restrictions
Blanc de Poulet  - 25% de Sel*,Fleury Michon,en:celery,False,False,False,False,False,False,Declared allergens + Dietary restrictions
Blanc de poulet 100% filet,Fleury Michon,en:celery,False,False,False,False,False,False,Declared allergens + Dietary restrictions
Blanc de poulet doré au four,Fleury Michon,en:celery,False,False,False,False,False,False,Declared allergens + Dietary restrictions
Emincés de boeuf sauce poivre & pommes de terre,Fleury Michon,"en:gluten, en:milk",True,True,False,False,False,False,Declared allergens + Dietary restrictions
Filet de Saumon Purée de Brocolis,Fleury Michon,"en:fish, en:milk",False,True,False,False,False,True,Declared allergens + Dietary restrictions
Filet de poulet 🐔 rôti,Fleury Michon,en:celery,False,False,False,False,False,False,Declared allergens + Dietary restrictions
Hachis parmentier emmental,Fleury Michon,en:milk,False,True,False,False,False,False,Declared allergens + Dietary restrictions
Jambon Le Supérieur -25% de Sel,Fleury Michon,en:celery,False,False,False,False,False,False,Declared allergens + Dietary restrictions
Jambon Simplement Bio - Conservation sans nitrite,Fleury Michon,,False,False,False,False,False,False,Dietary restrictions
La Moussaka Boeuf & Aubergines avec une touche de menthe douce,Fleury Michon,en:milk,False,True,False,False,False,False,Declared allergens + Dietary restrictions
La Tajine de Boeuf et ses Légumes du Soleil,Fleury Michon,"en:eggs, en:gluten",True,False,False,False,True,False,Declared allergens + Dietary restrictions
Le Chili Con Carne et son riz blanc,Fleury Michon,,False,False,False,False,False,False,Dietary restrictions
Le Filet de Poulet et ses Pommes de Terre à la Sarladaise,Fleury Michon,"en:celery, en:gluten, en:milk",True,True,False,False,False,False,Declared allergens + Dietary restrictions
Le Parmentier de Boeuf Charolais purée à la crème fraîche,Fleury Michon,"en:celery, en:milk",False,True,False,False,False,False,Declared allergens + Dietary restrictions
Le Supérieur - à l'Etouffée - Conservation sans Nitrite,Fleury Michon,en:celery,False,False,False,False,False,False,Declared allergens + Dietary restrictions
Le Supérieur -25% de Sel - Conservation sans Nitrite,Fleury Michon,,False,False,False,False,False,False,Dietary restrictions
Le Tranché Fin - Dégustation - 25% de sel*,Fleury Michon,,False,False,False,False,False,False,Dietary restrictions
Le couscous à la marocaine,Fleury Michon,"en:celery, en:eggs, en:gluten",True,False,False,False,True,False,Declared allergens + Dietary restrictions
Le moelleux,Fleury Michon,"en:crustaceans, en:fish, en:gluten, en:molluscs",True,False,False,False,False,True,Declared allergens + Dietary restrictions
Les Tranches Végé Pois chiches,Fleury Michon,"en:celery, en:eggs",False,False,False,False,True,False,Declared allergens + Dietary restrictions
Les tranches Végé - lentilles corail,Fleury Michon,"en:celery, en:eggs",False,False,False,False,True,False,Declared allergens + Dietary restrictions
Parmentier de Poisson à la Ciboulette,Fleury Michon,"en:fish, en:gluten, en:milk, en:soybeans",True,True,False,True,False,True,Declared allergens + Dietary restrictions
"Parmentier de saumon, sauce ricotta épinards",Fleury Michon,"en:fish, en:milk",False,True,False,False,False,True,Declared allergens + Dietary restrictions
"Risotto poulet & cèpes, crème fraîche, petits oignons",Fleury Michon,"en:gluten, en:milk",True,True,False,False,False,False,Declared allergens + Dietary restrictions
Rôti de Porc - 100 % filet*,Fleury Michon,en:celery,False,False,False,False,False,False,Declared allergens + Dietary restrictions
Rôti de Porc - 25% de sel*,Fleury Michon,,False,False,False,False,False,False,Dietary restrictions
Rôti de Poulet - 100% filet,Fleury Michon,en:celery,False,False,False,False,False,False,Declared allergens + Dietary restrictions
ZERO NITRITE - LE SUPERIEUR,Fleury Michon,,False,False,False,False,False,False,Dietary restrictions
63% fat spread with buttermilk,Flora,en:milk,False,True,False,False,False,False,Declared allergens + Dietary restrictions
Lighter,Flora,,False,False,False,False,False,False,Dietary restrictions
Natural Ingredients Buttery,Flora,,False,False,False,False,False,False,Dietary restrictions
Plant Based Salted Butter,Flora,,False,False,False,False,False,False,Dietary restrictions
"Plant Butter, spreadable",Flora,,False,False,False,False,False,False,Dietary restrictions
Vegan Spread,Flora,,False,False,False,False,False,False,Dietary restrictions
ProActiv Original,Flora Food Group,,False,False,False,False,False,False,Dietary restrictions
proactiv,Flora proactiv,,False,False,False,False,False,False,Dietary restrictions
Margarina flora 400 g,"Flora,Flora Food Group",,False,False,False,False,False,False,Dietary restrictions
Sriracha Sauce,Flying Goose Brand,en:none,False,False,False,False,False,False,Declared allergens + Dietary restrictions
La Buena María Original,"Fontaneda,Mondelez","en:gluten, en:milk, en:soybeans, en:sulphur-dioxide-and-sulphites",True,True,False,True,False,False,Declared allergens + Dietary restrictions
Salted dark chocolate almonds,Forest Feast,"en:nuts, en:soybeans",False,False,True,True,False,False,Declared allergens + Dietary restrictions
Black Beans in Water,Four Seasons,,False,False,False,False,False,False,Dietary restrictions
Chickpeas in Water,Four Seasons,,False,False,False,False,False,False,Dietary restrictions
Mixed Beans,Four Seasons,,False,False,False,False,False,False,Dietary restrictions
Green lentils in water,Four seasons,,False,False,False,False,False,False,Dietary restrictions
eau minérale naturelle,Fourat,,False,False,False,False,False,False,Dietary restrictions
Farine de blé T45,Francine,en:gluten,True,False,False,False,False,False,Declared allergens + Dietary restrictions
Farine de blé complète - T150,Francine,,False,False,False,False,False,False,Dietary restrictions
Fine cut Oxford marmalade,Frank Cooper's,,False,False,False,False,False,False,Dietary restrictions
Organic Chocolate Stars,Freee,,False,False,False,False,False,False,Dietary restrictions
Classic Yellow Mustard,French's,en:mustard,False,False,False,False,False,False,Declared allergens + Dietary restrictions
Ananas en tranches au sirop léger,Freshona,,False,False,False,False,False,False,Dietary restrictions
Coconut Milk,Freshona,,False,False,False,False,False,False,Dietary restrictions
Compote pommes allégée en sucres,Freshona,en:none,False,False,False,False,False,False,Declared allergens + Dietary restrictions
Cornichons Gurken,Freshona,"en:eggs, en:gluten, en:milk, en:mustard, en:soybeans",True,True,False,True,True,False,Declared allergens + Dietary restrictions
Green Lentils in Water,Freshona,,False,False,False,False,False,False,Dietary restrictions
Kokosmilch,Freshona,,False,False,False,False,False,False,Dietary restrictions
Maïs doux croquant Bio,Freshona,,False,False,False,False,False,False,Dietary restrictions
Poivrons grillés,Freshona,,False,False,False,False,False,False,Dietary restrictions
Red Kidney Beans,Freshona,,False,False,False,False,False,False,Dietary restrictions
Sonnenmais natursüß,Freshona,,False,False,False,False,False,False,Dietary restrictions
Weisse Bohnen an Tomatensauce / Haricots blancs à la sauce tomate,Freshona,,False,False,False,False,False,False,Dietary restrictions
Соленые огурцы Augurken Cornichons zoetzuur/aigres-doux,Freshona,en:mustard,False,False,False,False,False,False,Declared allergens + Dietary restrictions
Ananas Stücke,"Freshona, Kirkland, Lidl Freshona, Freshona - Lidl",,False,False,False,False,False,False,Dietary restrictions
coconut milk,"Freshona, Lidl, Vitasia","en:milk, de:metabisulfito-sódico",False,True,False,False,False,False,Declared allergens + Dietary restrictions
Grão-de-bico Chickpeas Lidl,"Freshona,Sol&Mar,Campo Largo",,False,False,False,False,False,False,Dietary restrictions
Purisima,FrieslandCampina,en:milk,False,True,False,False,False,False,Declared allergens + Dietary restrictions
Viva,Fromage,,False,False,False,False,False,False,Dietary restrictions
L’ortolan,"Fromagerie Milleret,L'Ortolan",en:milk,False,True,False,False,False,False,Declared allergens + Dietary restrictions
St Moret Ligne & Plaisir 8%  Minis,"Fromarsac, Savencia, St Moret",en:milk,False,True,False,False,False,False,Declared allergens + Dietary restrictions
L'original tartare ail & fines herbes,"Fromarsac, Savencia, Tartare",en:milk,False,True,False,False,False,False,Declared allergens + Dietary restrictions
FETA AOP GRECQUE,"Fromarsac,Islos,Savencia",en:milk,False,True,False,False,False,False,Declared allergens + Dietary restrictions
Fruit shoot tropical,"Fruit Shoot, Teisseire","en:orange, fr:abricot, fr:citron-vert, fr:mandarine",False,False,False,False,False,False,Declared allergens + Dietary restrictions
Fruit d'Or Oméga 3 Doux - Sans huile de palme - 450g,Fruit d'Or,,False,False,False,False,False,False,Dietary restrictions
ProActiv Margarine Tartine Sans Huile de Palme 450g,"Fruit d'Or ProActiv,ProActiv,ProActiv Expert,pro activ",,False,False,False,False,False,False,Dietary restrictions
Cuire & rôtir,"Fruit d'Or,Becel",,False,False,False,False,False,False,Dietary restrictions
olive spray oil,Fry light,,False,False,False,False,False,False,Dietary restrictions
Frylight Sunflower Oil Spray 190ml,Frylight,,False,False,False,False,False,False,Dietary restrictions
Golden Hills Butter,"Fude   Serrahn Milchprodukte, Lidl, Milbona",en:milk,False,True,False,False,False,False,Declared allergens + Dietary restrictions
Granola,Fuel 10K,en:gluten,True,False,False,False,False,False,Declared allergens + Dietary restrictions
La pâte à tartiner cacao noisette,Funkie,en:nuts,False,False,True,False,False,False,Declared allergens + Dietary restrictions
Pâte à tartiner praliné,Funkie,en:nuts,False,False,True,False,False,False,Declared allergens + Dietary restrictions
Thé noir glacé saveur pêche intense,Fuze Tea,,False,False,False,False,False,False,Dietary restrictions
"Le petit suisse gervais nature 9,5 % 60 g x 12",GERVAIS,en:milk,False,True,False,False,False,False,Declared allergens + Dietary restrictions
Müesli Croustillant Fraise,GOLDEN BRIDGE,en:gluten,True,False,False,False,False,False,Declared allergens + Dietary restrictions
Grainéa granola noix,GRAINÉA,"en:gluten, en:nuts",True,False,True,False,False,False,Declared allergens + Dietary restrictions
Squeezy Honey,GRANDESSA,,False,False,False,False,False,False,Dietary restrictions
Galbani mozzarella - maxi 250g,Galbani,en:milk,False,True,False,False,False,False,Declared allergens + Dietary restrictions
Mascarpone,Galbani,en:milk,False,True,False,False,False,False,Declared allergens + Dietary restrictions
Mozzarella,Galbani,en:milk,False,True,False,False,False,False,Declared allergens + Dietary restrictions
Mozzarella mini,Galbani,"en:milk, de:lait",False,True,False,False,False,False,Declared allergens + Dietary restrictions
Crackers integrales,Galbusera,"en:gluten, en:sesame-seeds",True,False,False,False,False,False,Declared allergens + Dietary restrictions
Più integrali,Galbusera,"en:gluten, en:milk, en:nuts",True,True,True,False,False,False,Declared allergens + Dietary restrictions
Cuor di Cereale,Galletas Gullon,"en:gluten, en:milk",True,True,False,False,False,False,Declared allergens + Dietary restrictions
Caldo casero de pollo,Gallina Blanca,"en:celery, en:eggs",False,False,False,False,True,False,Declared allergens + Dietary restrictions
Carré gourmand Tomates et mozzarella,Garden Gourmet,"en:eggs, en:gluten, en:milk, en:soybeans",True,True,False,True,True,False,Declared allergens + Dietary restrictions
La Panée Soja et Blé,Garden Gourmet,"en:gluten, en:soybeans",True,False,False,True,False,False,Declared allergens + Dietary restrictions
GARDEN GOURMET Nuggets Soja 200g,Garden gourmet,"en:gluten, en:soybeans",True,False,False,True,False,False,Declared allergens + Dietary restrictions
Pavé Gourmand Epinards et Fromage,Garden gourmet,"en:eggs, en:gluten, en:milk",True,True,False,False,True,False,Declared allergens + Dietary restrictions
GARDEN GOURMET Sensational Burger Soja 226g,"Garden gourmet, Herta, Sensational","en:gluten, en:soybeans",True,False,False,True,False,False,Declared allergens + Dietary restrictions
Pizzarella premium,Gastro mixte,en:milk,False,True,False,False,False,False,Declared allergens + Dietary restrictions
Crêpes dentelle - L'authentique,Gavottes,"en:gluten, en:milk, en:soybeans",True,True,False,True,False,False,Declared allergens + Dietary restrictions
Superlevure,Gayelord Hauser,,False,False,False,False,False,False,Dietary restrictions
Geeta's Mango Chutney imp,Geeta’s Foods Ltd,,False,False,False,False,False,False,Dietary restrictions
"Sweet & Salty Nut chocolat noir et mélange de noix, 5 barres de 30 g","General Mills France,Nature valley","en:gluten, en:milk, en:nuts, en:peanuts, en:soybeans",True,True,True,True,False,False,Declared allergens + Dietary restrictions
Crunchy Variety,"General Mills, Nature Valley",,False,False,False,False,False,False,Dietary restrictions
8 Tortillas - Blé nature,"General Mills, Old el Paso",en:gluten,True,False,False,False,False,False,Declared allergens + Dietary restrictions
Crunchy Avoine & Chocolat Noir x 5 x 2 barres de 21 g,"General Mills,Nature Valley","en:gluten, en:soybeans",True,False,False,True,False,False,Declared allergens + Dietary restrictions
Barre amande,Gerblé,"en:gluten, en:nuts",True,False,True,False,False,False,Declared allergens + Dietary restrictions
Biscuit chocolat noir,Gerblé,"en:eggs, en:gluten, en:milk, en:soybeans",True,True,False,True,True,False,Declared allergens + Dietary restrictions
Biscuit chocolat saveur amande,Gerblé,"en:gluten, en:milk, en:nuts, en:soybeans",True,True,True,True,False,False,Declared allergens + Dietary restrictions
Biscuit complet au germe de blé,Gerblé,en:gluten,True,False,False,False,False,False,Declared allergens + Dietary restrictions
Biscuit fondant choco 🍫noir (sans sucres ajoutés),Gerblé,"en:eggs, en:gluten, en:milk, en:soybeans",True,True,False,True,True,False,Declared allergens + Dietary restrictions
Biscuit raisins,Gerblé,en:gluten,True,False,False,False,False,False,Declared allergens + Dietary restrictions
Biscuit soja orange,Gerblé,"en:gluten, en:soybeans",True,False,False,True,False,False,Declared allergens + Dietary restrictions
"Biscuits 3 graines Kasha, Sésame, Pavot",Gerblé,"en:gluten, en:sesame-seeds",True,False,False,False,False,False,Declared allergens + Dietary restrictions
Biscuits Abricot Pistache,Gerblé,"en:gluten, en:nuts",True,False,True,False,False,False,Declared allergens + Dietary restrictions
Biscuits Soja Figue,Gerblé,"en:gluten, en:milk, en:soybeans",True,True,False,True,False,False,Declared allergens + Dietary restrictions
Biscuits caramel épeautre,Gerblé,en:gluten,True,False,False,False,False,False,Declared allergens + Dietary restrictions
Biscuits pavot citron,Gerblé,"en:gluten, en:milk",True,True,False,False,False,False,Declared allergens + Dietary restrictions
Campagnard Sans gluten et sans lactose,Gerblé,en:milk,False,True,False,False,False,False,Declared allergens + Dietary restrictions
Complet au sarrasin,Gerblé,en:soybeans,False,False,False,True,False,False,Declared allergens + Dietary restrictions
Cookie Chocolat saveur noisette Sans sucres,Gerblé,"en:gluten, en:nuts",True,False,True,False,False,False,Declared allergens + Dietary restrictions
Cookie🍪 cacao pépites Sans Sucre,Gerblé,en:gluten,True,False,False,False,False,False,Declared allergens + Dietary restrictions
Cranberry saveur amande,Gerblé,en:gluten,True,False,False,False,False,False,Declared allergens + Dietary restrictions
Crousti'Son Miel 🍯🐝Sésame,Gerblé,"en:eggs, en:gluten, en:lupin, en:milk, en:nuts, en:sesame-seeds, en:soybeans",True,True,True,True,True,False,Declared allergens + Dietary restrictions
Figue & son,Gerblé,en:gluten,True,False,False,False,False,False,Declared allergens + Dietary restrictions
Fourré Cacao sans sucres,Gerblé,"en:eggs, en:gluten, en:milk, en:soybeans, en:ble, en:lait, en:oeuf",True,True,False,True,True,False,Declared allergens + Dietary restrictions
Fourré FIGUES,Gerblé,en:gluten,True,False,False,False,False,False,Declared allergens + Dietary restrictions
Fraise,Gerblé,en:gluten,True,False,False,False,False,False,Declared allergens + Dietary restrictions
"Gerblé - Choco Hazelnut Filled Cake, 200g (7.1oz)",Gerblé,"en:eggs, en:gluten, en:milk, en:nuts, en:soybeans",True,True,True,True,True,False,Declared allergens + Dietary restrictions
"Gerblé - Sablés sans sucres saveur citron et Yuzu, 132g (4.7oz)",Gerblé,en:gluten,True,False,False,False,False,False,Declared allergens + Dietary restrictions
"Gerblé - Sesame Chocolate Cookie, 200g (7.1oz)",Gerblé,"en:gluten, en:milk, en:sesame-seeds, en:soybeans",True,True,False,True,False,False,Declared allergens + Dietary restrictions
Gerblé cacao céréales,Gerblé,"en:gluten, en:lupin, en:milk, en:nuts, en:sesame-seeds, en:soybeans",True,True,True,True,False,False,Declared allergens + Dietary restrictions
Germe de blé,Gerblé,en:gluten,True,False,False,False,False,False,Declared allergens + Dietary restrictions
Gingembre saveur citron 🍋,Gerblé,en:gluten,True,False,False,False,False,False,Declared allergens + Dietary restrictions
Goûter 4S Saveur pommes,Gerblé,"en:gluten, en:milk",True,True,False,False,False,False,Declared allergens + Dietary restrictions
Goûter aux raisins,Gerblé,"en:gluten, en:milk, en:soybeans",True,True,False,True,False,False,Declared allergens + Dietary restrictions
Goûter aux écorces confites,Gerblé,"en:eggs, en:gluten, en:lupin, en:milk, en:nuts, en:sesame-seeds, en:soybeans",True,True,True,True,True,False,Declared allergens + Dietary restrictions
Goûter pépites de chocolat,Gerblé,"en:gluten, en:milk, en:soybeans",True,True,False,True,False,False,Declared allergens + Dietary restrictions
Levure de bière,Gerblé,en:gluten,True,False,False,False,False,False,Declared allergens + Dietary restrictions
Matin Chocolat,Gerblé,"en:gluten, en:soybeans",True,False,False,True,False,False,Declared allergens + Dietary restrictions
Matin Miel,Gerblé,en:gluten,True,False,False,False,False,False,Declared allergens + Dietary restrictions
Moelleux chocolat noix,Gerblé,"en:gluten, en:milk, en:nuts, en:soybeans, fr:avoine, fr:avoine",True,True,True,True,False,False,Declared allergens + Dietary restrictions
Pain campagnard Gerblé sans gluten,Gerblé,,False,False,False,False,False,False,Dietary restrictions
Petit déjeuner fruits rouges,Gerblé,en:gluten,True,False,False,False,False,False,Declared allergens + Dietary restrictions
Pomme 🍏 🍎 Noisette🥜,Gerblé,"en:gluten, en:nuts",True,False,True,False,False,False,Declared allergens + Dietary restrictions
Sablé Nature sans sucres,Gerblé,en:gluten,True,False,False,False,False,False,Declared allergens + Dietary restrictions
Sablé saveur COCO,Gerblé,en:gluten,True,False,False,False,False,False,Declared allergens + Dietary restrictions
Sablés Myrtilles Germes de riz,Gerblé,"en:gluten, en:milk",True,True,False,False,False,False,Declared allergens + Dietary restrictions
Sélégerme,Gerblé,en:gluten,True,False,False,False,False,False,Declared allergens + Dietary restrictions
Sésame,Gerblé,"en:gluten, en:sesame-seeds",True,False,False,False,False,False,Declared allergens + Dietary restrictions
moelleux pépites de chocolat,Gerblé,"en:eggs, en:gluten, en:soybeans",True,False,False,True,True,False,Declared allergens + Dietary restrictions
sablé sésame saveur vanille  - Gerblé sans sucres,Gerblé,"en:gluten, en:sesame-seeds",True,False,False,False,False,False,Declared allergens + Dietary restrictions
"Gerblé - Organic Muesli Fig Apricot Spelt Cookie, 132g (4.7oz)",Gerblé Bio,en:gluten,True,False,False,False,False,False,Declared allergens + Dietary restrictions
Biscuits Petit déj Bio Céréales Miel,"Gerblé, Gerblé Bio","en:gluten, en:lupin, en:milk, en:nuts, en:soybeans",True,True,True,True,False,False,Declared allergens + Dietary restrictions
Biscuits à l'orange Orange et au graines de Chia,"Gerblé, Gerblé Bio",en:gluten,True,False,False,False,False,False,Declared allergens + Dietary restrictions
Sablés Pavot Coco,"Gerblé, Gerblé Bio",en:gluten,True,False,False,False,False,False,Declared allergens + Dietary restrictions
Biscuit lait chocolat,"Gerblé,Gerblé Vitalité,Nutrition & Santé","en:gluten, en:milk, en:soybeans",True,True,False,True,False,False,Declared allergens + Dietary restrictions
Biscuit saveur vanille citron,"Gerlinéa, Ma Pause Gerlinéa","en:gluten, en:milk",True,True,False,False,False,False,Declared allergens + Dietary restrictions
Gervais fromage à la créme,Gervais,,False,False,False,False,False,False,Dietary restrictions
Hüttenkäse Original,Gervais,en:milk,False,True,False,False,False,False,Declared allergens + Dietary restrictions
Gervita nature,Gervita,en:milk,False,True,False,False,False,False,Declared allergens + Dietary restrictions
Ghayt Eau de Table,Ghayt,,False,False,False,False,False,False,Dietary restrictions
Belvoir Farm Ginger Cordial,Ginger Cordial,,False,False,False,False,False,False,Dietary restrictions
Cappelletti Jambon Cru,"Giovanni Rana, Rana","en:eggs, en:gluten, en:milk",True,True,False,False,True,False,Declared allergens + Dietary restrictions
Tortellini ricotta & épinards,"Giovanni Rana, Rana","en:eggs, en:gluten, en:milk",True,True,False,False,True,False,Declared allergens + Dietary restrictions
Mikado chocolat au lait,"Glico, LUMondelez, Mikado","en:gluten, en:milk, en:soybeans",True,True,False,True,False,False,Declared allergens + Dietary restrictions
Fruit Slices APPLE,Go Ahead,"en:gluten, en:milk",True,True,False,False,False,False,Declared allergens + Dietary restrictions
Sriracha Sauce Hot Chilli Sauce,Go-Tan,,False,False,False,False,False,False,Dietary restrictions
Mais,Golden,,False,False,False,False,False,False,Dietary restrictions
Super Seeds Salad Topper,Good 4U,en:soybeans,False,False,False,True,False,False,Declared allergens + Dietary restrictions
Moroccan Spiced Falafel,Gosh,,False,False,False,False,False,False,Dietary restrictions
Mediterranean Falafel,Gosh!,,False,False,False,False,False,False,Dietary restrictions
"sweet potato pakora with red pepper, cumin and chilli",Gosh!,,False,False,False,False,False,False,Dietary restrictions
Tortilla Wraps Vollkorn,Grafschafter,en:gluten,True,False,False,False,False,False,Declared allergens + Dietary restrictions
Goldsaft,"Grafschafter,Grafschafter Krautfabrik",,False,False,False,False,False,False,Dietary restrictions
KEFIR YOGURT Passion Fruit Mango and Papaya,Graham's,en:milk,False,True,False,False,False,False,Declared allergens + Dietary restrictions
Kefir Yogurt,Graham’s,en:milk,False,True,False,False,False,False,Declared allergens + Dietary restrictions
Muesli pépites croustillantes chocolat-noissette réduit en sucre,Grainea,"en:gluten, en:milk, en:nuts, fr:avoine",True,True,True,False,False,False,Declared allergens + Dietary restrictions
Gran Cereale Cioccolato,Gran Cereale,"en:gluten, en:milk, en:nuts, en:soybeans",True,True,True,True,False,False,Declared allergens + Dietary restrictions
"Gran Cereale classico, Fiocchi d avena, farrone orzo",Gran Cereale,en:gluten,True,False,False,False,False,False,Declared allergens + Dietary restrictions
Gran cereale croccante con riso,Gran cereale,"en:gluten, en:soybeans, it:avena",True,False,False,True,False,False,Declared allergens + Dietary restrictions
Beurre demi sel aux cristaux de Sel de Mer de Noirmoutier,Grand Fermage,en:milk,False,True,False,False,False,False,Declared allergens + Dietary restrictions
Beurre plaquette AOP doux,Grand Fermage,en:milk,False,True,False,False,False,False,Declared allergens + Dietary restrictions
Crunchy Peanut Butter,Grandessa,en:peanuts,False,False,True,False,False,False,Declared allergens + Dietary restrictions
Honey,Grandessa,,False,False,False,False,False,False,Dietary restrictions
Mighty Yeast Extract with added vitamins,Grandessa,,False,False,False,False,False,False,Dietary restrictions
Familial,Grand’mère,,False,False,False,False,False,False,Dietary restrictions
Granola L'original Gros éclats de chocolat,"Granola,LU,Mondelez","en:gluten, en:milk, en:soybeans",True,True,False,True,False,False,Declared allergens + Dietary restrictions
Cherry Bakewell Oat Boosts,Graze,"en:gluten, en:nuts, en:soybeans",True,False,True,True,False,False,Declared allergens + Dietary restrictions
Honey Roast Crunch,Graze,en:gluten,True,False,False,False,False,False,Declared allergens + Dietary restrictions
Peanut butter bars,Graze,"en:gluten, en:peanuts, en:soybeans",True,False,True,True,False,False,Declared allergens + Dietary restrictions
Ginger 60% Cocoa Bar,Green & Black's,en:soybeans,False,False,False,True,False,False,Declared allergens + Dietary restrictions
Organic 70% Dark Chocolate Bar,Green & Black's,,False,False,False,False,False,False,Dietary restrictions
Organic Milk Chocolate,Green & Black's,"en:milk, en:soybeans",False,True,False,True,False,False,Declared allergens + Dietary restrictions
Cocoa Powder,Green & Blacks,,False,False,False,False,False,False,Dietary restrictions
Green & Blacks Smooth Mint,Green & Blacks,en:soybeans,False,False,False,True,False,False,Declared allergens + Dietary restrictions
Dark chocolate,Green and black,,False,False,False,False,False,False,Dietary restrictions
Green Giant Sweetcorn,Green giant,,False,False,False,False,False,False,Dietary restrictions
Grenade Oreo,Grenade,"en:gluten, en:milk, en:soybeans",True,True,False,True,False,False,Declared allergens + Dietary restrictions
Grimbergen Blonde,"Grimbergen, Grimbergen Blonde",en:gluten,True,False,False,False,False,False,Declared allergens + Dietary restrictions
Wraps Multigrains,"Gruma,Mission Wrap",en:gluten,True,False,False,False,False,False,Declared allergens + Dietary restrictions
Guedila,Guedila,,False,False,False,False,False,False,Dietary restrictions
"Gullon Cuordi Cereale Tradizionale, Alto Contenuto Di Fibra",Gullon,"en:gluten, en:soybeans",True,False,False,True,False,False,Declared allergens + Dietary restrictions
Barquillos Chocolate Zero sin azúcares,Gullón,"en:gluten, en:milk, en:soybeans",True,True,False,True,False,False,Declared allergens + Dietary restrictions
Biscuits Mega Duo imp,Gullón,"en:gluten, en:milk, en:soybeans",True,True,False,True,False,False,Declared allergens + Dietary restrictions
Chip Choco Zero Sin Azúcares,Gullón,"en:gluten, en:soybeans",True,False,False,True,False,False,Declared allergens + Dietary restrictions
Cookies sin glúten sin azúcares añadidos,Gullón,en:soybeans,False,False,False,True,False,False,Declared allergens + Dietary restrictions
Cuor di cereale cioccolato,Gullón,"en:gluten, en:milk, en:soybeans",True,True,False,True,False,False,Declared allergens + Dietary restrictions
Digestive Avena,Gullón,en:gluten,True,False,False,False,False,False,Declared allergens + Dietary restrictions
Digestive Avena Naranja,Gullón,en:gluten,True,False,False,False,False,False,Declared allergens + Dietary restrictions
Digestive Choco,Gullón,"en:gluten, en:milk",True,True,False,False,False,False,Declared allergens + Dietary restrictions
Digestive Muesli,Gullón,"en:gluten, en:soybeans",True,False,False,True,False,False,Declared allergens + Dietary restrictions
Digestive sin azúcares,Gullón,"en:gluten, en:soybeans",True,False,False,True,False,False,Declared allergens + Dietary restrictions
Digestive zero sin azúcares,Gullón,en:gluten,True,False,False,False,False,False,Declared allergens + Dietary restrictions
GLuTEN FREE Sandwich Chocolate,Gullón,"en:gluten, en:soybeans",True,False,False,True,False,False,Declared allergens + Dietary restrictions
Galleta María,Gullón,"en:gluten, en:soybeans, en:sulphur-dioxide-and-sulphites",True,False,False,True,False,False,Declared allergens + Dietary restrictions
Galleta dorada,Gullón,"en:gluten, en:milk, en:sesame-seeds, en:soybeans",True,True,False,True,False,False,Declared allergens + Dietary restrictions
Galleta ligera sin sal y sin azúcar,Gullón,"en:gluten, en:sesame-seeds, en:soybeans",True,False,False,True,False,False,Declared allergens + Dietary restrictions
Galletas Desayuno Zero Sin Azúcares,Gullón,"en:gluten, en:milk, en:soybeans",True,True,False,True,False,False,Declared allergens + Dietary restrictions
Galletas fibra zero azúcares,Gullón,"en:gluten, en:soybeans",True,False,False,True,False,False,Declared allergens + Dietary restrictions
Gullon zero Snack Choco,Gullón,,False,False,False,False,False,False,Dietary restrictions
Mini Bites Quinoa & Chía,Gullón,"en:gluten, en:sulphur-dioxide-and-sulphites",True,False,False,False,False,False,Declared allergens + Dietary restrictions
Mini cracker!,Gullón,en:gluten,True,False,False,False,False,False,Declared allergens + Dietary restrictions
Mini mix,Gullón,en:gluten,True,False,False,False,False,False,Declared allergens + Dietary restrictions
Ronditas 32% Chocolate,Gullón,"en:gluten, en:milk, en:soybeans",True,True,False,True,False,False,Declared allergens + Dietary restrictions
Sandwich Zero Sin Azúcares,Gullón,"en:gluten, en:milk, en:soybeans, en:sulphur-dioxide-and-sulphites",True,True,False,True,False,False,Declared allergens + Dietary restrictions
gullon zero wafer vanilla,Gullón,,False,False,False,False,False,False,Dietary restrictions
Maispops,Gusto,,False,False,False,False,False,False,Dietary restrictions
Pufuleti,Gusto,,False,False,False,False,False,False,Dietary restrictions
Chocolate negro 85%,HACENDADO,,False,False,False,False,False,False,Dietary restrictions
Chocolate negro 99% cacao,HACENDADO,,False,False,False,False,False,False,Dietary restrictions
FRITADA PISTO,HACENDADO,,False,False,False,False,False,False,Dietary restrictions
Ketchup Zero,HACENDADO,,False,False,False,False,False,False,Dietary restrictions
MOZZARELLA PIZZA-ROMA,HACENDADO,en:milk,False,True,False,False,False,False,Declared allergens + Dietary restrictions
Pan de Molde Semillas & Pipas,HACENDADO,en:gluten,True,False,False,False,False,False,Declared allergens + Dietary restrictions
TRIGO ESPELTA,HACENDADO,"en:gluten, en:milk, en:soybeans",True,True,False,True,False,False,Declared allergens + Dietary restrictions
Yogur Proteínas Arándanos 0%,HACENDADO,en:milk,False,True,False,False,False,False,Declared allergens + Dietary restrictions
Yogur griego natural,HACENDADO,en:milk,False,True,False,False,False,False,Declared allergens + Dietary restrictions
tomate frito receta artesana,HACENDADO,,False,False,False,False,False,False,Dietary restrictions
Gnocchi,"HACENDADO,Il Pastaio di Brescia",en:gluten,True,False,False,False,False,False,Declared allergens + Dietary restrictions
Merguez Végétal,HAPPYVORE,"en:celery, en:gluten",True,False,False,False,False,False,Declared allergens + Dietary restrictions
Steaks de pois,HARi&CO,en:gluten,True,False,False,False,False,False,Declared allergens + Dietary restrictions
Hawai Tropical,HAWAI,,False,False,False,False,False,False,Dietary restrictions
SIMPLY CHICKEN 10 CHIPOLATAS,HECK,,False,False,False,False,False,False,Dietary restrictions
Dark Chocolate 85% Cocoa,HEIDI,en:soybeans,False,False,False,True,False,False,Declared allergens + Dietary restrictions
5 rodzajów fasoli w sosie pomidorowym,HEINZ,,False,False,False,False,False,False,Dietary restrictions
BEANZ In a rich tomato sauce,HEINZ,,False,False,False,False,False,False,Dietary restrictions
BEANZ In a rich tomato sauce NO ADDED SUGAR,HEINZ,,False,False,False,False,False,False,Dietary restrictions
"Ketchup zéro sel ajouré, 70% moins de sucres",HEINZ,en:celery,False,False,False,False,False,False,Declared allergens + Dietary restrictions
ENHANCED PROTEIN POWDER,HERBALIFE 24,,False,False,False,False,False,False,Dietary restrictions
HERTA TARTE EN OR Pâte Feuilletée sans huile de palme 230g,HERTA,"en:gluten, en:milk",True,True,False,False,False,False,Declared allergens + Dietary restrictions
HERTA LE BON PARIS Jambon sel réduit sans nitrite x4-140g,"HERTA, Le Bon Paris",,False,False,False,False,False,False,Dietary restrictions
HERTA LE BON PARIS Jambon sel réduit x4 - 140g,"HERTA, Le Bon Paris",,False,False,False,False,False,False,Dietary restrictions
HERTA LE BON PARIS Jambon à l'étouffée sans nitrite x6 -210g,"HERTA, Le Bon Paris",,False,False,False,False,False,False,Dietary restrictions
HERTA LE BON PARIS Jambon à l'étouffée x4 -170g,"HERTA, Le Bon Paris",,False,False,False,False,False,False,Dietary restrictions
HERTA LE BON PARIS Jambon à l'étouffée x6 -255g,"HERTA, Le Bon Paris",,False,False,False,False,False,False,Dietary restrictions
HERTA TARTE EN OR Pâte Feuilletée 230g,"HERTA, Tarte en or",en:gluten,True,False,False,False,False,False,Declared allergens + Dietary restrictions
HERTA Trésor de Grand Mère pâte feuilletée pur beurre 280g,"HERTA, Trésor de Grand Mère","en:gluten, en:milk",True,True,False,False,False,False,Declared allergens + Dietary restrictions
HP Sauce,HP,en:gluten,True,False,False,False,False,False,Declared allergens + Dietary restrictions
Original HP Sauce,HP Foods,en:gluten,True,False,False,False,False,False,Declared allergens + Dietary restrictions
HP the Original Brown Sauce,HP Sauce,en:gluten,True,False,False,False,False,False,Declared allergens + Dietary restrictions
10 Tortillas Trigo,Hacendado,en:gluten,True,False,False,False,False,False,Declared allergens + Dietary restrictions
100% Integral Familiar,Hacendado,en:gluten,True,False,False,False,False,False,Declared allergens + Dietary restrictions
Aceite de coco virgen,Hacendado,,False,False,False,False,False,False,Dietary restrictions
Almendra natural,Hacendado,en:nuts,False,False,True,False,False,False,Declared allergens + Dietary restrictions
Almendra sin piel,Hacendado,en:nuts,False,False,True,False,False,False,Declared allergens + Dietary restrictions
Anacardo natural,Hacendado,en:nuts,False,False,True,False,False,False,Declared allergens + Dietary restrictions
Atún Claro en Aceite de Girasol,Hacendado,"en:fish, en:fish",False,False,False,False,False,True,Declared allergens + Dietary restrictions
Atún claro al natural,Hacendado,en:fish,False,False,False,False,False,True,Declared allergens + Dietary restrictions
Atún claro en aceite de oliva,Hacendado,en:fish,False,False,False,False,False,True,Declared allergens + Dietary restrictions
Avena Crunchy Cacao,Hacendado,"en:gluten, es:avena, es:avena",True,False,False,False,False,False,Declared allergens + Dietary restrictions
Avena crunchy,Hacendado,en:gluten,True,False,False,False,False,False,Declared allergens + Dietary restrictions
Barritas de Espelta Sabor Manzana 0%,Hacendado,"en:gluten, en:soybeans",True,False,False,True,False,False,Declared allergens + Dietary restrictions
Barritas de avena chocolate negro,Hacendado,,False,False,False,False,False,False,Dietary restrictions
Barritas muesli chocolate,Hacendado,"en:gluten, en:milk, en:soybeans",True,True,False,True,False,False,Declared allergens + Dietary restrictions
Bebida Choco Avena,Hacendado,"en:gluten, es:puede-contener-trazas-de-frutos-de-cascara-y-o-de-soja, es:avena",True,False,False,False,False,False,Declared allergens + Dietary restrictions
Bebida de Almendras Enriquecida con Calcio,Hacendado,"en:nuts, en:soybeans",False,False,True,True,False,False,Declared allergens + Dietary restrictions
Bebida de Avena Calcio y Vitaminas,Hacendado,,False,False,False,False,False,False,Dietary restrictions
Bebida de Coco & Arroz,Hacendado,,False,False,False,False,False,False,Dietary restrictions
Bebida de Soja,Hacendado,en:soybeans,False,False,False,True,False,False,Declared allergens + Dietary restrictions
Bebida de Soja UHT,Hacendado,en:soybeans,False,False,False,True,False,False,Declared allergens + Dietary restrictions
Bebida de almendra 0% azúcares,Hacendado,en:nuts,False,False,True,False,False,False,Declared allergens + Dietary restrictions
Bebida de arroz y avellana,Hacendado,en:nuts,False,False,True,False,False,False,Declared allergens + Dietary restrictions
Bebida de avena 0% azúcar,Hacendado,en:gluten,True,False,False,False,False,False,Declared allergens + Dietary restrictions
Bebida de soja vainilla 0%,Hacendado,en:soybeans,False,False,False,True,False,False,Declared allergens + Dietary restrictions
Burger rústico,Hacendado,en:gluten,True,False,False,False,False,False,Declared allergens + Dietary restrictions
Caldo de pollo,Hacendado,en:celery,False,False,False,False,False,False,Declared allergens + Dietary restrictions
Caldo de verduras,Hacendado,en:celery,False,False,False,False,False,False,Declared allergens + Dietary restrictions
Cereal Mix,Hacendado,en:gluten,True,False,False,False,False,False,Declared allergens + Dietary restrictions
Cereales de chocolate y avellana,Hacendado,"en:gluten, en:milk, en:nuts, en:soybeans",True,True,True,True,False,False,Declared allergens + Dietary restrictions
Cereales rellenos de crema de cacao y avellana sin gluten,Hacendado,"en:milk, en:nuts",False,True,True,False,False,False,Declared allergens + Dietary restrictions
Cereales rellenos de leche,Hacendado,"en:gluten, en:milk, es:avena, es:avena",True,True,False,False,False,False,Declared allergens + Dietary restrictions
Chocodays,Hacendado,en:gluten,True,False,False,False,False,False,Declared allergens + Dietary restrictions
Chocolate negro 0% azúcares añadidos 85% cacao,Hacendado,,False,False,False,False,False,False,Dietary restrictions
Chocolate negro 85% cacao,Hacendado,"en:gluten, en:milk, en:soybeans",True,True,False,True,False,False,Declared allergens + Dietary restrictions
Cocktail Natural,Hacendado,en:nuts,False,False,True,False,False,False,Declared allergens + Dietary restrictions
Cocktail Tostado 0% Sal Añadida,Hacendado,"en:nuts, en:peanuts",False,False,True,False,False,False,Declared allergens + Dietary restrictions
Confitura de Fresa 0%,Hacendado,,False,False,False,False,False,False,Dietary restrictions
Copos de trigo espelta integral 0%,Hacendado,en:gluten,True,False,False,False,False,False,Declared allergens + Dietary restrictions
Copos de trigo integral y arroz 0% azúcares añadidos,Hacendado,"en:gluten, en:soybeans",True,False,False,True,False,False,Declared allergens + Dietary restrictions
Copos tostados de trigo integral y arroz con chocolate,Hacendado,"en:gluten, en:milk, en:soybeans",True,True,False,True,False,False,Declared allergens + Dietary restrictions
Crema al cacao,Hacendado,"en:milk, en:nuts",False,True,True,False,False,False,Declared allergens + Dietary restrictions
Crema de cacahuete 100% crunchy,Hacendado,en:peanuts,False,False,True,False,False,False,Declared allergens + Dietary restrictions
Crema de cacahuetes 100%,Hacendado,en:peanuts,False,False,True,False,False,False,Declared allergens + Dietary restrictions
Digestive,Hacendado,en:gluten,True,False,False,False,False,False,Declared allergens + Dietary restrictions
Digestive 0%,Hacendado,"en:eggs, en:gluten, en:milk, en:mustard, en:soybeans",True,True,False,True,True,False,Declared allergens + Dietary restrictions
Digestive Avena,Hacendado,en:gluten,True,False,False,False,False,False,Declared allergens + Dietary restrictions
Digestive Chocolate leche leite,Hacendado,"en:gluten, en:milk, en:soybeans",True,True,False,True,False,False,Declared allergens + Dietary restrictions
Digestive avena chocolate con leche,Hacendado,"en:gluten, en:milk, en:soybeans",True,True,False,True,False,False,Declared allergens + Dietary restrictions
Digestive fibra 23%,Hacendado,"en:gluten, en:milk",True,True,False,False,False,False,Declared allergens + Dietary restrictions
Edulcorante de Mesa a Base de Ciclamato y Sacarina,Hacendado,,False,False,False,False,False,False,Dietary restrictions
Finas lonchas,Hacendado,,False,False,False,False,False,False,Dietary restrictions
Fuet Espetec Extra,Hacendado,en:milk,False,True,False,False,False,False,Declared allergens + Dietary restrictions
Galletas Chocolate Rebuenas,Hacendado,"en:gluten, en:milk, en:sulphur-dioxide-and-sulphites",True,True,False,False,False,False,Declared allergens + Dietary restrictions
Galletas María Dorada,Hacendado,"en:gluten, en:milk, en:soybeans, en:sulphur-dioxide-and-sulphites",True,True,False,True,False,False,Declared allergens + Dietary restrictions
Galletas chocolate 0%,Hacendado,"en:gluten, en:milk, en:sulphur-dioxide-and-sulphites",True,True,False,False,False,False,Declared allergens + Dietary restrictions
Galletas de canela,Hacendado,"en:gluten, en:milk, en:soybeans, en:sulphur-dioxide-and-sulphites",True,True,False,True,False,False,Declared allergens + Dietary restrictions
Garbanzo cocido,Hacendado,en:sulphur-dioxide-and-sulphites,False,False,False,False,False,False,Declared allergens + Dietary restrictions
Gazpacho Tradicional,Hacendado,,False,False,False,False,False,False,Dietary restrictions
Gazpacho fresco,Hacendado,,False,False,False,False,False,False,Dietary restrictions
Granola baja en azúcares,Hacendado,"en:gluten, en:nuts, en:soybeans",True,False,True,True,False,False,Declared allergens + Dietary restrictions
Griego Ligero Natural,Hacendado,en:milk,False,True,False,False,False,False,Declared allergens + Dietary restrictions
Guacamole,Hacendado,,False,False,False,False,False,False,Dietary restrictions
Havarti,Hacendado,en:milk,False,True,False,False,False,False,Declared allergens + Dietary restrictions
Havarti light,Hacendado,en:milk,False,True,False,False,False,False,Declared allergens + Dietary restrictions
Hummus con pimiento del piquillo asado,Hacendado,"en:sesame-seeds, en:sesame-seeds",False,False,False,False,False,False,Declared allergens + Dietary restrictions
Hummus de garbanzos receta clásica,Hacendado,en:sesame-seeds,False,False,False,False,False,False,Declared allergens + Dietary restrictions
Jamón cocido extra finas lonchas,Hacendado,,False,False,False,False,False,False,Dietary restrictions
Jamón cocido lonchas,Hacendado,,False,False,False,False,False,False,Dietary restrictions
Ketchup,Hacendado,,False,False,False,False,False,False,Dietary restrictions
Kéfir Fresa Plátano,Hacendado,en:milk,False,True,False,False,False,False,Declared allergens + Dietary restrictions
Kéfir coco,Hacendado,,False,False,False,False,False,False,Dietary restrictions
Kéfir natural,Hacendado,en:milk,False,True,False,False,False,False,Declared allergens + Dietary restrictions
Kéfir natural sabor suave,Hacendado,en:milk,False,True,False,False,False,False,Declared allergens + Dietary restrictions
Leche Desnatada Proteínas y Calcio,Hacendado,en:milk,False,True,False,False,False,False,Declared allergens + Dietary restrictions
Lomo embuchado,Hacendado,,False,False,False,False,False,False,Dietary restrictions
Mantequilla sin sal,Hacendado,en:milk,False,True,False,False,False,False,Declared allergens + Dietary restrictions
Margarina 100% vegetal,Hacendado,,False,False,False,False,False,False,Dietary restrictions
María dorada 0%,Hacendado,"en:gluten, en:milk, en:sulphur-dioxide-and-sulphites",True,True,False,False,False,False,Declared allergens + Dietary restrictions
Mayonesa,Hacendado,"en:eggs, en:soybeans",False,False,False,True,True,False,Declared allergens + Dietary restrictions
Mermelada de fresa,Hacendado,,False,False,False,False,False,False,Dietary restrictions
Miel de Flores,Hacendado,,False,False,False,False,False,False,Dietary restrictions
Mini Espinacas Zanahoria,Hacendado,en:gluten,True,False,False,False,False,False,Declared allergens + Dietary restrictions
Muesli Crunchy Chocolate,Hacendado,"en:gluten, en:milk, en:soybeans",True,True,False,True,False,False,Declared allergens + Dietary restrictions
Muesli Crunchy Fruta,Hacendado,"en:banana, en:gluten, en:sulphur-dioxide-and-sulphites",True,False,False,False,False,False,Declared allergens + Dietary restrictions
Muesli Frutas,Hacendado,"en:banana, en:gluten, en:nuts, es:avena, es:avena",True,False,True,False,False,False,Declared allergens + Dietary restrictions
"Muesli con quinoa, chía y chocolate negro",Hacendado,"en:gluten, en:nuts",True,False,True,False,False,False,Declared allergens + Dietary restrictions
Muesli crunchy frutos secos,Hacendado,"en:gluten, en:nuts, en:soybeans, en:sulphur-dioxide-and-sulphites, es:avena, en:nuts",True,False,True,True,False,False,Declared allergens + Dietary restrictions
Nachos,Hacendado,,False,False,False,False,False,False,Dietary restrictions
Nata Cocinar,Hacendado,en:milk,False,True,False,False,False,False,Declared allergens + Dietary restrictions
Natillas Proteínas  Sabor Vainilla,Hacendado,en:milk,False,True,False,False,False,False,Declared allergens + Dietary restrictions
Nuez natural pelada,Hacendado,en:nuts,False,False,True,False,False,False,Declared allergens + Dietary restrictions
Pan de Molde 100% Integral,Hacendado,en:gluten,True,False,False,False,False,False,Declared allergens + Dietary restrictions
Pan de molde 12 cereales y semillas,Hacendado,en:gluten,True,False,False,False,False,False,Declared allergens + Dietary restrictions
Pan de molde 35% avena,Hacendado,"en:gluten, es:avena, es:avena",True,False,False,False,False,False,Declared allergens + Dietary restrictions
Pan de molde blanco natural rústico,Hacendado,en:gluten,True,False,False,False,False,False,Declared allergens + Dietary restrictions
Pan de molde blanco sin corteza,Hacendado,en:gluten,True,False,False,False,False,False,Declared allergens + Dietary restrictions
Pan de molde con 52% centeno,Hacendado,en:gluten,True,False,False,False,False,False,Declared allergens + Dietary restrictions
Pan de molde natural trigo espelta 100% integral,Hacendado,en:gluten,True,False,False,False,False,False,Declared allergens + Dietary restrictions
Panecillo 100% integral,Hacendado,en:gluten,True,False,False,False,False,False,Declared allergens + Dietary restrictions
Pechuga de Pavo Cocida 92%,Hacendado,,False,False,False,False,False,False,Dietary restrictions
Pechuga de pavo finas lonchas,Hacendado,en:soybeans,False,False,False,True,False,False,Declared allergens + Dietary restrictions
Picos 100% integrales,Hacendado,"en:gluten, en:mustard, en:sesame-seeds",True,False,False,False,False,False,Declared allergens + Dietary restrictions
Pipas tostadas gigantes aguasal,Hacendado,,False,False,False,False,False,False,Dietary restrictions
Pistacho tostado 0% sal,Hacendado,en:nuts,False,False,True,False,False,False,Declared allergens + Dietary restrictions
Pistacho tostado sal,Hacendado,en:nuts,False,False,True,False,False,False,Declared allergens + Dietary restrictions
Quesitos,Hacendado,"en:milk, es:mantequilla",False,True,False,False,False,False,Declared allergens + Dietary restrictions
Queso Blanco Pasteurizado,Hacendado,en:milk,False,True,False,False,False,False,Declared allergens + Dietary restrictions
Queso Gouda,Hacendado,en:milk,False,True,False,False,False,False,Declared allergens + Dietary restrictions
Queso crema suave,Hacendado,en:milk,False,True,False,False,False,False,Declared allergens + Dietary restrictions
Queso feta,Hacendado,en:milk,False,True,False,False,False,False,Declared allergens + Dietary restrictions
Queso fresco batido desnatado,Hacendado,en:milk,False,True,False,False,False,False,Declared allergens + Dietary restrictions
Queso fresco cottage,Hacendado,en:milk,False,True,False,False,False,False,Declared allergens + Dietary restrictions
REGAÑA,Hacendado,"en:gluten, en:sesame-seeds",True,False,False,False,False,False,Declared allergens + Dietary restrictions
Salsa de soja,Hacendado,"en:gluten, en:soybeans",True,False,False,True,False,False,Declared allergens + Dietary restrictions
Soja texturizada fina,Hacendado,en:soybeans,False,False,False,True,False,False,Declared allergens + Dietary restrictions
Sticks Vegetales,Hacendado,,False,False,False,False,False,False,Dietary restrictions
Tiras de pechuga de pollo al horno,Hacendado,,False,False,False,False,False,False,Dietary restrictions
Tiras de pechuga de pollo al natural,Hacendado,,False,False,False,False,False,False,Dietary restrictions
Tofu firme,Hacendado,en:soybeans,False,False,False,True,False,False,Declared allergens + Dietary restrictions
Tomate frito,Hacendado,,False,False,False,False,False,False,Dietary restrictions
Tomate frito con aceite de oliva,Hacendado,,False,False,False,False,False,False,Dietary restrictions
Tomate triturado,Hacendado,,False,False,False,False,False,False,Dietary restrictions
Tortillas de avena 51%,Hacendado,,False,False,False,False,False,False,Dietary restrictions
Tortillas de trigo integrales,Hacendado,en:gluten,True,False,False,False,False,False,Declared allergens + Dietary restrictions
Tortitas de arroz,Hacendado,,False,False,False,False,False,False,Dietary restrictions
Tortitas de arroz con chocolate blanco,Hacendado,"en:milk, en:soybeans, es:frutos-de-casca-rija, es:leite",False,True,False,True,False,False,Declared allergens + Dietary restrictions
Tortitas de arroz y legumbres,Hacendado,,False,False,False,False,False,False,Dietary restrictions
Tortitas de maíz,Hacendado,,False,False,False,False,False,False,Dietary restrictions
Tortitas de maíz con chocolate negro,Hacendado,"en:milk, en:soybeans",False,True,False,True,False,False,Declared allergens + Dietary restrictions
Tortitas de maíz sabor jamón serrano,Hacendado,,False,False,False,False,False,False,Dietary restrictions
Yogur Proteínas Fresa 0%,Hacendado,en:milk,False,True,False,False,False,False,Declared allergens + Dietary restrictions
Yogur Proteínas Natural 0%,Hacendado,en:milk,False,True,False,False,False,False,Declared allergens + Dietary restrictions
Yogur estilo griego natural,Hacendado,en:milk,False,True,False,False,False,False,Declared allergens + Dietary restrictions
Yogur griego ligero,Hacendado,en:milk,False,True,False,False,False,False,Declared allergens + Dietary restrictions
Yogur natural,Hacendado,en:milk,False,True,False,False,False,False,Declared allergens + Dietary restrictions
Yogur natural proteínas 0%,Hacendado,en:milk,False,True,False,False,False,False,Declared allergens + Dietary restrictions
Yogur proteínas stracciatella 0%,Hacendado,en:milk,False,True,False,False,False,False,Declared allergens + Dietary restrictions
Zumo pura naranja,Hacendado,,False,False,False,False,False,False,Dietary restrictions
Zumo pura naranja con pulpa,Hacendado,,False,False,False,False,False,False,Dietary restrictions
María 100% Integral,"Hacendado, Siro","en:gluten, en:milk, en:sulphur-dioxide-and-sulphites",True,True,False,False,False,False,Declared allergens + Dietary restrictions
Pan tostado 100% integral bajo en sal y en azúcares,"Hacendado,Anitin",en:gluten,True,False,False,False,False,False,Declared allergens + Dietary restrictions
Tosta PAN FIBRA & SÉSAMO,"Hacendado,Biscuit International","en:eggs, en:gluten, en:milk, en:mustard, en:sesame-seeds, en:soybeans",True,True,False,True,True,False,Declared allergens + Dietary restrictions
Amelia,Hacienda Mesarrumi,"en:gluten, en:milk",True,True,False,False,False,False,Declared allergens + Dietary restrictions
halta cucina,Halta,,False,False,False,False,False,False,Dietary restrictions
"Ultimate Granola Økologisk, 400 g",Handelshuset Hette AS,"en:gluten, en:nuts",True,False,True,False,False,False,Declared allergens + Dietary restrictions
Aiguillettes végétales et gourmandes,HappyVore,"en:celery, en:soybeans",False,False,False,True,False,False,Declared allergens + Dietary restrictions
Chipos végétales aux herbes de Provence,HappyVore,en:celery,False,False,False,False,False,False,Declared allergens + Dietary restrictions
Nuggets Végétaux et Gourmands,HappyVore,en:gluten,True,False,False,False,False,False,Declared allergens + Dietary restrictions
Suprêmes panés végétaux et gourmands,HappyVore,en:gluten,True,False,False,False,False,False,Declared allergens + Dietary restrictions
2 Steaks végétaux et gourmands,Happyvore,en:gluten,True,False,False,False,False,False,Declared allergens + Dietary restrictions
Boulettes de pois chiches Patate douce Curcuma,Hari&Co,en:gluten,True,False,False,False,False,False,Declared allergens + Dietary restrictions
280G HARIBO CROCO,Haribo,"en:apple, en:gelatin",False,False,False,False,False,False,Declared allergens + Dietary restrictions
Chamallow,Haribo,en:gelatin,False,False,False,False,False,False,Declared allergens + Dietary restrictions
Dragibus Soft,Haribo,,False,False,False,False,False,False,Dietary restrictions
Tagada,Haribo,,False,False,False,False,False,False,Dietary restrictions
Harrys brioche tranchee pepites de chocolat sans additif 485g,Harry's,"en:eggs, en:gluten",True,False,False,False,True,False,Declared allergens + Dietary restrictions
100% mie,Harrys,en:gluten,True,False,False,False,False,False,Declared allergens + Dietary restrictions
100% mie complet 500g,Harrys,en:gluten,True,False,False,False,False,False,Declared allergens + Dietary restrictions
100% mie nature,Harrys,en:gluten,True,False,False,False,False,False,Declared allergens + Dietary restrictions
American Sandwich Nature,Harrys,"en:gluten, en:sesame-seeds",True,False,False,False,False,False,Declared allergens + Dietary restrictions
American sandwich Céréales,Harrys,"en:gluten, en:soybeans",True,False,False,True,False,False,Declared allergens + Dietary restrictions
Beau & bon à la farine complète de blé,Harrys,en:gluten,True,False,False,False,False,False,Declared allergens + Dietary restrictions
Brioche Tranchée Recette Classique,Harrys,"en:eggs, en:gluten, en:milk",True,True,False,False,True,False,Declared allergens + Dietary restrictions
Brioche moins de sucre,Harrys,"en:eggs, en:gluten",True,False,False,False,True,False,Declared allergens + Dietary restrictions
Brioche tranchée nature ss additif,Harrys,"en:eggs, en:gluten, en:milk",True,True,False,False,True,False,Declared allergens + Dietary restrictions
Doo Wap pépites choco,Harrys,"en:eggs, en:gluten",True,False,False,False,True,False,Declared allergens + Dietary restrictions
Extra moelleux nature,Harrys,en:gluten,True,False,False,False,False,False,Declared allergens + Dietary restrictions
Harrys brioche tressee nature au sucre perle sans additifs 500g,Harrys,"en:eggs, en:gluten",True,False,False,False,True,False,Declared allergens + Dietary restrictions
Harrys pain de mie extra moelleux complet sans sucres ajoutés 280g,Harrys,en:gluten,True,False,False,False,False,False,Declared allergens + Dietary restrictions
Pain 100% mie nature sans sucre ajouté,Harrys,en:gluten,True,False,False,False,False,False,Declared allergens + Dietary restrictions
Pain AMS 7 céréales,Harrys,"en:gluten, en:soybeans, fr:avoine",True,False,False,True,False,False,Declared allergens + Dietary restrictions
Pain AMS complet,Harrys,en:gluten,True,False,False,False,False,False,Declared allergens + Dietary restrictions
Pain Extra Moelleux Nature Sans Sucres Ajoutés,Harrys,en:gluten,True,False,False,False,False,False,Declared allergens + Dietary restrictions
Pain de mie american sandwich complet sans sucres ajoutés 600g,Harrys,en:gluten,True,False,False,False,False,False,Declared allergens + Dietary restrictions
Pain de mie american sandwich complet sans sucres ajoutés maxi 900g,Harrys,en:gluten,True,False,False,False,False,False,Declared allergens + Dietary restrictions
Pain de mie american sandwich rustique sans sucres ajoutés 500g,Harrys,en:gluten,True,False,False,False,False,False,Declared allergens + Dietary restrictions
Pain de mie longue conservation,Harrys,en:gluten,True,False,False,False,False,False,Declared allergens + Dietary restrictions
Pain de mie nature,Harrys,"en:gluten, en:milk, en:sesame-seeds",True,True,False,False,False,False,Declared allergens + Dietary restrictions
American sandwich nature,"Harrys,Harrys Né à Châteauroux",en:gluten,True,False,False,False,False,False,Declared allergens + Dietary restrictions
Bran Flakes,Harvest Morn,en:gluten,True,False,False,False,False,False,Declared allergens + Dietary restrictions
Crisp rice,Harvest Morn,en:gluten,True,False,False,False,False,False,Declared allergens + Dietary restrictions
Fruit & Fibre,Harvest Morn,"en:banana, en:gluten, en:nuts",True,False,True,False,False,False,Declared allergens + Dietary restrictions
Harvest Morn Wheaties Original,Harvest Morn,"en:gluten, en:milk, en:nuts, en:soybeans",True,True,True,True,False,False,Declared allergens + Dietary restrictions
Muesli,Harvest Morn,"en:gluten, en:milk, en:nuts",True,True,True,False,False,False,Declared allergens + Dietary restrictions
Muesli Swiss Style,Harvest Morn,"en:gluten, en:milk, en:nuts",True,True,True,False,False,False,Declared allergens + Dietary restrictions
Wheat Bisks,Harvest Morn,en:gluten,True,False,False,False,False,False,Declared allergens + Dietary restrictions
Bite size wheat shreds,"Harvest Morn, Aldi",en:gluten,True,False,False,False,False,False,Declared allergens + Dietary restrictions
Multi-Grain Hoops,"Harvest Morn, Aldi",en:gluten,True,False,False,False,False,False,Declared allergens + Dietary restrictions
Haway tropical,Hawai,,False,False,False,False,False,False,Dietary restrictions
Hawai Tropical,"Hawai,Coca cola",,False,False,False,False,False,False,Dietary restrictions
Eau minérale naturelle,Hayet,,False,False,False,False,False,False,Dietary restrictions
"Chicken (75%) Chipolatas with Tomato, Mozzarella Cheese, Basil, Garlic & Seasoning",Heck,en:milk,False,True,False,False,False,False,Declared allergens + Dietary restrictions
Pork Sausages,Heck!,en:sulphur-dioxide-and-sulphites,False,False,False,False,False,False,Declared allergens + Dietary restrictions
Baked Beans,Heinz,,False,False,False,False,False,False,Dietary restrictions
"Beanz In a Rich Tomato Sauce, Organic",Heinz,,False,False,False,False,False,False,Dietary restrictions
Chef Ketchup,Heinz,en:celery,False,False,False,False,False,False,Declared allergens + Dietary restrictions
Classic Barbecue - Smokey & Rich,Heinz,,False,False,False,False,False,False,Dietary restrictions
Classic Barbecue Sauce,Heinz,,False,False,False,False,False,False,Dietary restrictions
Cream of Chicken Soup,Heinz,"en:chicken, en:gluten, en:milk",True,True,False,False,False,False,Declared allergens + Dietary restrictions
Cream of Tomato Soup,Heinz,en:milk,False,True,False,False,False,False,Declared allergens + Dietary restrictions
Heinz Beanz in a rich tomato sauce,Heinz,,False,False,False,False,False,False,Dietary restrictions
Heinz Ketchup,Heinz,en:celery,False,False,False,False,False,False,Declared allergens + Dietary restrictions
Heinz Mayonesa,Heinz,"en:eggs, en:mustard",False,False,False,False,True,False,Declared allergens + Dietary restrictions
Heinz [Seriously] Good Mayonnaise,Heinz,"en:eggs, en:mustard",False,False,False,False,True,False,Declared allergens + Dietary restrictions
Heinz tomato ketchup,Heinz,en:celery,False,False,False,False,False,False,Declared allergens + Dietary restrictions
Ketchup,Heinz,en:celery,False,False,False,False,False,False,Declared allergens + Dietary restrictions
Lentil Soup,Heinz,en:gluten,True,False,False,False,False,False,Declared allergens + Dietary restrictions
Light Mayonnaise,Heinz,"en:eggs, en:mustard",False,False,False,False,True,False,Declared allergens + Dietary restrictions
Mayonnaise American Style,Heinz,"en:eggs, en:mustard",False,False,False,False,True,False,Declared allergens + Dietary restrictions
Mayonnaise Light,Heinz,"en:eggs, en:mustard",False,False,False,False,True,False,Declared allergens + Dietary restrictions
Organic Tomato Ketchup,Heinz,en:celery,False,False,False,False,False,False,Declared allergens + Dietary restrictions
Salad Cream Original,Heinz,"en:eggs, en:mustard",False,False,False,False,True,False,Declared allergens + Dietary restrictions
Seriously Good Times Mayonnaise,Heinz,"en:eggs, en:mustard",False,False,False,False,True,False,Declared allergens + Dietary restrictions
Seriously good vegan mayo,Heinz,en:mustard,False,False,False,False,False,False,Declared allergens + Dietary restrictions
Sundried Cherry Tomato & Basil,Heinz,,False,False,False,False,False,False,Dietary restrictions
Tomato Ketchup,Heinz,en:celery,False,False,False,False,False,False,Declared allergens + Dietary restrictions
Tomato Ketchup BIO,Heinz,en:celery,False,False,False,False,False,False,Declared allergens + Dietary restrictions
Tomato Ketchup Less Sugar & Salt,Heinz,en:celery,False,False,False,False,False,False,Declared allergens + Dietary restrictions
Tomato Sauce for Bolognese,Heinz,en:celery,False,False,False,False,False,False,Declared allergens + Dietary restrictions
"Tomato, Grana Padano & Mascarpone",Heinz,"en:eggs, en:milk",False,True,False,False,True,False,Declared allergens + Dietary restrictions
Vegetable Soup,Heinz,en:gluten,True,False,False,False,False,False,Declared allergens + Dietary restrictions
Tomato Ketchup 910g,"Heinz, Fach 3",en:celery,False,False,False,False,False,False,Declared allergens + Dietary restrictions
Salad Cream Original,"Heinz, Nature’s pick","en:eggs, en:mustard",False,False,False,False,True,False,Declared allergens + Dietary restrictions
HELL,Hell,en:soybeans,False,False,False,True,False,False,Declared allergens + Dietary restrictions
Light Mayonnaise,Hellmann's,"en:eggs, en:milk, en:mustard, en:milk, en:mustard",False,True,False,False,True,False,Declared allergens + Dietary restrictions
Majoneesi,Hellmann's,en:eggs,False,False,False,False,True,False,Declared allergens + Dietary restrictions
Real Mayonnaise,Hellmann's,"en:eggs, en:eggs, en:soybeans",False,False,False,True,True,False,Declared allergens + Dietary restrictions
Tomato Ketchup,Hellmann's,,False,False,False,False,False,False,Dietary restrictions
Vegan Mayo,Hellmann's,en:mustard,False,False,False,False,False,False,Declared allergens + Dietary restrictions
Great Mayonnaise,"Hellmann's,Unilever","en:eggs, en:soybeans",False,False,False,True,True,False,Declared allergens + Dietary restrictions
Hemani Coconut Oil Pure & Natural (400ML),Hemani,,False,False,False,False,False,False,Dietary restrictions
Henderson's Relish,"Hendersons (Sheffield) Ltd,Henderson's",,False,False,False,False,False,False,Dietary restrictions
Chucrut al estilo bávaro,Hengstenberg,,False,False,False,False,False,False,Dietary restrictions
Henry’s,Henry's,en:gluten,True,False,False,False,False,False,Declared allergens + Dietary restrictions
Sable coco Henry s 42g,Henry's,"en:gluten, en:milk",True,True,False,False,False,False,Declared allergens + Dietary restrictions
Henry's Sable Coco Biscuit 85G,Henrys,"en:gluten, en:milk",True,True,False,False,False,False,Declared allergens + Dietary restrictions
Cocoa,Hershey's,,False,False,False,False,False,False,Dietary restrictions
HERTA Allumettes Fumées conservation sans nitrite - 2x75g,Herta,,False,False,False,False,False,False,Dietary restrictions
HERTA Blanc Poulet Nature conservation sans nitrite x4 -140g,Herta,,False,False,False,False,False,False,Dietary restrictions
HERTA Blanc Poulet sel réduit sans nitrite x4 140g,Herta,,False,False,False,False,False,False,Dietary restrictions
HERTA Knacki Veggie Saucisses végétales x6 -210g,Herta,"en:eggs, en:gluten",True,False,False,False,True,False,Declared allergens + Dietary restrictions
HERTA Lardons fumés conservation sans nitrite - 2x75g,Herta,,False,False,False,False,False,False,Dietary restrictions
HERTA Lardons nature conservation sans nitrite - 2x75g,Herta,,False,False,False,False,False,False,Dietary restrictions
HERTA Pâte à Pizza Fine et Rectangulaire 390g,Herta,en:gluten,True,False,False,False,False,False,Declared allergens + Dietary restrictions
HERTA Pâte à Pizza Fine et Ronde 265g,Herta,en:gluten,True,False,False,False,False,False,Declared allergens + Dietary restrictions
HERTA bacon 15T - 150g,Herta,,False,False,False,False,False,False,Dietary restrictions
Jambon à l'étouffée sans nitrite,Herta,,False,False,False,False,False,False,Dietary restrictions
HERTA KNACKI Saucisses 100% pur porc x10 - 350g,"Herta, Knacki","en:gluten, en:milk",True,True,False,False,False,False,Declared allergens + Dietary restrictions
Biscottes 6 Céréales,Heudebert,"en:gluten, en:sesame-seeds",True,False,False,False,False,False,Declared allergens + Dietary restrictions
Heudebert Blé complet,Heudebert,en:gluten,True,False,False,False,False,False,Declared allergens + Dietary restrictions
Heudebert Fibre +,Heudebert,en:gluten,True,False,False,False,False,False,Declared allergens + Dietary restrictions
La Biscotte 96% de céréales,Heudebert,en:gluten,True,False,False,False,False,False,Declared allergens + Dietary restrictions
Biscottes Pleine vie Sans sel ajouté,"Heudebert, Lu, Mondelez","en:gluten, en:sesame-seeds",True,False,False,False,False,False,Declared allergens + Dietary restrictions
Biscottes Forme+,"Heudebert, Lu, Mondelèz International",en:gluten,True,False,False,False,False,False,Declared allergens + Dietary restrictions
Crackers heudebert,"Heudebert,LU,Mondelez",en:gluten,True,False,False,False,False,False,Declared allergens + Dietary restrictions
Biscottes,"Heudebert,Lu,Mondelez",en:gluten,True,False,False,False,False,False,Declared allergens + Dietary restrictions
HIPRO Saveur Vanille-Cookie,HiPRO,en:milk,False,True,False,False,False,False,Declared allergens + Dietary restrictions
Hipro Mousse cacao,"HiPRO, Danone",en:milk,False,True,False,False,False,False,Declared allergens + Dietary restrictions
"Higgidy Spinach,Feta & Roasted Pepper Quiche 400G",Higgidy,"en:eggs, en:gluten, en:milk, en:sesame-seeds",True,True,False,False,True,False,Declared allergens + Dietary restrictions
Runny Honey,Highgate Fayre,,False,False,False,False,False,False,Dietary restrictions
Blossom Honey,Hilltop,,False,False,False,False,False,False,Dietary restrictions
Blossom Honey,Hiltop Honey,,False,False,False,False,False,False,Dietary restrictions
Hipro Myrtille,"Hipro, Danone",en:milk,False,True,False,False,False,False,Declared allergens + Dietary restrictions
Protein Drink Fraise Framboise,"Hipro, Hipro drinks, Danone",en:milk,False,True,False,False,False,False,Declared allergens + Dietary restrictions
Guacamole Original,Holy Moly Dips,,False,False,False,False,False,False,Dietary restrictions
Beurre de Cacahuètes Extra-Crunchy,"Hormel Foods Corporation, Skippy",en:peanuts,False,False,True,False,False,False,Declared allergens + Dietary restrictions
4 Seed Sensations Bread,Hovis,"en:gluten, en:soybeans",True,False,False,True,False,False,Declared allergens + Dietary restrictions
Best of Both Bread,Hovis,"en:gluten, en:soybeans",True,False,False,True,False,False,Declared allergens + Dietary restrictions
Granary Medium,Hovis,"en:gluten, en:soybeans",True,False,False,True,False,False,Declared allergens + Dietary restrictions
Hovis white,Hovis,"en:gluten, en:soybeans",True,False,False,True,False,False,Declared allergens + Dietary restrictions
Seed Sensations Seven Seeds,Hovis,"en:gluten, en:soybeans",True,False,False,True,False,False,Declared allergens + Dietary restrictions
Seeded,Hovis,"en:gluten, en:soybeans",True,False,False,True,False,False,Declared allergens + Dietary restrictions
Soft White,Hovis,"en:gluten, en:soybeans",True,False,False,True,False,False,Declared allergens + Dietary restrictions
Soft White Thick,Hovis,"en:gluten, en:soybeans",True,False,False,True,False,False,Declared allergens + Dietary restrictions
Tasty Wholemeal 400g,Hovis,"en:gluten, en:soybeans",True,False,False,True,False,False,Declared allergens + Dietary restrictions
Tasty Wholemeal Medium,Hovis,"en:gluten, en:soybeans",True,False,False,True,False,False,Declared allergens + Dietary restrictions
Tasty Wholemeal Thick,Hovis,"en:gluten, en:soybeans",True,False,False,True,False,False,Declared allergens + Dietary restrictions
granary wholemeal bread,Hovis,"en:gluten, en:soybeans",True,False,False,True,False,False,Declared allergens + Dietary restrictions
Almond Butter + Puffed Quinoa Dark Chocolate,Hu,en:nuts,False,False,True,False,False,False,Declared allergens + Dietary restrictions
Cashew Butter + Pure Vanilla Bean Dark Chocolate,Hu,en:nuts,False,False,True,False,False,False,Declared allergens + Dietary restrictions
Hazelnut Butter Dark Chocolate,Hu,en:nuts,False,False,True,False,False,False,Declared allergens + Dietary restrictions
Chocolate,Huel,,False,False,False,False,False,False,Dietary restrictions
Huel Ready-To-Drink - Banana,Huel,,False,False,False,False,False,False,Dietary restrictions
Vanilla meal replacement,Huel,,False,False,False,False,False,False,Dietary restrictions
Houilor,Huilor,,False,False,False,False,False,False,Dietary restrictions
Vanilla Ice Cream,Häagen-Dazs,"en:eggs, en:milk",False,True,False,False,True,False,Declared allergens + Dietary restrictions
Pain Lupin et Amande,IG BAS,en:nuts,False,False,True,False,False,False,Declared allergens + Dietary restrictions
Kafferep,IKEA,"en:eggs, en:gluten",True,False,False,False,True,False,Declared allergens + Dietary restrictions
Skyr sans lactose à la myrtille et à la framboise,ISEY,en:milk,False,True,False,False,False,False,Declared allergens + Dietary restrictions
Paradizniki suseni lidl,ITALIAMO,,False,False,False,False,False,False,Dietary restrictions
Pesto alla Genovese,ITALIAMO,"en:milk, en:nuts",False,True,True,False,False,False,Declared allergens + Dietary restrictions
Cube De Bouillon - Boeuf (beef) - 8 Cubes,Ideal,en:soybeans,False,False,False,True,False,False,Declared allergens + Dietary restrictions
Tranches Au Goût Cheddar,Ideal,,False,False,False,False,False,False,Dietary restrictions
Thunfisch,Idk,en:fish,False,False,False,False,False,True,Declared allergens + Dietary restrictions
Cacao,Idéal,,False,False,False,False,False,False,Dietary restrictions
Flan,Idéal,,False,False,False,False,False,False,Dietary restrictions
Préparation en poudre pour Crème pâtissière saveur vanille,Idéal,en:sulphur-dioxide-and-sulphites,False,False,False,False,False,False,Declared allergens + Dietary restrictions
سكر الفانيلين,Idéal,,False,False,False,False,False,False,Dietary restrictions
Eau minérale Ifri,Ifri,,False,False,False,False,False,False,Dietary restrictions
"Illy Classico 100% Arabica, 250g",Illy,,False,False,False,False,False,False,Dietary restrictions
Jamón Serrano,Incarlopsa,,False,False,False,False,False,False,Dietary restrictions
Indomie Shrimp Noodles,Indomie,en:gluten,True,False,False,False,False,False,Declared allergens + Dietary restrictions
Poulet citron,Indomie,"en:celery, en:gluten",True,False,False,False,False,False,Declared allergens + Dietary restrictions
indoumi goût poulet,Indomie,en:gluten,True,False,False,False,False,False,Declared allergens + Dietary restrictions
FA-BU-BLEU,Innocent,,False,False,False,False,False,False,Dietary restrictions
Innocent jus ananas & fruit de la passion 900ml,Innocent,,False,False,False,False,False,False,Dietary restrictions
Invigorate,Innocent,,False,False,False,False,False,False,Dietary restrictions
Jus - Tutti Frutti,Innocent,,False,False,False,False,False,False,Dietary restrictions
Jus d'orange avec pulpe,Innocent,,False,False,False,False,False,False,Dietary restrictions
"Pur jus de 6 fruits pressés myrtille, cassis, pomme, cranberry",Innocent,,False,False,False,False,False,False,Dietary restrictions
Strawberries & Bananas,Innocent,,False,False,False,False,False,False,Dietary restrictions
Super Smoothie Antioxydant,Innocent,en:kiwi,False,False,False,False,False,False,Declared allergens + Dietary restrictions
Vitamine D 10,Innovit,,False,False,False,False,False,False,Dietary restrictions
Galettes au riz complet BIO 130g,"Intermarché, Regain",,False,False,False,False,False,False,Dietary restrictions
SIROP D'AGAVE BIO 250mL,"Intermarché, Regain",,False,False,False,False,False,False,Dietary restrictions
Monster Munch Salé,"Intersnack,Monster Munch,Vico","en:gluten, en:milk",True,True,False,False,False,False,Declared allergens + Dietary restrictions
Protein Bar Cookie & Cream Flavour,Ironmaxx Nutrition GmbH & Co.,"en:milk, en:soybeans, de:molkeneiweisisolat, de:molkeneweißkonzentrat",False,True,False,True,False,False,Declared allergens + Dietary restrictions
Atun,Isabel,,False,False,False,False,False,False,Dietary restrictions
Atún Gran Sabor Isabel,Isabel,,False,False,False,False,False,False,Dietary restrictions
Atún con tomate,Isabel,en:fish,False,False,False,False,False,True,Declared allergens + Dietary restrictions
Crème sous pression à la vanille 250g,Isigny Sainte-Mère,en:milk,False,True,False,False,False,False,Declared allergens + Dietary restrictions
"Beurre d'Isigny doux, extra -fin",Isigny Ste Mère,en:milk,False,True,False,False,False,False,Declared allergens + Dietary restrictions
Pur brebis Ossau-Iraty,"Istara,Lactalis,SNC Pyrénéfrom",en:milk,False,True,False,False,False,False,Declared allergens + Dietary restrictions
Tomatoes - Cherry Tomatoes Italian,Italiamo,,False,False,False,False,False,False,Dietary restrictions
Sugo al pomodoro con basilico,"Italiamo, LIDL FRESHONA ITALIAMO",,False,False,False,False,False,False,Dietary restrictions
Puglian Extra Virgin Olive Oil,"Italiamo, Lidl",,False,False,False,False,False,False,Dietary restrictions
Crema Balsamico Classic,"Italiamo,Lidl",en:sulphur-dioxide-and-sulphites,False,False,False,False,False,False,Declared allergens + Dietary restrictions
Grana padano rape 12 mois aop lc 100g,"Itinéraire des Saveurs, Les Mousquetaires","en:eggs, en:milk",False,True,False,False,True,False,Declared allergens + Dietary restrictions
Brilliant Broth Chicken Ramen,Itsu,"en:gluten, en:sesame-seeds, en:soybeans",True,False,False,True,False,False,Declared allergens + Dietary restrictions
Miso Easy (Traditional),Itsu,en:soybeans,False,False,False,True,False,False,Declared allergens + Dietary restrictions
Pâte à tartiner 18.5% Bio - 350g,Ivoria,"en:milk, en:nuts",False,True,True,False,False,False,Declared allergens + Dietary restrictions
Tablette BIO dégustation Chocolat noir - 100g,Ivoria,"en:gluten, en:milk, en:nuts, fr:amandes-amygdalus-communis-l, fr:avoine-ou-hybrides-et-produits-a-base-de-ces-cereales, fr:et-produits-a-base-de-ces-cereales, fr:noisettes-corylus-avellana",True,True,True,False,False,False,Declared allergens + Dietary restrictions
Tablette dégustation chocolat noir 85% - 100g,"Ivoria, Les creations","en:eggs, en:gluten, en:milk, en:nuts, en:soybeans, fr:amandes-amygdalus-communis-l, fr:et-produits-a-base-de-ces-cereales, fr:et-produits-a-base-de-ces-noix-macadamia-ternifolia, fr:noisettes-corylus-avellana, fr:noix-de-pecan-et-produits-a-base-de-noix-de-pecan-carya-illinoiesis-wangenh-k-koch, fr:pistaches-pistacia-vera",True,True,True,True,True,False,Declared allergens + Dietary restrictions
Edelbitter 70% Cacao,J. D. Gross,en:soybeans,False,False,False,True,False,False,Declared allergens + Dietary restrictions
NOIR DEGUSTATION 70% CARAMEL,J. D. Gross,"en:milk, en:soybeans",False,True,False,True,False,False,Declared allergens + Dietary restrictions
Шоколад с 6% парченца малини,J.D. GROSS,en:soybeans,False,False,False,True,False,False,Declared allergens + Dietary restrictions
Chocolat noir Equateur Bio,J.D. Gross,,False,False,False,False,False,False,Dietary restrictions
Sea Shells hasselpähkinäkonvehdit,J.D. Gross,"en:milk, en:nuts",False,True,True,False,False,False,Declared allergens + Dietary restrictions
Mints,"J.D. Gross, Lidl","en:milk, en:soybeans, en:milk",False,True,False,True,False,False,Declared allergens + Dietary restrictions
Edelbitter Mild 90%,J.d gross,en:soybeans,False,False,False,True,False,False,Declared allergens + Dietary restrictions
شاي النسمة,JANAH FRERES,,False,False,False,False,False,False,Dietary restrictions
Tartines craquantes Multicéréales,"JARDIN BIO ETIC, Jardin bio",en:gluten,True,False,False,False,False,False,Declared allergens + Dietary restrictions
TIGER ROLLS WITH SOURDOUGH,JASON'S EVERY DAY,en:gluten,True,False,False,False,False,False,Declared allergens + Dietary restrictions
Oh my crisp ! - Noix,JORDANS,en:nuts,False,False,True,False,False,False,Declared allergens + Dietary restrictions
SIMPLY GRANOLA WITH A HINT OF HONEY,JORDANS,en:gluten,True,False,False,False,False,False,Declared allergens + Dietary restrictions
SOFT WHITE Bloomer,Jacksons of Yorkshire,en:gluten,True,False,False,False,False,False,Declared allergens + Dietary restrictions
Cream Crackers Original,Jacob's,en:gluten,True,False,False,False,False,False,Declared allergens + Dietary restrictions
HIGH FIBRE CREAM CRACKERS,"Jacob's, Jacobs",en:gluten,True,False,False,False,False,False,Declared allergens + Dietary restrictions
Jacobs Savours Salt And Black Pepper Bakes,Jacobs,en:gluten,True,False,False,False,False,False,Declared allergens + Dietary restrictions
Café,"Jacobs Douwe Egberts, Maxwell House",,False,False,False,False,False,False,Dietary restrictions
Cream Crackers,Jacob’s,en:gluten,True,False,False,False,False,False,Declared allergens + Dietary restrictions
Mini cheddars,Jacob’s,"en:gluten, en:milk",True,True,False,False,False,False,Declared allergens + Dietary restrictions
14 Maxi Tranches complet sans sucres ajoutés,Jacquet,en:gluten,True,False,False,False,False,False,Declared allergens + Dietary restrictions
4 Pains burger géant à la farine  complète,Jacquet,"en:gluten, en:sesame-seeds",True,False,False,False,False,False,Declared allergens + Dietary restrictions
Burgers nature géant sans additifs,Jacquet,"en:gluten, en:sesame-seeds",True,False,False,False,False,False,Declared allergens + Dietary restrictions
Fines Tartines farine de Seigle,Jacquet,en:gluten,True,False,False,False,False,False,Declared allergens + Dietary restrictions
Maxi Tranches Sans sucre ajouté Nature,Jacquet,en:gluten,True,False,False,False,False,False,Declared allergens + Dietary restrictions
Pain complet,Jacquet,en:gluten,True,False,False,False,False,False,Declared allergens + Dietary restrictions
Tartine p'tit dej Brioché,Jacquet,"en:eggs, en:gluten",True,False,False,False,True,False,Declared allergens + Dietary restrictions
Tartine p'tit dej nature ssa 410 gr,Jacquet,en:gluten,True,False,False,False,False,False,Declared allergens + Dietary restrictions
Tartines p’tit dej,Jacquet,en:gluten,True,False,False,False,False,False,Declared allergens + Dietary restrictions
Vollkornbrot,Jacquet,en:gluten,True,False,False,False,False,False,Declared allergens + Dietary restrictions
Beet It Organic Beetroot Juice 1 Litre,James White,,False,False,False,False,False,False,Dietary restrictions
Super tomato and olive quinoa,Jamie Oliver,en:gluten,True,False,False,False,False,False,Declared allergens + Dietary restrictions
6111266962569,Jaouda,en:milk,False,True,False,False,False,False,Declared allergens + Dietary restrictions
Beurre Frais Pasteurisé,Jaouda,,False,False,False,False,False,False,Dietary restrictions
Croissance réduit en sucre,Jaouda,en:milk,False,True,False,False,False,False,Declared allergens + Dietary restrictions
Dessert gourmand choco,Jaouda,en:milk,False,True,False,False,False,False,Declared allergens + Dietary restrictions
Délicimo : Stracciatella,Jaouda,en:milk,False,True,False,False,False,False,Declared allergens + Dietary restrictions
Ghani,Jaouda,en:milk,False,True,False,False,False,False,Declared allergens + Dietary restrictions
Ghilal,Jaouda,en:milk,False,True,False,False,False,False,Declared allergens + Dietary restrictions
Jben,Jaouda,en:milk,False,True,False,False,False,False,Declared allergens + Dietary restrictions
Jutos,Jaouda,en:orange,False,False,False,False,False,False,Declared allergens + Dietary restrictions
Jutos cocktail,Jaouda,en:orange,False,False,False,False,False,False,Declared allergens + Dietary restrictions
LADID,Jaouda,,False,False,False,False,False,False,Dietary restrictions
LBEN CARTON PASTEURISER,Jaouda,en:milk,False,True,False,False,False,False,Declared allergens + Dietary restrictions
Ladid fraise,Jaouda,,False,False,False,False,False,False,Dietary restrictions
Lait,Jaouda,en:milk,False,True,False,False,False,False,Declared allergens + Dietary restrictions
Lait Demi écrème Uht Jaouda,Jaouda,en:milk,False,True,False,False,False,False,Declared allergens + Dietary restrictions
Lait Entier UHT,Jaouda,en:milk,False,True,False,False,False,False,Declared allergens + Dietary restrictions
Lait sans lactose,Jaouda,en:milk,False,True,False,False,False,False,Declared allergens + Dietary restrictions
Le Lait demi écrémé,Jaouda,,False,False,False,False,False,False,Dietary restrictions
Leben,Jaouda,en:milk,False,True,False,False,False,False,Declared allergens + Dietary restrictions
Leben JAOUDA,Jaouda,en:milk,False,True,False,False,False,False,Declared allergens + Dietary restrictions
Linea,Jaouda,,False,False,False,False,False,False,Dietary restrictions
Muscly la force pour grandir,Jaouda,en:milk,False,True,False,False,False,False,Declared allergens + Dietary restrictions
Omar,Jaouda,"en:gluten, en:milk, en:nuts",True,True,True,False,False,False,Declared allergens + Dietary restrictions
Press Up moyen,Jaouda,,False,False,False,False,False,False,Dietary restrictions
Raib vani jaouda,Jaouda,en:milk,False,True,False,False,False,False,Declared allergens + Dietary restrictions
Yaourt Grec Muesli,Jaouda,"en:gluten, en:milk, en:nuts",True,True,True,False,False,False,Declared allergens + Dietary restrictions
Yaourt banin,Jaouda,,False,False,False,False,False,False,Dietary restrictions
Yaourt grec,Jaouda,,False,False,False,False,False,False,Dietary restrictions
Yaourt nature,Jaouda,en:milk,False,True,False,False,False,False,Declared allergens + Dietary restrictions
Yaourt tendre,Jaouda,en:milk,False,True,False,False,False,False,Declared allergens + Dietary restrictions
Yogurt Bnine BANANA,Jaouda,,False,False,False,False,False,False,Dietary restrictions
beurre jaouda 100g,Jaouda,,False,False,False,False,False,False,Dietary restrictions
beurre jaouda 1kg,Jaouda,,False,False,False,False,False,False,Dietary restrictions
crème cuisson,Jaouda,en:milk,False,True,False,False,False,False,Declared allergens + Dietary restrictions
flan caram jao dan,Jaouda,,False,False,False,False,False,False,Dietary restrictions
jaouda p'tit dej honey,Jaouda,en:milk,False,True,False,False,False,False,Declared allergens + Dietary restrictions
muscly sghir,Jaouda,,False,False,False,False,False,False,Dietary restrictions
raibi jaoda,Jaouda,,False,False,False,False,False,False,Dietary restrictions
saif banane jaouda 250gr,Jaouda,en:milk,False,True,False,False,False,False,Declared allergens + Dietary restrictions
uht jaouda 1L,Jaouda,en:milk,False,True,False,False,False,False,Declared allergens + Dietary restrictions
غلال القمح,Jaouda,en:milk,False,True,False,False,False,False,Declared allergens + Dietary restrictions
Ghilal Panaché,Jaouda Copag,,False,False,False,False,False,False,Dietary restrictions
MUSCLY FROMAGE 24,"Jaouda, Copag",en:milk,False,True,False,False,False,False,Declared allergens + Dietary restrictions
Tartines craquantes Sarrasin,Jardin BIO étic,,False,False,False,False,False,False,Dietary restrictions
Tartines craquantes quinoa - pois chiche sans gluten,Jardin Bio,,False,False,False,False,False,False,Dietary restrictions
Pur beurre de cacahuète,Jardin Bio étic,en:peanuts,False,False,True,False,False,False,Declared allergens + Dietary restrictions
Bouillon cube Légumes sans sel sans gluten,"Jardin Bio, Jardin biologique, Léa Nature",en:celery,False,False,False,False,False,False,Declared allergens + Dietary restrictions
Spaghetti au Quinoa Persil Ail,"Jardin Bio, Jardin biologique, Léa Nature",en:gluten,True,False,False,False,False,False,Declared allergens + Dietary restrictions
Pâte à tartiner chocolat Noisette,"Jardin Bio, Léa Nature","en:milk, en:nuts, en:soybeans",False,True,True,True,False,False,Declared allergens + Dietary restrictions
Lentilles façon petit salé,"Jardin Bio, Léa nature",en:celery,False,False,False,False,False,False,Declared allergens + Dietary restrictions
Ratatouille à la provençale,"Jardin Bio,Jardin biologique,Léa Nature",en:none,False,False,False,False,False,False,Declared allergens + Dietary restrictions
Bouillon cube Volaille,Jardin bio',"en:celery, en:eggs",False,False,False,False,True,False,Declared allergens + Dietary restrictions
Pâte à tartiner Noir cacaopasta imp,"Jardin bio, Jardin biologique, Léa Nature",en:soybeans,False,False,False,True,False,False,Declared allergens + Dietary restrictions
Bouillon Cube Poule,"Jardin bio, Léa Nature","en:celery, en:eggs",False,False,False,False,True,False,Declared allergens + Dietary restrictions
Bouillon cube légumes dégraissé,"Jardin bio, Léa Nature",en:celery,False,False,False,False,False,False,Declared allergens + Dietary restrictions
Pur jus de citron,"Jardin bio, Léa Nature",,False,False,False,False,False,False,Dietary restrictions
Tartined Craquantes Châtaigne,"Jardin bio, Léa Nature",,False,False,False,False,False,False,Dietary restrictions
Spaghetti au Quinoa Tomate,"Jardin bio, Léa Nature, Jardin Bio Eric","en:eggs, en:gluten",True,False,False,False,True,False,Declared allergens + Dietary restrictions
Fourrés Chocolat🍫,"Jardin bio, jardin bio étic Léa Nature","en:gluten, en:milk",True,True,False,False,False,False,Declared allergens + Dietary restrictions
Everyday White Rolls,Jason's,en:gluten,True,False,False,False,False,False,Declared allergens + Dietary restrictions
Jason's Sourdough Wholemeal Ciabattini,Jason's,en:gluten,True,False,False,False,False,False,Declared allergens + Dietary restrictions
No. 6 Sourdough Majestic Malted,Jason's,en:gluten,True,False,False,False,False,False,Declared allergens + Dietary restrictions
Seeded Sourdough Protein,Jason's,en:gluten,True,False,False,False,False,False,Declared allergens + Dietary restrictions
Sourdough,Jason's,en:gluten,True,False,False,False,False,False,Declared allergens + Dietary restrictions
Sourdough White Ciabattin Bread,Jason's,en:gluten,True,False,False,False,False,False,Declared allergens + Dietary restrictions
Proper Sourdough,Jason's Sourdough,en:gluten,True,False,False,False,False,False,Declared allergens + Dietary restrictions
Sourdough Bread,Jason's Sourdough,en:gluten,True,False,False,False,False,False,Declared allergens + Dietary restrictions
Sourdough Grains & Seeds,Jasons,en:gluten,True,False,False,False,False,False,Declared allergens + Dietary restrictions
Purée cacahuète,Jean Hervé,en:peanuts,False,False,True,False,False,False,Declared allergens + Dietary restrictions
Purée de cacahuètes,Jean Hervé,en:peanuts,False,False,True,False,False,False,Declared allergens + Dietary restrictions
Jibal mangue,Jibal,,False,False,False,False,False,False,Dietary restrictions
Raibi,Jibal,en:milk,False,True,False,False,False,False,Declared allergens + Dietary restrictions
uht jibal 1/2L,Jibal,en:milk,False,True,False,False,False,False,Declared allergens + Dietary restrictions
YAOURT GREC,"Jibal, JIBAL",en:milk,False,True,False,False,False,False,Declared allergens + Dietary restrictions
Creamy Peanut Butter,Jif,"en:peanuts, en:soybeans",False,False,True,True,False,False,Declared allergens + Dietary restrictions
Ricotta 1%,Jobnaty,,False,False,False,False,False,False,Dietary restrictions
1L PUR JUS ORANGE JOKER NEW,Joker,,False,False,False,False,False,False,Dietary restrictions
JOKER LE FRUIT OSP PET,Joker,,False,False,False,False,False,False,Dietary restrictions
Joly Thon Entier,Joly,en:fish,False,False,False,False,False,True,Declared allergens + Dietary restrictions
Miettes de Maquereaux à la sauce tomate et aux épices,Joly,en:fish,False,False,False,False,False,True,Declared allergens + Dietary restrictions
Thon a la sauce tomate,Joly,en:fish,False,False,False,False,False,True,Declared allergens + Dietary restrictions
Thon Joly,"Joly,Doha",en:fish,False,False,False,False,False,True,Declared allergens + Dietary restrictions
Country Crisp - Chocolat noir 70% cacao,Jordans,"en:gluten, en:nuts, en:soybeans, fr:avoine",True,False,True,True,False,False,Declared allergens + Dietary restrictions
Country Crisp 4 Baies,Jordans,en:gluten,True,False,False,False,False,False,Declared allergens + Dietary restrictions
Country Crisp 4 noix,Jordans,"en:gluten, en:nuts, en:gluten, en:nuts, fr:avoine",True,False,True,False,False,False,Declared allergens + Dietary restrictions
Country Crisp Fruits & Noix,Jordans,"en:gluten, en:nuts",True,False,True,False,False,False,Declared allergens + Dietary restrictions
Country Crisp chocolat au lait,Jordans,"en:gluten, en:milk, en:soybeans",True,True,False,True,False,False,Declared allergens + Dietary restrictions
Country Crisp with Sun-Ripe Strawberries imp,Jordans,"en:gluten, en:nuts",True,False,True,False,False,False,Declared allergens + Dietary restrictions
Crunchy Oat Granola Raisin & Almond,Jordans,"en:gluten, en:nuts",True,False,True,False,False,False,Declared allergens + Dietary restrictions
Frusli Juicy Blueberries Chewy Cereal Bars 6 x (180g),Jordans,"en:gluten, en:nuts",True,False,True,False,False,False,Declared allergens + Dietary restrictions
Granola Amandes Noisettes & Graines,Jordans,"en:gluten, en:nuts",True,False,True,False,False,False,Declared allergens + Dietary restrictions
Granola chocolat noir - faible en sucre,Jordans,en:gluten,True,False,False,False,False,False,Declared allergens + Dietary restrictions
Jordan's Super Berry Granola,Jordans,"en:gluten, en:nuts",True,False,True,False,False,False,Declared allergens + Dietary restrictions
Jordans Country Crisp,Jordans,"en:gluten, en:nuts",True,False,True,False,False,False,Declared allergens + Dietary restrictions
Jordans Natural Muesli,Jordans,"en:gluten, en:nuts",True,False,True,False,False,False,Declared allergens + Dietary restrictions
Muesli Bio Superfruits,Jordans,"en:gluten, fr:avoine, fr:avoine",True,False,False,False,False,False,Declared allergens + Dietary restrictions
"Muesli bio 36% fruits, noix & graines",Jordans,"en:gluten, en:nuts, fr:avoine",True,False,True,False,False,False,Declared allergens + Dietary restrictions
Muesli bio chocolat noir,Jordans,"en:gluten, en:soybeans",True,False,False,True,False,False,Declared allergens + Dietary restrictions
Special Muesli 30% fruits & noix,Jordans,"en:gluten, en:nuts, fr:avoine, fr:avoine",True,False,True,False,False,False,Declared allergens + Dietary restrictions
Super Nutty Granola,Jordans,"en:gluten, en:nuts",True,False,True,False,False,False,Declared allergens + Dietary restrictions
Joyfuel Chocolat au Lait & Cookie Dough,Joyfuel,"en:milk, en:soybeans",False,True,False,True,False,False,Declared allergens + Dietary restrictions
Ready Rolled Puff Pastry Sheet,Jus Rol,en:gluten,True,False,False,False,False,False,Declared allergens + Dietary restrictions
Disfruta Frutas Y Vitaminas Brik imp,Juver,,False,False,False,False,False,False,Dietary restrictions
Maíz dulce,Juver,,False,False,False,False,False,False,Dietary restrictions
Miel Pops,KELLOG'S,en:gluten,True,False,False,False,False,False,Declared allergens + Dietary restrictions
Kikkoman Soyasaus glutenfrei,KIKKOMAN,en:soybeans,False,False,False,True,False,False,Declared allergens + Dietary restrictions
Dark Chocolate Nuts & Sea Salt Bars,KIND,"en:nuts, en:peanuts, en:soybeans",False,False,True,True,False,False,Declared allergens + Dietary restrictions
Dark chocolate nuts & sea salt,KIND,"en:milk, en:nuts, en:peanuts, en:soybeans",False,True,True,True,False,False,Declared allergens + Dietary restrictions
organic GREEK YOGURT plain,KIRKLAND Signature,en:milk,False,True,False,False,False,False,Declared allergens + Dietary restrictions
RAW & UNFILTERED HONEY,KIRKLAND signature,,False,False,False,False,False,False,Dietary restrictions
KP Dry Roasted Peanuts,KP,"en:celery, en:peanuts",False,False,True,False,False,False,Declared allergens + Dietary restrictions
Original Salted Peanuts,KP,en:peanuts,False,False,True,False,False,False,Declared allergens + Dietary restrictions
Unsalted Roasted Nuts,KP,en:peanuts,False,False,True,False,False,False,Declared allergens + Dietary restrictions
POM-BEAR Potato snacks,KP Snacks,,False,False,False,False,False,False,Dietary restrictions
hula hoops original,KP Snacks,,False,False,False,False,False,False,Dietary restrictions
Fromage edam,KROON,,False,False,False,False,False,False,Dietary restrictions
Chick Peas in Salted Water,KTC,,False,False,False,False,False,False,Dietary restrictions
Pure Creamed Coconut,KTC,,False,False,False,False,False,False,Dietary restrictions
Fromage tranches pour sandwich,Kaiser,en:milk,False,True,False,False,False,False,Declared allergens + Dietary restrictions
Milk Chocolate Rice Cakes imp,Kallo,en:milk,False,True,False,False,False,False,Declared allergens + Dietary restrictions
Organic Lightly Salted Wholegrain Low Fat Rice Cakes,Kallo,en:rice,False,False,False,False,False,False,Declared allergens + Dietary restrictions
Very Low Salt Organic Vegetable 6 Stock Cubes,"Kallo foods Ltd,kallø",en:celery,False,False,False,False,False,False,Declared allergens + Dietary restrictions
Belgian Dark Chocolate Rice Cake Thins imp,Kallø,,False,False,False,False,False,False,Dietary restrictions
Blueberry/van Rice/corn Cakes imp,Kallø,,False,False,False,False,False,False,Dietary restrictions
Organic Beef Stock Cubes 8 Pack,Kallø,en:celery,False,False,False,False,False,False,Declared allergens + Dietary restrictions
Organic Chicken Stock Cubes -  8 Pack,Kallø,,False,False,False,False,False,False,Dietary restrictions
Organic Vegetable Stock Cubes,Kallø,en:celery,False,False,False,False,False,False,Declared allergens + Dietary restrictions
Sea Salt & Cider Vinegar Veggie Cakes,Kallø,,False,False,False,False,False,False,Dietary restrictions
Wholegrain Low fat rice cakes imp,Kallø,,False,False,False,False,False,False,Dietary restrictions
Kalos,Kalos,,False,False,False,False,False,False,Dietary restrictions
Kango,"Kango, LU","en:eggs, en:gluten, en:milk, en:soybeans",True,True,False,True,True,False,Declared allergens + Dietary restrictions
SOS DE SOIA,Kania,"en:gluten, en:soybeans",True,False,False,True,False,False,Declared allergens + Dietary restrictions
Moutarde de Dijon,"Kania, Lidl, Winarom","en:mustard, en:sulphur-dioxide-and-sulphites",False,False,False,False,False,False,Declared allergens + Dietary restrictions
Mayonnaise,"Kania,Lidl","en:eggs, en:mustard",False,False,False,False,True,False,Declared allergens + Dietary restrictions
Tomato Ketchup,"Kania,Lidl",,False,False,False,False,False,False,Dietary restrictions
Lait de coco,Kara,,False,False,False,False,False,False,Dietary restrictions
Natural Coconut Cream,Kara,en:nuts,False,False,True,False,False,False,Declared allergens + Dietary restrictions
Organic Coconut Milk,Kara,,False,False,False,False,False,False,Dietary restrictions
Pâte à tartiner noisettes grillées,"Karéléa, Léa Nature","en:milk, en:nuts",False,True,True,False,False,False,Declared allergens + Dietary restrictions
Organic Jumbo Porridge Oats,Kavanagh's,,False,False,False,False,False,False,Dietary restrictions
All Bran Original,Kellogg's,en:gluten,True,False,False,False,False,False,Declared allergens + Dietary restrictions
Blueberry Wheats,Kellogg's,en:gluten,True,False,False,False,False,False,Declared allergens + Dietary restrictions
Bran Flakes,Kellogg's,en:gluten,True,False,False,False,False,False,Declared allergens + Dietary restrictions
CORN FLAKES 1kg,Kellogg's,en:gluten,True,False,False,False,False,False,Declared allergens + Dietary restrictions
Cereales special K original,Kellogg's,en:gluten,True,False,False,False,False,False,Declared allergens + Dietary restrictions
Corn Flakes,Kellogg's,en:gluten,True,False,False,False,False,False,Declared allergens + Dietary restrictions
Corn Flakes Cereal,Kellogg's,en:gluten,True,False,False,False,False,False,Declared allergens + Dietary restrictions
Crunchy Nut,Kellogg's,"en:gluten, en:peanuts",True,False,True,False,False,False,Declared allergens + Dietary restrictions
Crunchy Nut Granola,Kellogg's,"en:gluten, en:milk, en:nuts, en:soybeans",True,True,True,True,False,False,Declared allergens + Dietary restrictions
Céréales All Bran Kellogg's Fibre Plus,Kellogg's,en:gluten,True,False,False,False,False,False,Declared allergens + Dietary restrictions
Céréales Extra Kellogg's Pépites Chocolat au lait,Kellogg's,"en:gluten, en:milk, en:soybeans",True,True,False,True,False,False,Declared allergens + Dietary restrictions
Céréales Extra Pepites Kellogg's Chocolat au lait,Kellogg's,"en:gluten, en:milk, en:soybeans",True,True,False,True,False,False,Declared allergens + Dietary restrictions
Céréales Extra Pépites Chocolat Noisettes,Kellogg's,"en:gluten, en:milk, en:nuts, en:soybeans",True,True,True,True,False,False,Declared allergens + Dietary restrictions
Céréales Frosties,Kellogg's,en:gluten,True,False,False,False,False,False,Declared allergens + Dietary restrictions
Céréales Miel Pops,Kellogg's,"en:gluten, en:milk, en:soybeans",True,True,False,True,False,False,Declared allergens + Dietary restrictions
Céréales Special K Kellogg's Nature,Kellogg's,en:gluten,True,False,False,False,False,False,Declared allergens + Dietary restrictions
Céréales Trésor Kellogg's Chocolat Noisettes - 1kg,Kellogg's,"en:gluten, en:milk, en:nuts",True,True,True,False,False,False,Declared allergens + Dietary restrictions
Extra chocolate y avellanas,Kellogg's,"en:gluten, en:milk, en:nuts, en:soybeans, es:avena",True,True,True,True,False,False,Declared allergens + Dietary restrictions
Froot Loops,Kellogg's,en:gluten,True,False,False,False,False,False,Declared allergens + Dietary restrictions
Frosties,Kellogg's,en:gluten,True,False,False,False,False,False,Declared allergens + Dietary restrictions
Kellogg's Tresor,Kellogg's,"en:gluten, en:milk, en:nuts",True,True,True,False,False,False,Declared allergens + Dietary restrictions
Kelloggs Fruit & Fibre 700g,Kellogg's,"en:apple, en:banana, en:gluten, en:nuts",True,False,True,False,False,False,Declared allergens + Dietary restrictions
Raisin Wheats,Kellogg's,,False,False,False,False,False,False,Dietary restrictions
Rice crispies multigrain shapes,Kellogg's,en:gluten,True,False,False,False,False,False,Declared allergens + Dietary restrictions
Special K,Kellogg's,"en:gluten, en:milk",True,True,False,False,False,False,Declared allergens + Dietary restrictions
Special K Chocolat Noir,Kellogg's,"en:gluten, en:milk",True,True,False,False,False,False,Declared allergens + Dietary restrictions
Special K Granola con avena Dark chocolate,Kellogg's,"en:gluten, en:milk, en:soybeans, es:avena",True,True,False,True,False,False,Declared allergens + Dietary restrictions
Special K High Protein,Kellogg's,"en:gluten, en:milk, en:nuts, en:peanuts, en:soybeans",True,True,True,True,False,False,Declared allergens + Dietary restrictions
Special K The Original,Kellogg's,"en:gluten, en:gluten",True,False,False,False,False,False,Declared allergens + Dietary restrictions
Special k chocolat au lait,Kellogg's,"en:gluten, en:milk, en:soybeans",True,True,False,True,False,False,Declared allergens + Dietary restrictions
Tresor - Choco Nut,Kellogg's,"en:gluten, en:milk, en:nuts, de:haselnussgeschmack",True,True,True,False,False,False,Declared allergens + Dietary restrictions
Trésor Chocolat au Lait,Kellogg's,"en:gluten, en:milk, en:soybeans",True,True,False,True,False,False,Declared allergens + Dietary restrictions
coco pops,Kellogg's,en:gluten,True,False,False,False,False,False,Declared allergens + Dietary restrictions
Céréales Extra Pepites Kellogg's Choco Noisettes,"Kellogg's, Extra, pépites","en:gluten, en:milk, en:nuts, en:soybeans",True,True,True,True,False,False,Declared allergens + Dietary restrictions
Pringles Original,"Kellogg's, Pringles",en:gluten,True,False,False,False,False,False,Declared allergens + Dietary restrictions
Smacks,"Kellogg's, Smacks",en:gluten,True,False,False,False,False,False,Declared allergens + Dietary restrictions
All-Bran Original,"Kellogg,Kellogg's",en:gluten,True,False,False,False,False,False,Declared allergens + Dietary restrictions
kelloggs corn flakes,Kelloggs,en:gluten,True,False,False,False,False,False,Declared allergens + Dietary restrictions
Rice Krispies,Kellogg’s,en:gluten,True,False,False,False,False,False,Declared allergens + Dietary restrictions
rice crispies,Kellogg’s,en:gluten,True,False,False,False,False,False,Declared allergens + Dietary restrictions
Clotted Cream Ice Cream,Kelly’s,en:milk,False,True,False,False,False,False,Declared allergens + Dietary restrictions
Le Moelleux,Ker Cadélac,"en:eggs, en:gluten, en:milk",True,True,False,False,True,False,Declared allergens + Dietary restrictions
Madeleines moelleuses nature x 24 sachets de 25 g,Ker Cadélac,"en:eggs, en:gluten, en:milk, en:soybeans",True,True,False,True,True,False,Declared allergens + Dietary restrictions
Pure Irish Butter,Kerrygold,en:milk,False,True,False,False,False,False,Declared allergens + Dietary restrictions
Softer Butter,Kerrygold,en:milk,False,True,False,False,False,False,Declared allergens + Dietary restrictions
"Kerrygold, original irische Butter aus Weidemilch","Kerrygold, Ornua Deutschland",en:milk,False,True,False,False,False,False,Declared allergens + Dietary restrictions
"Kerrgold extra XXL, ungesalzen","Kerrygold,Ornua Deutschland",en:milk,False,True,False,False,False,False,Declared allergens + Dietary restrictions
Kerrygold extra Butter & Rapsöl - ungesalzen,"Kerrygold,Ornua Deutschland",en:milk,False,True,False,False,False,False,Declared allergens + Dietary restrictions
Amora,Ketchup,,False,False,False,False,False,False,Dietary restrictions
Chips,Kettle,,False,False,False,False,False,False,Dietary restrictions
Lightly Salted Potato chips,Kettle,,False,False,False,False,False,False,Dietary restrictions
Sea Salt & Balsamic Vinegar Crisps,Kettle,,False,False,False,False,False,False,Dietary restrictions
Sea Salt & Crushed Black Peppercorns,Kettle Chips,,False,False,False,False,False,False,Dietary restrictions
Khayrat tranches.M,Khayrat,en:milk,False,True,False,False,False,False,Declared allergens + Dietary restrictions
KIDDYLICIOUS Veggie Straws - saveur Légumes - 48g (4x12g),Kiddylicious,,False,False,False,False,False,False,Dietary restrictions
Salsa de Soja,Kikkoman,"en:gluten, en:soybeans",True,False,False,True,False,False,Declared allergens + Dietary restrictions
Salsa di Soia,Kikkoman,"en:gluten, en:soybeans",True,False,False,True,False,False,Declared allergens + Dietary restrictions
Salzreduzierte Sojasauce,Kikkoman,"en:gluten, en:soybeans",True,False,False,True,False,False,Declared allergens + Dietary restrictions
Sauce soja sucrée,Kikkoman,"en:gluten, en:soybeans, en:sulphur-dioxide-and-sulphites",True,False,False,True,False,False,Declared allergens + Dietary restrictions
Sojasauce,Kikkoman,"en:gluten, en:soybeans, en:gluten, en:soybeans, en:gluten, en:soybeans",True,False,False,True,False,False,Declared allergens + Dietary restrictions
Teriyakisauce,"Kikkoman, Kikkoman - Kikkoman K.K.","en:gluten, en:soybeans, en:sulphur-dioxide-and-sulphites",True,False,False,True,False,False,Declared allergens + Dietary restrictions
Kikkoman Sojasauce,"Kikkoman,Kikkoman - Kikkoman K.K.","en:gluten, en:soybeans",True,False,False,True,False,False,Declared allergens + Dietary restrictions
Kinder Bueno,Kinder,"en:gluten, en:milk, en:nuts, en:soybeans",True,True,True,True,False,False,Declared allergens + Dietary restrictions
Kinder bueno White,Kinder,"en:gluten, en:milk, en:nuts, en:soybeans",True,True,True,True,False,False,Declared allergens + Dietary restrictions
Schokobons,Kinder,"en:milk, en:nuts, en:soybeans",False,True,True,True,False,False,Declared allergens + Dietary restrictions
kinder chocolate,Kinder,"en:milk, en:soybeans, en:milk, en:soybeans, en:palm",False,True,False,True,False,False,Declared allergens + Dietary restrictions
Kinder Country,"Kinder, Ferrero","en:gluten, en:milk, en:soybeans",True,True,False,True,False,False,Declared allergens + Dietary restrictions
Kinder Pinguin,"Kinder, Ferrero","en:eggs, en:gluten, en:milk, en:soybeans",True,True,False,True,True,False,Declared allergens + Dietary restrictions
Schoko-Bons,"Kinder, Ferrero","en:milk, en:nuts, en:soybeans",False,True,True,True,False,False,Declared allergens + Dietary restrictions
Tablette Kinder Chocolat Chocolat au Lait x16 -200g,"Kinder, Mixte","en:milk, en:soybeans",False,True,False,True,False,False,Declared allergens + Dietary restrictions
Kinder DUO,"Kinder,Ferrero","en:eggs, en:gluten, en:milk, en:soybeans",True,True,False,True,True,False,Declared allergens + Dietary restrictions
Kinder Délice 10-pack,"Kinder,Ferrero","en:eggs, en:gluten, en:milk, en:soybeans",True,True,False,True,True,False,Declared allergens + Dietary restrictions
50/50 Medium Bread,Kingsmill,"en:gluten, en:soybeans",True,False,False,True,False,False,Declared allergens + Dietary restrictions
Soft White Bread,Kingsmill,en:gluten,True,False,False,False,False,False,Declared allergens + Dietary restrictions
Kiri,Kiri,,False,False,False,False,False,False,Dietary restrictions
Kiri carré 12p,Kiri,,False,False,False,False,False,False,Dietary restrictions
Kiri carré 24p,Kiri,en:milk,False,True,False,False,False,False,Declared allergens + Dietary restrictions
Kiri carré 36,Kiri,en:milk,False,True,False,False,False,False,Declared allergens + Dietary restrictions
Kiri carré 8p,Kiri,en:milk,False,True,False,False,False,False,Declared allergens + Dietary restrictions
Kiri-Käse,Kiri,en:milk,False,True,False,False,False,False,Declared allergens + Dietary restrictions
Kiri® Crème 12 portions,Kiri,en:milk,False,True,False,False,False,False,Declared allergens + Dietary restrictions
Kiri® Crème 24 portions,Kiri,en:milk,False,True,False,False,False,False,Declared allergens + Dietary restrictions
Ancient Grains Probiotic Granola,Kirkland Signature,"en:gluten, en:nuts, en:soybeans",True,False,True,True,False,False,Declared allergens + Dietary restrictions
Organic Creamy Peanut Butter,Kirkland Signature,en:peanuts,False,False,True,False,False,False,Declared allergens + Dietary restrictions
Purified Drinking Water,Kirkland Signature,,False,False,False,False,False,False,Dietary restrictions
Spring Water,Kirkland Signature,,False,False,False,False,False,False,Dietary restrictions
Bouillon Légumes,Knorr,en:celery,False,False,False,False,False,False,Declared allergens + Dietary restrictions
Bouillon de Poule,Knorr,en:celery,False,False,False,False,False,False,Declared allergens + Dietary restrictions
Chicken Stock Pot 4 x,Knorr,en:chicken,False,False,False,False,False,False,Declared allergens + Dietary restrictions
Chicken Stock Pot 8 x,Knorr,en:chicken,False,False,False,False,False,False,Declared allergens + Dietary restrictions
Chicken stock cube,Knorr,"en:celery, en:chicken",False,False,False,False,False,False,Declared allergens + Dietary restrictions
Concentrated Vegetable Stock,Knorr,en:celery,False,False,False,False,False,False,Declared allergens + Dietary restrictions
Knorr All Purpose Seasoning Aromat,Knorr,"en:celery, en:gluten, en:milk",True,True,False,False,False,False,Declared allergens + Dietary restrictions
Knorr Soupe Déshydratée Forestière Champignons & Oignons 3 Portions,Knorr,"en:celery, en:eggs, en:gluten, en:milk, en:mustard, en:sesame-seeds",True,True,False,False,True,False,Declared allergens + Dietary restrictions
Les classiques - Velouté de 9 légumes,Knorr,"en:celery, en:milk",False,True,False,False,False,False,Declared allergens + Dietary restrictions
Secret d'arômes plein sud,Knorr,en:celery,False,False,False,False,False,False,Declared allergens + Dietary restrictions
Vegetable,Knorr,en:celery,False,False,False,False,False,False,Declared allergens + Dietary restrictions
Vegetable Stock cubes 8 x imp,Knorr,en:celery,False,False,False,False,False,False,Declared allergens + Dietary restrictions
Vegetable Stock cubes x,Knorr,en:celery,False,False,False,False,False,False,Declared allergens + Dietary restrictions
Knorr Soupe Minestrone à l'Huile d'Olive 104g 4 Portions,"Knorr, Unilever","en:celery, en:gluten",True,False,False,False,False,False,Declared allergens + Dietary restrictions
Viandox 160ml,Konrad,"en:celery, en:gluten, en:soybeans",True,False,False,True,False,False,Declared allergens + Dietary restrictions
Smooth Crèmeux,Kraft,"en:peanuts, en:soybeans, en:select-roasted-peanuts",False,False,True,True,False,False,Declared allergens + Dietary restrictions
Petits coeurs chocolat,"Kraft Foods, LU, Mondelez","en:gluten, en:milk, en:nuts, en:soybeans",True,True,True,True,False,False,Declared allergens + Dietary restrictions
Chocolat au lait du Pays Alpin,"Kraft Foods, Milka","en:milk, en:nuts, en:soybeans",False,True,True,True,False,False,Declared allergens + Dietary restrictions
Philadelphia nature 300g,"Kraft, Kraft Foods, Mondelèz International, Philadelphia",en:milk,False,True,False,False,False,False,Declared allergens + Dietary restrictions
Mayonesa sabor tradicional,"Kraft,Heinz",,False,False,False,False,False,False,Dietary restrictions
kefir,Krasnystaw,en:milk,False,True,False,False,False,False,Declared allergens + Dietary restrictions
Krisprolls,Krisprolls,en:gluten,True,False,False,False,False,False,Declared allergens + Dietary restrictions
Krisprolls complets sans sucres ajoutés,Krisprolls,en:gluten,True,False,False,False,False,False,Declared allergens + Dietary restrictions
MAGGI KUB OR L'Original - 128g,"Kub or,Maggi,Maggi Kub or",en:gluten,True,False,False,False,False,False,Declared allergens + Dietary restrictions
"Haferflocken, Blütenzarte Köllnflocken",Kölln,en:gluten,True,False,False,False,False,False,Declared allergens + Dietary restrictions
Cornichons aigres-doux Recette Paysanne,Kûhne,en:mustard,False,False,False,False,False,False,Declared allergens + Dietary restrictions
Röstzwiebeln,Kühne,en:gluten,True,False,False,False,False,False,Declared allergens + Dietary restrictions
Houmous extra - Pois chiches français & graines de sésame,L'atelier Blini,en:sesame-seeds,False,False,False,False,False,False,Declared allergens + Dietary restrictions
La Belle Margarine 500g,LA BELLE 220da,en:soybeans,False,False,False,True,False,False,Declared allergens + Dietary restrictions
Fromage Produit laitiers,LA VACHE QUI RIT,en:milk,False,True,False,False,False,False,Declared allergens + Dietary restrictions
Jambon Végétal Fumé,LA VIE,en:soybeans,False,False,False,True,False,False,Declared allergens + Dietary restrictions
La Vie Jambon Végétal,LA VIE,en:soybeans,False,False,False,True,False,False,Declared allergens + Dietary restrictions
Kéfir,LACTEL,en:milk,False,True,False,False,False,False,Declared allergens + Dietary restrictions
Thon entier à l’huile d’olive,LE SAVOUREUX,en:fish,False,False,False,False,False,True,Declared allergens + Dietary restrictions
LKK's PREMIUM DARK SOY SAUCE,LEE KUM KEE,"en:gluten, en:soybeans",True,False,False,True,False,False,Declared allergens + Dietary restrictions
PREMIUM SOY SAUCE,LEE KUM KEE,"en:gluten, en:soybeans",True,False,False,True,False,False,Declared allergens + Dietary restrictions
Flocons avoine,LIDL,en:gluten,True,False,False,False,False,False,Declared allergens + Dietary restrictions
Lidl Organic Dark Chocolate,LIDL,en:soybeans,False,False,False,True,False,False,Declared allergens + Dietary restrictions
Lightly salted tortilla,LIDL,,False,False,False,False,False,False,Dietary restrictions
Pâte à tartiner cacao noisettes bio,LIDL,"en:milk, en:nuts",False,True,True,False,False,False,Declared allergens + Dietary restrictions
Früchte Hafer-Müsli,"LIDL, Crownfield","en:gluten, en:nuts",True,False,True,False,False,False,Declared allergens + Dietary restrictions
Huile d'olive vierge extra origine Espagne extraite à froid bio,"LIDL, PRIMADONNA",,False,False,False,False,False,False,Dietary restrictions
Excellence 85% Cacao Rich Dark,LINDT,,False,False,False,False,False,False,Dietary restrictions
BelVita - Petit déjeuner Tartiné,LU,"en:gluten, en:nuts, en:soybeans",True,False,True,True,False,False,Declared allergens + Dietary restrictions
Belvita Original Petit-Déjeuner miel et pépites de chocolat,LU,"en:gluten, en:milk, en:soybeans",True,True,False,True,False,False,Declared allergens + Dietary restrictions
Biscotte gout brioche heudebert,LU,"en:gluten, en:milk",True,True,False,False,False,False,Declared allergens + Dietary restrictions
Cracotte,LU,"en:gluten, en:milk",True,True,False,False,False,False,Declared allergens + Dietary restrictions
Cracotte fibres,LU,"en:gluten, en:milk",True,True,False,False,False,False,Declared allergens + Dietary restrictions
Granola LU,LU,"en:gluten, en:milk, en:soybeans",True,True,False,True,False,False,Declared allergens + Dietary restrictions
Grany Noisettes 5 céréales,LU,"en:gluten, en:nuts",True,False,True,False,False,False,Declared allergens + Dietary restrictions
LU - Grany pommes,LU,"en:gluten, fr:avoine",True,False,False,False,False,False,Declared allergens + Dietary restrictions
La Barquette (chocolat),LU,"en:eggs, en:gluten, en:milk, en:nuts, en:soybeans",True,True,True,True,True,False,Declared allergens + Dietary restrictions
Le Petit Beurre,LU,"en:gluten, en:milk",True,True,False,False,False,False,Declared allergens + Dietary restrictions
Lulu La Barquette Fraise,LU,"en:eggs, en:gluten",True,False,False,False,True,False,Declared allergens + Dietary restrictions
Mikado Chocolat au lait,LU,"en:gluten, en:milk, en:soybeans",True,True,False,True,False,False,Declared allergens + Dietary restrictions
Moelleux goût choco-noisette,LU,"en:gluten, en:milk, en:soybeans, fr:avoine, fr:avoine",True,True,False,True,False,False,Declared allergens + Dietary restrictions
Petit écolier chocolat noir pur beurre de cacao,LU,"en:gluten, en:milk, en:soybeans",True,True,False,True,False,False,Declared allergens + Dietary restrictions
Pim's Sinaasappel,LU,"en:eggs, en:gluten, en:milk, en:soybeans",True,True,False,True,True,False,Declared allergens + Dietary restrictions
Prince -  Goût Lait -  Choco Au Blé Compet,LU,"en:eggs, en:gluten, en:milk, en:soybeans",True,True,False,True,True,False,Declared allergens + Dietary restrictions
Prince Goût Chocolat,LU,"en:eggs, en:gluten, en:milk, en:soybeans",True,True,False,True,True,False,Declared allergens + Dietary restrictions
Prince Multicéréales Goût Chocolat Au Blé Complet,LU,"en:eggs, en:gluten, en:milk, en:soybeans",True,True,False,True,True,False,Declared allergens + Dietary restrictions
Prince goût tout Choco au blé complet,LU,"en:gluten, en:milk, en:soybeans",True,True,False,True,False,False,Declared allergens + Dietary restrictions
Sablé des FLANDRES,LU,"en:eggs, en:gluten, en:milk",True,True,False,False,True,False,Declared allergens + Dietary restrictions
Véritable Petit écolier Pocket Chocolat au Lait,LU,"en:gluten, en:milk, en:nuts, en:soybeans",True,True,True,True,False,False,Declared allergens + Dietary restrictions
Pain grillé au blé complet,LU Pelletier,en:gluten,True,False,False,False,False,False,Declared allergens + Dietary restrictions
Milka galette choco,"LU, Milka","en:gluten, en:milk, en:soybeans",True,True,False,True,False,False,Declared allergens + Dietary restrictions
Bastogne,"LU, Mondelez","en:eggs, en:gluten, en:sesame-seeds",True,False,False,False,True,False,Declared allergens + Dietary restrictions
Granola L'Original,"LU, Mondelez International","en:gluten, en:milk, en:soybeans",True,True,False,True,False,False,Declared allergens + Dietary restrictions
Sablés beurré nantais,"LU, Mondelez International","en:gluten, en:milk",True,True,False,False,False,False,Declared allergens + Dietary restrictions
Napolitain l'Original,"LU, Mondelez, Mondelez International","en:eggs, en:gluten, en:milk, en:soybeans",True,True,False,True,True,False,Declared allergens + Dietary restrictions
Véritable petit beurre,"LU, Mondelez, Mondelez international","en:gluten, en:milk",True,True,False,False,False,False,Declared allergens + Dietary restrictions
Pain grillé Pelletier,"LU, Pelletier",en:gluten,True,False,False,False,False,False,Declared allergens + Dietary restrictions
Toast brioché,"LU, Pelletier","en:eggs, en:gluten, en:milk, en:sesame-seeds",True,True,False,False,True,False,Declared allergens + Dietary restrictions
BelVita Original Petit Déjeuner pépites de chocolat,"LU, belVita","en:gluten, en:milk, en:soybeans",True,True,False,True,False,False,Declared allergens + Dietary restrictions
Belvita Petit Déjeuner Chocolat,"LU,Mondelez","en:gluten, en:milk, en:soybeans",True,True,False,True,False,False,Declared allergens + Dietary restrictions
Chamonix,"LU,Mondelez","en:eggs, en:gluten, en:milk, en:nuts, en:sesame-seeds",True,True,True,False,True,False,Declared allergens + Dietary restrictions
Cracotte Chocolat,"LU,Mondelez","en:gluten, en:milk, en:soybeans",True,True,False,True,False,False,Declared allergens + Dietary restrictions
Figolu,"LU,Mondelez",en:gluten,True,False,False,False,False,False,Declared allergens + Dietary restrictions
Pepito lu pépite choco,"LU,Mondelez","en:eggs, en:gluten, en:milk, en:soybeans",True,True,False,True,True,False,Declared allergens + Dietary restrictions
Lulu L'Ourson Chocolat,"LU,Mondelez International","en:eggs, en:gluten, en:milk, en:soybeans",True,True,False,True,True,False,Declared allergens + Dietary restrictions
Véritable Petit Écolier Chocolat au Lait,"LU,Mondelez International","en:gluten, en:milk, en:soybeans",True,True,False,True,False,False,Declared allergens + Dietary restrictions
Petit écolier tendre coeur au lait,"LU,Mondelez international","en:eggs, en:gluten, en:milk, en:soybeans",True,True,False,True,True,False,Declared allergens + Dietary restrictions
Príncipe crema de chocolate,"LU,Mondelēz","en:gluten, en:milk, en:soybeans",True,True,False,True,False,False,Declared allergens + Dietary restrictions
Véritable petit beurre🧈,LUMondelez,"en:gluten, en:milk",True,True,False,False,False,False,Declared allergens + Dietary restrictions
Pain de mie grandes tranches Avoine & Graines 500g,La BOULANGÈRE,en:gluten,True,False,False,False,False,False,Declared allergens + Dietary restrictions
Sel de mer fin,La Baleine,,False,False,False,False,False,False,Dietary restrictions
4 Baguettes viennoises 340g,La Boulangère,"en:eggs, en:gluten, en:milk",True,True,False,False,True,False,Declared allergens + Dietary restrictions
6 pains suedois 180g,La Boulangère,en:gluten,True,False,False,False,False,False,Declared allergens + Dietary restrictions
Brioche Tranchée Bio 400g,La Boulangère,"en:eggs, en:gluten",True,False,False,False,True,False,Declared allergens + Dietary restrictions
Pain Carré Doré 525g,La Boulangère,en:gluten,True,False,False,False,False,False,Declared allergens + Dietary restrictions
Pain de mie Bio grandes tranches complet sans sucres ajoutés 500g,La Boulangère,en:gluten,True,False,False,False,False,False,Declared allergens + Dietary restrictions
Pain de mie grandes tranches Toastiligne céréales & graines 500g,La Boulangère,en:gluten,True,False,False,False,False,False,Declared allergens + Dietary restrictions
Tartines céréales 450g,La Boulangère,en:gluten,True,False,False,False,False,False,Declared allergens + Dietary restrictions
8 Pains au lait frais Bio 280g,"La Boulangère Bio, La boulangere","en:eggs, en:gluten, en:milk",True,True,False,False,True,False,Declared allergens + Dietary restrictions
Pain de mie Bio petites tranches complet & levain sans sucres ajoutés 280g,"La Boulangère Bio, La boulangere",en:gluten,True,False,False,False,False,False,Declared allergens + Dietary restrictions
Tartines Bio quinoa & graines 450g,"La Boulangère Bio,La boulangere",en:gluten,True,False,False,False,False,False,Declared allergens + Dietary restrictions
Pain De Mie Bio,"La Boulangère,La Boulangère Bio",en:gluten,True,False,False,False,False,False,Declared allergens + Dietary restrictions
PECHUGUITA DE POLLO ASADA AL HORNO,La Carloteña,,False,False,False,False,False,False,Dietary restrictions
Cacao puro desgrasado en polvo,"La Chocolatera,Valor",,False,False,False,False,False,False,Dietary restrictions
8 Navettes au beurre frais et à la crème fraîche,La Fournée Dorée,"en:eggs, en:gluten, en:milk",True,True,False,False,True,False,Declared allergens + Dietary restrictions
Brioche tranchée à la crème fraîche,La Fournée Dorée,"en:eggs, en:gluten, en:milk",True,True,False,False,True,False,Declared allergens + Dietary restrictions
La gâche tranchée,La Fournée Dorée,"en:eggs, en:gluten, en:milk",True,True,False,False,True,False,Declared allergens + Dietary restrictions
la hollandaise 16p cheddar,La Hollandaise,en:milk,False,True,False,False,False,False,Declared allergens + Dietary restrictions
الهاندس,La Hollandaise,,False,False,False,False,False,False,Dietary restrictions
Sirop de grenadine,La Maison Guiot,,False,False,False,False,False,False,Dietary restrictions
Muștar de Masă,La Minut,,False,False,False,False,False,False,Dietary restrictions
La Grande Galette pur beurre,La Mère Poulard,"en:eggs, en:gluten, en:milk, en:eggs",True,True,False,False,True,False,Declared allergens + Dietary restrictions
Le Palet pur beurre,La Mère Poulard,"en:eggs, en:gluten, en:milk",True,True,False,False,True,False,Declared allergens + Dietary restrictions
Le Sablé pur beurre,La Mère Poulard,"en:eggs, en:gluten, en:milk",True,True,False,False,True,False,Declared allergens + Dietary restrictions
Rostlinná slanina,La Vie,"en:soybeans, en:soybeans",False,False,False,True,False,False,Declared allergens + Dietary restrictions
Bacon Vegetal Fumé,"La Vie, la vie foods",en:soybeans,False,False,False,True,False,False,Declared allergens + Dietary restrictions
Bonbon à la Sève de Pin,"La Vosgienne, Mondelez",,False,False,False,False,False,False,Dietary restrictions
Sel Fin,La baleine,,False,False,False,False,False,False,Dietary restrictions
Sel de mer,La baleine,,False,False,False,False,False,False,Dietary restrictions
Sel fin iodé et fluoré,La baleine,,False,False,False,False,False,False,Dietary restrictions
Tartines campagne 450g,La boulangere,en:gluten,True,False,False,False,False,False,Declared allergens + Dietary restrictions
Pain de mie Bio grandes tranches céréales & graines 500g,La boulangère bio,en:gluten,True,False,False,False,False,False,Declared allergens + Dietary restrictions
Sauce chiltepin,La lumbre,,False,False,False,False,False,False,Dietary restrictions
03.06.2024 DEU101H 0?:14 4,La vache qui rit,en:milk,False,True,False,False,False,False,Declared allergens + Dietary restrictions
La Vache Qui Rit Edam,La vache qui rit,,False,False,False,False,False,False,Dietary restrictions
La vache qui rit,La vache qui rit,en:milk,False,True,False,False,False,False,Declared allergens + Dietary restrictions
"La vache qui rit 17,5%MG 16P 256G",La vache qui rit,en:milk,False,True,False,False,False,False,Declared allergens + Dietary restrictions
Le Bloc,La vache qui rit,en:milk,False,True,False,False,False,False,Declared allergens + Dietary restrictions
Emmental râpé,"Lactalis, Président",en:milk,False,True,False,False,False,False,Declared allergens + Dietary restrictions
La bûche fondante,"Lactalis, Président",en:milk,False,True,False,False,False,False,Declared allergens + Dietary restrictions
PRESIDENT BURGER CHEDDAR EMMENTAL 12 TRANCHES 200g,"Lactalis, Président",en:milk,False,True,False,False,False,False,Declared allergens + Dietary restrictions
President emmental coeur de meule 250g,"Lactalis, Président",en:milk,False,True,False,False,False,False,Declared allergens + Dietary restrictions
President spreadable lightly salted,"Lactalis, Président",en:milk,False,True,False,False,False,False,Declared allergens + Dietary restrictions
Salakis 100% Brebis,"Lactalis, Salakis",en:milk,False,True,False,False,False,False,Declared allergens + Dietary restrictions
CHAUSSEE AUX MOINES 340g,"Lactalis, chaussée aux moines",en:milk,False,True,False,False,False,False,Declared allergens + Dietary restrictions
Roquefort Société,"Lactalis,Société",en:milk,False,True,False,False,False,False,Declared allergens + Dietary restrictions
Lait 100 % français Matin Léger® Demi-Écrémé,Lactel,en:milk,False,True,False,False,False,False,Declared allergens + Dietary restrictions
Lait Bio Demi-Écrémé sans lactose,Lactel,"en:eggs, en:milk",False,True,False,False,True,False,Declared allergens + Dietary restrictions
Matin léger sans lactose 0% MG,Lactel,en:milk,False,True,False,False,False,False,Declared allergens + Dietary restrictions
kinder delice,"Lactel, Ferrero","en:eggs, en:gluten, en:milk, en:soybeans",True,True,False,True,True,False,Declared allergens + Dietary restrictions
Natural Bio Yogurt,Lancashire Farm,en:milk,False,True,False,False,False,False,Declared allergens + Dietary restrictions
campo verde,Landor,en:milk,False,True,False,False,False,False,Declared allergens + Dietary restrictions
Crispy Chili in Oil,Lao Gan Ma,en:soybeans,False,False,False,True,False,False,Declared allergens + Dietary restrictions
Chips paysanne nature,Lay's,,False,False,False,False,False,False,Dietary restrictions
Lays,Lay's,,False,False,False,False,False,False,Dietary restrictions
Chips nature,"Lay's, Lays",,False,False,False,False,False,False,Dietary restrictions
Pomme de terre nature,"Lay's, Lays",,False,False,False,False,False,False,Dietary restrictions
Laus nature,"Lay's, Lays, PepsiCo",,False,False,False,False,False,False,Dietary restrictions
Chips recette paysanne nature,Lays,,False,False,False,False,False,False,Dietary restrictions
Cuites au four nature,Lay’s,,False,False,False,False,False,False,Dietary restrictions
Cream Cheese,Le Berger,,False,False,False,False,False,False,Dietary restrictions
Fromage tartinable Nature,"Le Fromage Fouetté Madame Loïk, Paysan Breton",en:milk,False,True,False,False,False,False,Declared allergens + Dietary restrictions
Paysan Breton - Le Fromage Fouetté Madame Loïk - Nature au Sel de Guérande,"Le Fromage Fouetté Madame Loïk, Paysan breton",en:milk,False,True,False,False,False,False,Declared allergens + Dietary restrictions
Paysan Breton - Le Fromage Fouetté Madame Loïk - Nature au Sel de Guérande - Sel réduit -25%,"Le Fromage Fouetté Madame Loïk, Paysan breton",en:milk,False,True,False,False,False,False,Declared allergens + Dietary restrictions
Cordon bleu Le Gaulois,Le Gaulois,"en:gluten, en:milk",True,True,False,False,False,False,Declared allergens + Dietary restrictions
Sel moulu de Guérande,Le Guérandais,,False,False,False,False,False,False,Dietary restrictions
Salad Sauce | Dijonnaise | Without Oil,Le Jardin d'Orante,en:mustard,False,False,False,False,False,False,Declared allergens + Dietary restrictions
pain des fleurs sarrasin,Le Pain des fleurs,fr:sarrasin,False,False,False,False,False,False,Declared allergens + Dietary restrictions
Douceur de brebis nature,Le Petit Basque,en:milk,False,True,False,False,False,False,Declared allergens + Dietary restrictions
Camembert,Le Rustique,en:milk,False,True,False,False,False,False,Declared allergens + Dietary restrictions
Camembert Le Rustique,Le Rustique,en:milk,False,True,False,False,False,False,Declared allergens + Dietary restrictions
FLEUR DE SEL,Le Saunier de Camargue,,False,False,False,False,False,False,Dietary restrictions
20 madeleines longues aux œufs frais,Le Ster,"en:eggs, en:gluten, en:milk",True,True,False,False,True,False,Declared allergens + Dietary restrictions
Crêpes de Landerneau x (12 x 25 g),Le Ster,"en:eggs, en:gluten, en:milk",True,True,False,False,True,False,Declared allergens + Dietary restrictions
Madeleines Longues Marbrées chocolat,Le Ster,"en:eggs, en:gluten, en:milk, en:soybeans",True,True,False,True,True,False,Declared allergens + Dietary restrictions
Panés de poulet x2,Le gaulois,en:gluten,True,False,False,False,False,False,Declared allergens + Dietary restrictions
Lea and perrins,Lea & Perrins,"en:fish, en:gluten",True,False,False,False,False,True,Declared allergens + Dietary restrictions
Worcestershire Sauce,Lea & Perrins,"en:fish, en:gluten",True,False,False,False,False,True,Declared allergens + Dietary restrictions
Fakiat,Leaderfood,,False,False,False,False,False,False,Dietary restrictions
Margarine patissière,Ledda,en:soybeans,False,False,False,True,False,False,Declared allergens + Dietary restrictions
Panda Brand Oyster Flavoured Sauce,Lee Kum Kee,"en:gluten, en:molluscs",True,False,False,False,False,False,Declared allergens + Dietary restrictions
Cheese leerdammer original,Leerdammer,en:milk,False,True,False,False,False,False,Declared allergens + Dietary restrictions
Leerdammer original 16 tranches 400g,Leerdammer,en:milk,False,True,False,False,False,False,Declared allergens + Dietary restrictions
Leerdammer original 8 tranches 200g,Leerdammer,en:milk,False,True,False,False,False,False,Declared allergens + Dietary restrictions
Light,Leerdammer,en:milk,False,True,False,False,False,False,Declared allergens + Dietary restrictions
Creme a tartiner,Leka c,"en:milk, en:nuts, en:soybeans",False,True,True,True,False,False,Declared allergens + Dietary restrictions
Camembert lepetit 250g 21%,Lepetit,en:milk,False,True,False,False,False,False,Declared allergens + Dietary restrictions
Chicoree liquide 250 ml,Leroux,,False,False,False,False,False,False,Dietary restrictions
Chicoree soluble nature bio 100g,Leroux,en:gluten,True,False,False,False,False,False,Declared allergens + Dietary restrictions
Chicorée soluble nature,Leroux,,False,False,False,False,False,False,Dietary restrictions
Framboise délicate,Les 2 Vaches,en:milk,False,True,False,False,False,False,Declared allergens + Dietary restrictions
Les 2 Vaches Vanille Bio de Madagascar 4 x 115 g,Les 2 Vaches,en:milk,False,True,False,False,False,False,Declared allergens + Dietary restrictions
Yaourt saveur myrtille sauvage,Les 2 Vaches,en:milk,False,True,False,False,False,False,Declared allergens + Dietary restrictions
Crèmeuh chocolat,Les 2 vaches,en:milk,False,True,False,False,False,False,Declared allergens + Dietary restrictions
Joly,Les Conserveries Marocaines Doha,en:fish,False,False,False,False,False,True,Declared allergens + Dietary restrictions
Ain Atlas 33cl EAU MINÉRALE NATURELLE,Les Eaux Minérale D'Oulmès,,False,False,False,False,False,False,Dietary restrictions
Bul'tropicale,"Les Eaux Minérales d'Oulmès, Oulmès",,False,False,False,False,False,False,Dietary restrictions
Lait uht 1/2 ecreme bt 1l,"Les Mousquetaires, Páturages, Sélection des Mousquetaires",en:milk,False,True,False,False,False,False,Declared allergens + Dietary restrictions
Oulmes natural carbonated water,Les eaux minérales d'Oulmès S.A.,,False,False,False,False,False,False,Dietary restrictions
Cœur de Tournesol,Lesieur,,False,False,False,False,False,False,Dietary restrictions
Fleur de Colza,Lesieur,,False,False,False,False,False,False,Dietary restrictions
Huile Isio 4,Lesieur,,False,False,False,False,False,False,Dietary restrictions
Huile Lesieur 3 Graines,Lesieur,en:soybeans,False,False,False,True,False,False,Declared allergens + Dietary restrictions
"Huile de table équilibrée riche en vitamines A,E,D3",Lesieur,en:soybeans,False,False,False,True,False,False,Declared allergens + Dietary restrictions
Ketchup Lesieur 250 g,Lesieur,,False,False,False,False,False,False,Dietary restrictions
Lessieur 220g,Lesieur,,False,False,False,False,False,False,Dietary restrictions
Mayonnaise Classique à l'huile de colza,Lesieur,"en:eggs, en:mustard",False,False,False,False,True,False,Declared allergens + Dietary restrictions
Huile de tournesol,Lesieur Cristal,,False,False,False,False,False,False,Dietary restrictions
Classic extra virgin oil,"Lesieur, Monini",,False,False,False,False,False,False,Dietary restrictions
Huile de table équilibrée,"Lesieur,Cristal",en:soybeans,False,False,False,True,False,False,Declared allergens + Dietary restrictions
Basmati Microwave Rice,Lidl,,False,False,False,False,False,False,Dietary restrictions
Belladonna Löslicher Kaffee Entkoffeiniert,Lidl,,False,False,False,False,False,False,Dietary restrictions
Bio Mango-Lime,Lidl,,False,False,False,False,False,False,Dietary restrictions
Bio crackers,Lidl,"en:gluten, en:sesame-seeds",True,False,False,False,False,False,Declared allergens + Dietary restrictions
Creme de amendoim,Lidl,en:peanuts,False,False,True,False,False,False,Declared allergens + Dietary restrictions
Danpak Spreadable Lighter,Lidl,en:milk,False,True,False,False,False,False,Declared allergens + Dietary restrictions
Deluxe Really Nutty Muesli,Lidl,"en:gluten, en:nuts, en:sulphur-dioxide-and-sulphites, fr:avoine",True,False,True,False,False,False,Declared allergens + Dietary restrictions
Lait d'amande,Lidl,en:nuts,False,False,True,False,False,False,Declared allergens + Dietary restrictions
Manuka Honey,Lidl,,False,False,False,False,False,False,Dietary restrictions
Organic Tofu,Lidl,en:soybeans,False,False,False,True,False,False,Declared allergens + Dietary restrictions
Polpa Finely Chopped Italian Tomatoes,Lidl,,False,False,False,False,False,False,Dietary restrictions
Premium Fruit & Nut Muesli,Lidl,"en:banana, en:gluten, en:nuts, en:sulphur-dioxide-and-sulphites, en:pumpkin-seeds, en:sunflower-seeds",True,False,True,False,False,False,Declared allergens + Dietary restrictions
Protein Bar,Lidl,"en:milk, en:soybeans, de:molkeneiweißisolat, en:milk",False,True,False,True,False,False,Declared allergens + Dietary restrictions
Smooth peanut butter,Lidl,en:peanuts,False,False,True,False,False,False,Declared allergens + Dietary restrictions
Soya Unsweetened plant based,Lidl,en:soybeans,False,False,False,True,False,False,Declared allergens + Dietary restrictions
Spreadable west contry butter,Lidl,en:milk,False,True,False,False,False,False,Declared allergens + Dietary restrictions
Taste of Gorgeous Green,Lidl,en:celery,False,False,False,False,False,False,Declared allergens + Dietary restrictions
Tomato lentils,Lidl,,False,False,False,False,False,False,Dietary restrictions
Œufs frais plein air,Lidl,en:eggs,False,False,False,False,True,False,Declared allergens + Dietary restrictions
Cioccolato Extra Fondente 95% Cacao,Lidl - J. D. Gross,,False,False,False,False,False,False,Dietary restrictions
Fromage blanc 0%,"Lidl Envia,envia",en:milk,False,True,False,False,False,False,Declared allergens + Dietary restrictions
Jus de pomme,Lidl Solevita,,False,False,False,False,False,False,Dietary restrictions
Erdnussbutter  creamy,"Lidl, Maribel",en:peanuts,False,False,True,False,False,False,Declared allergens + Dietary restrictions
Miel de fleurs crémeux,"Lidl, Maribel",,False,False,False,False,False,False,Dietary restrictions
Bio Flüssiger Honig Goldklar,"Lidl, Maribel, Marlene",,False,False,False,False,False,False,Dietary restrictions
Pain de mie complet sans croûte,"Lidl, Maître Jean Pierre","en:gluten, fr:avoine, fr:avoine",True,False,False,False,False,False,Declared allergens + Dietary restrictions
Pétillante Saveur Citron vert,"Lidl, Saguaro",,False,False,False,False,False,False,Dietary restrictions
Cake aux Fruits - Tranché,"Lidl, Sondey","en:eggs, en:gluten",True,False,False,False,True,False,Declared allergens + Dietary restrictions
Captain Rondo Cacao,"Lidl, Sondey","en:gluten, en:milk",True,True,False,False,False,False,Declared allergens + Dietary restrictions
Carres graines pepites de chocolat,"Lidl, Sondey","en:eggs, en:gluten, en:milk, en:sesame-seeds",True,True,False,False,True,False,Declared allergens + Dietary restrictions
cassonade,"Lidl, navarre",,False,False,False,False,False,False,Dietary restrictions
Doce Extra Fresa Morango,"Lidl,Maribel",,False,False,False,False,False,False,Dietary restrictions
pain de mie grandes tranches spécial sandwich complet,"Lidl,Maître Jean Pierre",en:gluten,True,False,False,False,False,False,Declared allergens + Dietary restrictions
Mozzarella,"Lidl,Milbona,Lovilio,Pure Via",en:milk,False,True,False,False,False,False,Declared allergens + Dietary restrictions
Olive oil,"Lidl,Primadonna",,False,False,False,False,False,False,Dietary restrictions
Sasanki,"Lidl,Roland,Sondey,Trium","en:gluten, en:sesame-seeds",True,False,False,False,False,False,Declared allergens + Dietary restrictions
Houmous,"Lidl,Saladinettes",en:sesame-seeds,False,False,False,False,False,False,Declared allergens + Dietary restrictions
Biscuits Germe de Blé et Pépites de Chocolat,"Lidl,Sondey","en:gluten, en:soybeans",True,False,False,True,False,False,Declared allergens + Dietary restrictions
Mouliné de 10 légumes,Liebig,"en:celery, en:milk",False,True,False,False,False,False,Declared allergens + Dietary restrictions
Velouté de 12 legumes,Liebig,"en:celery, en:milk",False,True,False,False,False,False,Declared allergens + Dietary restrictions
Velouté de légumes,Liebig,"en:celery, en:gluten, en:milk",True,True,False,False,False,False,Declared allergens + Dietary restrictions
Salsa original,"Ligeresa,Unilever","en:eggs, en:gluten, en:soybeans",True,False,False,True,True,False,Declared allergens + Dietary restrictions
Délices au Caramel,Lightbody,"en:gluten, en:milk, en:soybeans, fr:avoine, fr:avoine",True,True,False,True,False,False,Declared allergens + Dietary restrictions
مارغرين المائدة,Lilia,en:milk,False,True,False,False,False,False,Declared allergens + Dietary restrictions
Vegetarian Sausages,Linda McCartney's,"en:gluten, en:soybeans, en:sulphur-dioxide-and-sulphites",True,False,False,True,False,False,Declared allergens + Dietary restrictions
CARAMEL,Lindt,en:milk,False,True,False,False,False,False,Declared allergens + Dietary restrictions
Création Rocher Noir,Lindt,"en:gluten, en:milk, en:nuts, en:soybeans",True,True,True,True,False,False,Declared allergens + Dietary restrictions
Excellence Lait Extra Fondant,Lindt,"en:gluten, en:milk, en:soybeans",True,True,False,True,False,False,Declared allergens + Dietary restrictions
Excellence Noir Caramel à la pointe de sel,Lindt,"en:milk, en:soybeans",False,True,False,True,False,False,Declared allergens + Dietary restrictions
Excellence Noir Corsé 78% Cacao,Lindt,en:milk,False,True,False,False,False,False,Declared allergens + Dietary restrictions
Excellence Noir Intense 70% Cacao,Lindt,,False,False,False,False,False,False,Dietary restrictions
Excellence Noir Orange Intense,Lindt,"en:milk, en:nuts, en:soybeans",False,True,True,True,False,False,Declared allergens + Dietary restrictions
Excellence Noir Puissant 85% Cacao,Lindt,,False,False,False,False,False,False,Dietary restrictions
Excellence Noir à la Pointe de Fleur de Sel,Lindt,"en:milk, en:soybeans",False,True,False,True,False,False,Declared allergens + Dietary restrictions
Excellence À la Pointe de Fleur de Sel Noir,Lindt,"en:milk, en:soybeans",False,True,False,True,False,False,Declared allergens + Dietary restrictions
LINDT EXCELLENCE 100% COCOA,Lindt,en:soybeans,False,False,False,True,False,False,Declared allergens + Dietary restrictions
Lindt Excellence Dark 70% Cocoa,Lindt,,False,False,False,False,False,False,Dietary restrictions
Lindt Excellence Dark Orange Intense,Lindt,"en:milk, en:nuts, en:soybeans",False,True,True,True,False,False,Declared allergens + Dietary restrictions
Lindt Excellence Milk Chocolate 100g,Lindt,"en:gluten, en:milk, en:soybeans",True,True,False,True,False,False,Declared allergens + Dietary restrictions
Lindt lait extra fin,Lindt,"en:gluten, en:milk, en:soybeans",True,True,False,True,False,False,Declared allergens + Dietary restrictions
Milk Hazelnut,Lindt,"en:gluten, en:milk, en:nuts, en:soybeans, en:amandes, en:lait, en:laitier, en:noisettes, en:orge",True,True,True,True,False,False,Declared allergens + Dietary restrictions
Mint Intense,Lindt,"en:milk, en:soybeans",False,True,False,True,False,False,Declared allergens + Dietary restrictions
Noir intense dessert 70%,Lindt,en:soybeans,False,False,False,True,False,False,Declared allergens + Dietary restrictions
Excellence Noir Sésame Grillé,Lindt & Sprüngli,"en:milk, en:sesame-seeds, en:soybeans",False,True,False,True,False,False,Declared allergens + Dietary restrictions
Framboise Intense,Lindt & Sprüngli,"en:milk, en:soybeans",False,True,False,True,False,False,Declared allergens + Dietary restrictions
lindt,Lindt & Sprüngli,"en:milk, en:nuts, en:soybeans",False,True,True,True,False,False,Declared allergens + Dietary restrictions
Excellence Noir Délicat Doux 85% Cacao,Lindt EXCELLENCE,,False,False,False,False,False,False,Dietary restrictions
Edelbitterschokolade Mild 90%,"Lindt EXCELLENCE,Lindt",,False,False,False,False,False,False,Dietary restrictions
Bitter Extra Kraftig,Lindt Excellence,en:milk,False,True,False,False,False,False,Declared allergens + Dietary restrictions
Dunkle Schweizer Schokolade mit Chili-Extrakt,Lindt Excellence,"en:milk, en:soybeans, fr:butterfat",False,True,False,True,False,False,Declared allergens + Dietary restrictions
Excellence Noir Subtil Doux 70% Cacao,"Lindt Excellence,Lindt",en:soybeans,False,False,False,True,False,False,Declared allergens + Dietary restrictions
Cold Milled Flaxseed,Linwoods,,False,False,False,False,False,False,Dietary restrictions
"Flaxseed, Sunflower, Pumpkin & Chia Seeds & Goji Berries",Linwoods,,False,False,False,False,False,False,Dietary restrictions
Huile de table,Lio,,False,False,False,False,False,False,Dietary restrictions
Ice Tea Pêche,Lipton,,False,False,False,False,False,False,Dietary restrictions
Ice tea,Lipton,,False,False,False,False,False,False,Dietary restrictions
Ice tea saveur pêche,Lipton,,False,False,False,False,False,False,Dietary restrictions
Lipton Peche ice tea,Lipton,,False,False,False,False,False,False,Dietary restrictions
Pêche Ice Tea,Lipton,,False,False,False,False,False,False,Dietary restrictions
Yellow Label,Lipton,,False,False,False,False,False,False,Dietary restrictions
lipton yellow label tea x25,Lipton,,False,False,False,False,False,False,Dietary restrictions
saveur pêche ici tea,Lipton,,False,False,False,False,False,False,Dietary restrictions
saveur fruit rouge ice tea,Lipton Ice tea,,False,False,False,False,False,False,Dietary restrictions
Passionfruit & Mango Mochi Ice Cream,Little Moons,"en:nuts, en:soybeans",False,False,True,True,False,False,Declared allergens + Dietary restrictions
High Protein Granola Nuts & Seeds,Lizi's,"en:gluten, en:nuts, en:soybeans",True,False,True,True,False,False,Declared allergens + Dietary restrictions
Original Nuts & Seeds imp,Lizi's,en:nuts,False,False,True,False,False,False,Declared allergens + Dietary restrictions
Low Sugar Nuts & Seeds Granola imp,Lizi’s,en:nuts,False,False,True,False,False,False,Declared allergens + Dietary restrictions
Yorkshire Cottage Cheese Natural,Longley Farm,en:milk,False,True,False,False,False,False,Declared allergens + Dietary restrictions
Biscoff,Lotus,"en:gluten, en:soybeans",True,False,False,True,False,False,Declared allergens + Dietary restrictions
Biscoff Crunchy Pâte À Tartiner,Lotus,"en:gluten, en:soybeans",True,False,False,True,False,False,Declared allergens + Dietary restrictions
Biscoff à tartiner,Lotus,"en:gluten, en:soybeans",True,False,False,True,False,False,Declared allergens + Dietary restrictions
Gaufre de Liège - Perles de sucre,Lotus,"en:eggs, en:gluten, en:soybeans",True,False,False,True,True,False,Declared allergens + Dietary restrictions
Gaufres de Liège perles de sucre,Lotus,"en:eggs, en:gluten, en:soybeans",True,False,False,True,True,False,Declared allergens + Dietary restrictions
LOTUS BISCOFF Speculoos Fourré - Crème Speculoos - 150g,Lotus,"en:gluten, en:soybeans",True,False,False,True,False,False,Declared allergens + Dietary restrictions
LOTUS BISCOFF Speculoos Fourré - Crème saveur Chocolat - 150g,Lotus,"en:gluten, en:milk, en:soybeans",True,True,False,True,False,False,Declared allergens + Dietary restrictions
LOTUS BISCOFF Speculoos Original Pocket - 186g (12x2p),Lotus,"en:gluten, en:soybeans",True,False,False,True,False,False,Declared allergens + Dietary restrictions
LOTUS BISCOFF Speculoos Original Pocket Format Familial - 248g (16x2p),Lotus,"en:gluten, en:soybeans",True,False,False,True,False,False,Declared allergens + Dietary restrictions
LOTUS DINOSAURUS Original Chocolat 225g (4x3p),Lotus,"en:eggs, en:gluten, en:milk, en:soybeans",True,True,False,True,True,False,Declared allergens + Dietary restrictions
LOTUS Gaufre de Liège Chocolat 363g (7x1p),Lotus,"en:eggs, en:gluten, en:milk, en:soybeans",True,True,False,True,True,False,Declared allergens + Dietary restrictions
The Original Speculoos,Lotus,"en:gluten, en:soybeans",True,False,False,True,False,False,Declared allergens + Dietary restrictions
LOTUS BISCOFF Speculoos Original - 250g (2x125g),"Lotus Bakeries, Lotus","en:gluten, en:soybeans",True,False,False,True,False,False,Declared allergens + Dietary restrictions
Corn Smoked BBQ Crunchy Corn,Love Corn,,False,False,False,False,False,False,Dietary restrictions
Love Corn Salt & Vinegat,Love Corn,,False,False,False,False,False,False,Dietary restrictions
"Love, Corn (Sea Salt)",Love Corn,,False,False,False,False,False,False,Dietary restrictions
Tomato & Basil Sauce,Loyd Grossman,,False,False,False,False,False,False,Dietary restrictions
Tomato Roasted Garlic Pasta Sauce,Loyd Grossman,,False,False,False,False,False,False,Dietary restrictions
Tomato and Chilli,Loyd Grossman,,False,False,False,False,False,False,Dietary restrictions
Belvita Brut & 5 céréales complètes,Lu,"en:gluten, en:milk, en:soybeans, fr:avoine, fr:sarrasin",True,True,False,True,False,False,Declared allergens + Dietary restrictions
Cracotte framboise,Lu,"en:gluten, en:milk",True,True,False,False,False,False,Declared allergens + Dietary restrictions
Granola l'original,Lu,"en:gluten, en:milk, en:soybeans",True,True,False,True,False,False,Declared allergens + Dietary restrictions
Grany Fraise 🍓 & Framboise,Lu,en:gluten,True,False,False,False,False,False,Declared allergens + Dietary restrictions
"LU - Grany Chocolate 5 Cereals Bar x6, 125g (4.5oz)",Lu,"en:gluten, en:nuts, en:soybeans",True,False,True,True,False,False,Declared allergens + Dietary restrictions
Pim's - Framboise,Lu,"en:eggs, en:gluten, en:milk, en:soybeans",True,True,False,True,True,False,Declared allergens + Dietary restrictions
Prince Goût Vanille,Lu,"en:gluten, en:milk, en:soybeans",True,True,False,True,False,False,Declared allergens + Dietary restrictions
Prince petit dej,Lu,"en:gluten, en:milk, en:soybeans",True,True,False,True,False,False,Declared allergens + Dietary restrictions
Pépito Croc sablé goût choco,Lu,"en:gluten, en:milk, en:soybeans",True,True,False,True,False,False,Declared allergens + Dietary restrictions
Thé - Biscuits,Lu,"en:gluten, en:milk, en:soybeans",True,True,False,True,False,False,Declared allergens + Dietary restrictions
Véritable Petit Beurre,Lu,"en:gluten, en:milk",True,True,False,False,False,False,Declared allergens + Dietary restrictions
"Grany moelleux, fruit des bois","Lu, Mondelez","en:gluten, en:milk",True,True,False,False,False,False,Declared allergens + Dietary restrictions
Palmito L'original,"Lu, Mondelez","en:eggs, en:gluten",True,False,False,False,True,False,Declared allergens + Dietary restrictions
La Paille d'Or aux framboises,"Lu, Mondelez International","en:eggs, en:gluten, en:milk, en:soybeans",True,True,False,True,True,False,Declared allergens + Dietary restrictions
Pain grille,"Lu, Pelletier",en:gluten,True,False,False,False,False,False,Declared allergens + Dietary restrictions
Confiture abricot,Lucien Georgelin,,False,False,False,False,False,False,Dietary restrictions
Fraise,Lucien Georgelin,,False,False,False,False,False,False,Dietary restrictions
Pâte à tartiner 40% noisettes du Lot-et-Garonne et cacao,Lucien Georgelin,"en:milk, en:nuts",False,True,True,False,False,False,Declared allergens + Dietary restrictions
Pâte à tartiner bio noisette cacao,Lucien Georgelin,"en:milk, en:nuts",False,True,True,False,False,False,Declared allergens + Dietary restrictions
Pâte à tartiner noisette du Lot et Garonne cacao,Lucien Georgelin,"en:milk, en:nuts",False,True,True,False,False,False,Declared allergens + Dietary restrictions
Confiture fraise sans sucre ajoutes,Lucien georgelin,,False,False,False,False,False,False,Dietary restrictions
Pâte à tartiner noisettes cacao,Lucien georgelin,"en:milk, en:nuts",False,True,True,False,False,False,Declared allergens + Dietary restrictions
Miel de Fleurs Liquide Doseur 500g,Lune de Miel,,False,False,False,False,False,False,Dietary restrictions
Tartimiel® Lune de Miel® doseur 250 g,Lune de Miel,,False,False,False,False,False,False,Dietary restrictions
Miel de Fleurs BIO liquide Doseur 500g,Lune de miel,,False,False,False,False,False,False,Dietary restrictions
Miel de fleurs Crémeux Pot Plastique 500g,Lune de miel,,False,False,False,False,False,False,Dietary restrictions
Butter,Lupark,en:milk,False,True,False,False,False,False,Declared allergens + Dietary restrictions
Butter,Lurpak,en:milk,False,True,False,False,False,False,Declared allergens + Dietary restrictions
"Butter, lighter, spreadable",Lurpak,en:milk,False,True,False,False,False,False,Declared allergens + Dietary restrictions
Lurpak Spreadable,Lurpak,en:milk,False,True,False,False,False,False,Declared allergens + Dietary restrictions
Lurpak Spreadable Slightly Salted,Lurpak,en:milk,False,True,False,False,False,False,Declared allergens + Dietary restrictions
Slightly Salted Butter,Lurpak,en:milk,False,True,False,False,False,False,Declared allergens + Dietary restrictions
Spreadable Slightly Salted,Lurpak,en:milk,False,True,False,False,False,False,Declared allergens + Dietary restrictions
Gnocchi à poêler,Lustucru,en:gluten,True,False,False,False,False,False,Declared allergens + Dietary restrictions
GIRASOLI RICOTTA EPINARD,Lustucru Lustucru selection,"en:eggs, en:gluten, en:milk",True,True,False,False,True,False,Declared allergens + Dietary restrictions
Lustucru gnocchi a poêler 520g,"Lustucru, Lustucru selection",en:gluten,True,False,False,False,False,False,Declared allergens + Dietary restrictions
Lustucru gnocchi a poêler format xxl 720g,"Lustucru, Lustucru selection",en:gluten,True,False,False,False,False,False,Declared allergens + Dietary restrictions
Gnocchi a poeler extra fromage 285g,"Lustucru,Lustucru selection","en:gluten, en:milk",True,True,False,False,False,False,Declared allergens + Dietary restrictions
Gnocchi aux pommes de terre,"Lustucru,Lustucru selection",en:gluten,True,False,False,False,False,False,Declared allergens + Dietary restrictions
Lyle's Golden Syrup,Lyle's,,False,False,False,False,False,False,Dietary restrictions
Golden  Syrup,Lyle’s,,False,False,False,False,False,False,Dietary restrictions
Lätta,Lätta,en:milk,False,True,False,False,False,False,Declared allergens + Dietary restrictions
Pur beurre de cacahuète crunchy,Léa Nature,en:peanuts,False,False,True,False,False,False,Declared allergens + Dietary restrictions
Confiture 70% de fraise,Léonce Blanc,,False,False,False,False,False,False,Dietary restrictions
Confiture abricot,Léonce Blanc,,False,False,False,False,False,False,Dietary restrictions
Confiture de myrtille 70%,Léonce Blanc,,False,False,False,False,False,False,Dietary restrictions
Peanut,M&M's,"en:milk, en:peanuts, en:soybeans",False,True,True,True,False,False,Declared allergens + Dietary restrictions
M&M's Cacahuètes - Pack familial,"M&M's, Mars","en:milk, en:peanuts, en:soybeans",False,True,True,True,False,False,Declared allergens + Dietary restrictions
Bran flakes M&S,M&S,en:gluten,True,False,False,False,False,False,Declared allergens + Dietary restrictions
Greek Yoghurt,M&S,,False,False,False,False,False,False,Dietary restrictions
Dark Milk Chocolate,M&S Collection,"en:milk, en:soybeans",False,True,False,True,False,False,Declared allergens + Dietary restrictions
Baked Beans,M&S Eat Well,,False,False,False,False,False,False,Dietary restrictions
Super Seeded Cob,M&S Eat Well,"en:gluten, en:soybeans",True,False,False,True,False,False,Declared allergens + Dietary restrictions
6 WHOLEMEAL PITTAS,M&S FOOD,en:gluten,True,False,False,False,False,False,Declared allergens + Dietary restrictions
Cheese Twists,M&S Food,"en:gluten, en:milk",True,True,False,False,False,False,Declared allergens + Dietary restrictions
Greek Style Yogurt Unsweetened,M&S Food,en:milk,False,True,False,False,False,False,Declared allergens + Dietary restrictions
Nutty Super Wholefood Salad,M&S Food,"en:gluten, en:nuts, en:peanuts, en:sesame-seeds, en:soybeans, en:soybeans",True,False,True,True,False,False,Declared allergens + Dietary restrictions
Super Seeded,M&S Food,"en:gluten, en:soybeans",True,False,False,True,False,False,Declared allergens + Dietary restrictions
BOUILLON KUB LEGUMES - 25% DE SEL,MAGGI,en:celery,False,False,False,False,False,False,Declared allergens + Dietary restrictions
Maggi Würze,MAGGI,"en:gluten, en:gluten",True,False,False,False,False,False,Declared allergens + Dietary restrictions
Maizena Fleur de Maïs Sans Gluten 400g,MAIZENA,,False,False,False,False,False,False,Dietary restrictions
Maltesers 175g,MALTESERS,"en:gluten, en:milk, en:soybeans",True,True,False,True,False,False,Declared allergens + Dietary restrictions
FRUT MAX,MARRAKECH,,False,False,False,False,False,False,Dietary restrictions
frut,MARRAKECH,,False,False,False,False,False,False,Dietary restrictions
Celebrations,MARS,"en:gluten, en:milk, en:peanuts, en:soybeans, de:hühnerei-trockeneiweiss, en:milk",True,True,True,True,False,False,Declared allergens + Dietary restrictions
Cracker épeautre et 3 graines,MAÎTRE JEAN PIERRE,"en:gluten, en:sesame-seeds, fr:avoine, fr:ble-d-epeautre",True,False,False,False,False,False,Declared allergens + Dietary restrictions
Fromage blanc nature,MILKY FOOD,en:milk,False,True,False,False,False,False,Declared allergens + Dietary restrictions
BARISTA OAT,MINOR FIGURES,en:gluten,True,False,False,False,False,False,Declared allergens + Dietary restrictions
Butter,MLEKOVITA,en:milk,False,True,False,False,False,False,Declared allergens + Dietary restrictions
GINGER SHOTS,MOJU,en:apple,False,False,False,False,False,False,Declared allergens + Dietary restrictions
MONT BLANC Chocolat,"MONT BLANC, Crème Dessert",en:milk,False,True,False,False,False,False,Declared allergens + Dietary restrictions
Muesli crunchy,MUESLI CRUNCHY,"en:gluten, en:milk, en:soybeans",True,True,False,True,False,False,Declared allergens + Dietary restrictions
Concentrado de tomate,MUTTI,,False,False,False,False,False,False,Dietary restrictions
Chocolat monogram,Macao,"en:milk, en:soybeans",False,True,False,True,False,False,Declared allergens + Dietary restrictions
Traditional Dairy Ice Cream,Mackie's of Scotland,"en:eggs, en:milk",False,True,False,False,True,False,Declared allergens + Dietary restrictions
Paysan Breton - Le Fromage Fouetté Madame Loïk - Echalote Ciboulette,"Madame Loïk, Paysan Breton","en:milk, en:mustard",False,True,False,False,False,False,Declared allergens + Dietary restrictions
Arome l'Original,Maggi,en:gluten,True,False,False,False,False,False,Declared allergens + Dietary restrictions
Bouillon de volaille dégraissé,Maggi,"en:celery, en:gluten",True,False,False,False,False,False,Declared allergens + Dietary restrictions
Fond de Veau,Maggi,"en:celery, en:eggs, en:gluten, en:milk, en:mustard, en:soybeans",True,True,False,True,True,False,Declared allergens + Dietary restrictions
MAGGI Bouillon KUB BIO Légumes 80g,Maggi,"en:celery, en:gluten, en:milk",True,True,False,False,False,False,Declared allergens + Dietary restrictions
MAGGI Bouillon KUB Légumes,Maggi,"en:eggs, en:gluten, en:milk, en:mustard",True,True,False,False,True,False,Declared allergens + Dietary restrictions
Dijon Originale,Maille,"en:mustard, en:metabisulphite",False,False,False,False,False,False,Declared allergens + Dietary restrictions
L’original,Maille,"en:mustard, en:sulphur-dioxide-and-sulphites",False,False,False,False,False,False,Declared allergens + Dietary restrictions
MAILLE Mayonnaise Fins Gourmets Bocal 320g,Maille,"en:celery, en:eggs, en:mustard",False,False,False,False,True,False,Declared allergens + Dietary restrictions
Maille Mayonnaise,Maille,"en:sulphur-dioxide-and-sulphites, en:celeri, en:moutarde, en:oeufs",False,False,False,False,False,False,Declared allergens + Dietary restrictions
Maille Moutarde Fine De Dijon L'Originale Verrine 165g,Maille,"en:mustard, en:sulphur-dioxide-and-sulphites",False,False,False,False,False,False,Declared allergens + Dietary restrictions
Maille Moutarde Fine de Dijon L'Originale Bocal 360g,Maille,"en:mustard, en:sulphur-dioxide-and-sulphites",False,False,False,False,False,False,Declared allergens + Dietary restrictions
Maille Vinaigrette Légère Vinaigre de Vin Rouge & Échalotes 36cl,Maille,,False,False,False,False,False,False,Dietary restrictions
Maille mout fin gour 320g,Maille,"en:celery, en:mustard, en:sulphur-dioxide-and-sulphites",False,False,False,False,False,False,Declared allergens + Dietary restrictions
Moutarde à l’ancienne,Maille,"en:mustard, en:sulphur-dioxide-and-sulphites",False,False,False,False,False,False,Declared allergens + Dietary restrictions
Vinaigre Balsamique,Maille,en:sulphur-dioxide-and-sulphites,False,False,False,False,False,False,Declared allergens + Dietary restrictions
Vinaigre Balsamique de Modène 25 cl,Maille,en:sulphur-dioxide-and-sulphites,False,False,False,False,False,False,Declared allergens + Dietary restrictions
Wholegrain Mustard,Maille,en:mustard,False,False,False,False,False,False,Declared allergens + Dietary restrictions
Spécialité Moutarde Fine Mi-Forte,"Maille, Unilever","en:mustard, en:sulphur-dioxide-and-sulphites",False,False,False,False,False,False,Declared allergens + Dietary restrictions
Vinaigre de cidre,"Maille, Unilever",en:sulphur-dioxide-and-sulphites,False,False,False,False,False,False,Declared allergens + Dietary restrictions
Dijon Senf,"Maille,GB Foods","en:mustard, en:sulphur-dioxide-and-sulphites",False,False,False,False,False,False,Declared allergens + Dietary restrictions
Vinaigrette Légère Huile de Sésame & Sauce Soja Graines de Sésame Torréfiées 36 cl,"Maille,Unilever","en:gluten, en:sesame-seeds, en:soybeans",True,False,False,True,False,False,Declared allergens + Dietary restrictions
Maille Cornichons Extra-Fins L'Original Bocal 380g,Maille®,"en:mustard, en:sulphur-dioxide-and-sulphites",False,False,False,False,False,False,Declared allergens + Dietary restrictions
Parmentier de saumon 🐟,Maison Briau,"en:eggs, en:fish, en:milk",False,True,False,False,True,True,Declared allergens + Dietary restrictions
La madeleine coque chocolat noir,Maison Colibri,"en:eggs, en:gluten, en:milk",True,True,False,False,True,False,Declared allergens + Dietary restrictions
Emprésuré au chocolat,Malo,en:milk,False,True,False,False,False,False,Declared allergens + Dietary restrictions
Emprésuré chocolat intense,Malo,en:milk,False,True,False,False,False,False,Declared allergens + Dietary restrictions
Yaourt au Lait Entier saveur Vanille,Malo,en:milk,False,True,False,False,False,False,Declared allergens + Dietary restrictions
Yaourt nature,Malo,en:milk,False,True,False,False,False,False,Declared allergens + Dietary restrictions
Café moulu pur arabica des petits producteurs,Malongo,,False,False,False,False,False,False,Dietary restrictions
PUR ARABICA DES PETITS PRODUCTEURS l'original,Malongo,,False,False,False,False,False,False,Dietary restrictions
Original Roast Crunchy Peanut Butter,ManiLife,en:peanuts,False,False,True,False,False,False,Declared allergens + Dietary restrictions
Manilife Deep Roast Peanut Butter,Manilife,"en:nuts, en:peanuts",False,False,True,False,False,False,Declared allergens + Dietary restrictions
Pain de mie 7 céréales et graines,Mannapain,"en:gluten, en:avoine, en:ble, en:gluten-de-ble, en:orge, en:seigle",True,False,False,False,False,False,Declared allergens + Dietary restrictions
Chipotle & lime,Manomasa,,False,False,False,False,False,False,Dietary restrictions
Manchego & Green Olive,Manomasa,en:milk,False,True,False,False,False,False,Declared allergens + Dietary restrictions
Tulipan,"Mantequilla,Flora Food Group",,False,False,False,False,False,False,Dietary restrictions
Sirop d'érable ambré goût riche,Maple Joe,,False,False,False,False,False,False,Dietary restrictions
Bruschette Chips Pizza Flavour,Maretti,"en:gluten, en:milk",True,True,False,False,False,False,Declared allergens + Dietary restrictions
Cheesy fromage,Margafrique,,False,False,False,False,False,False,Dietary restrictions
Confiture extra Framboise Bio,Maribel,,False,False,False,False,False,False,Dietary restrictions
Confiture extra fraise bio,Maribel,,False,False,False,False,False,False,Dietary restrictions
Crema di arachidi,Maribel,,False,False,False,False,False,False,Dietary restrictions
Crunchy Peanut Butter,Maribel,en:peanuts,False,False,True,False,False,False,Declared allergens + Dietary restrictions
Miel crémeux français & responsable,Maribel,,False,False,False,False,False,False,Dietary restrictions
Miel de fleurs,Maribel,,False,False,False,False,False,False,Dietary restrictions
"Raspberry fruit spread, raspberry",Maribel,,False,False,False,False,False,False,Dietary restrictions
Smooth Peanut Butter,Maribel,en:peanuts,False,False,True,False,False,False,Declared allergens + Dietary restrictions
Miel liquide,"Maribel, Marlene",,False,False,False,False,False,False,Dietary restrictions
Beurre de cacahuètes,"Maribel,Lidl",en:peanuts,False,False,True,False,False,False,Declared allergens + Dietary restrictions
Manteiga de amendoim cremosa,"Maribel,Lidl",en:peanuts,False,False,True,False,False,False,Declared allergens + Dietary restrictions
Sirop d'Agave,"Maribel,Lidl",,False,False,False,False,False,False,Dietary restrictions
Smooth Almond Butter,"Maribel,Lidl",en:nuts,False,False,True,False,False,False,Declared allergens + Dietary restrictions
Agavesirap,"Maribel,el Tequito",,False,False,False,False,False,False,Dietary restrictions
Cabillaud sauce Citron riz aux petits légumes,Marie,"en:fish, en:gluten, en:milk",True,True,False,False,False,True,Declared allergens + Dietary restrictions
Macaroni sauce tomate et boulettes au bœuf,Marie,"en:eggs, en:gluten, en:milk",True,True,False,False,True,False,Declared allergens + Dietary restrictions
Paupiette de veau jardinière de légumes,Marie,en:gluten,True,False,False,False,False,False,Declared allergens + Dietary restrictions
Paëlla royale aux petites gambas et au safran,Marie,"en:crustaceans, en:molluscs, fr:cuisine-en-france",False,False,False,False,False,False,Declared allergens + Dietary restrictions
Penne au Poulet et au Pesto,Marie,"en:gluten, en:milk",True,True,False,False,False,False,Declared allergens + Dietary restrictions
Penne au saumon et crème d'épinards,Marie,"en:fish, en:gluten, en:milk",True,True,False,False,False,True,Declared allergens + Dietary restrictions
Petites gambas compotée de tomates Tagliatelles au pesto,Marie,"en:crustaceans, en:eggs, en:gluten, en:milk, en:sulphur-dioxide-and-sulphites",True,True,False,False,True,False,Declared allergens + Dietary restrictions
Poisson à l'andalouse riz safrané et courgettes grillées,Marie,"en:celery, en:crustaceans, en:eggs, en:fish, en:gluten, en:milk, en:molluscs, en:mustard",True,True,False,False,True,True,Declared allergens + Dietary restrictions
Pâte à tarte brisée - Pur beurre,Marie,"en:gluten, en:milk",True,True,False,False,False,False,Declared allergens + Dietary restrictions
Pâte à tarte feuilletée - Pur beurre,Marie,"en:gluten, en:milk",True,True,False,False,False,False,Declared allergens + Dietary restrictions
St Jacques fondue de poireaux & Riz Basmati,Marie,"en:gluten, en:milk, en:molluscs",True,True,False,False,False,False,Declared allergens + Dietary restrictions
Mousse au chocolat à L'ANCIENNE,Marie Morin,"en:eggs, en:milk",False,True,False,False,True,False,Declared allergens + Dietary restrictions
Organic Swiss Vegetable Vegan Bouillon Powder,Marigold,,False,False,False,False,False,False,Dietary restrictions
Vegan Bouillon powder,Marigold,"en:celery, en:milk, en:soybeans",False,True,False,True,False,False,Declared allergens + Dietary restrictions
filets de sardines sans peau sans arêtes à l'huile végétale,Marine,"en:fish, en:soybeans",False,False,False,True,False,True,Declared allergens + Dietary restrictions
Thon Entier à l'Huile Végétale,Mario,,False,False,False,False,False,False,Dietary restrictions
All Butter Scottish Shortbread Fingers,Marks & Spencer,"en:gluten, en:milk",True,True,False,False,False,False,Declared allergens + Dietary restrictions
Crafted Signature Sourdough Bread,Marks & Spencer,en:gluten,True,False,False,False,False,False,Declared allergens + Dietary restrictions
Dark chocolate 75%,Marks & Spencer,,False,False,False,False,False,False,Dietary restrictions
Greek style live yogurt,Marks & Spencer,en:milk,False,True,False,False,False,False,Declared allergens + Dietary restrictions
Intense Dark Chocolate 85% Cocoa Solids,Marks & Spencer,,False,False,False,False,False,False,Dietary restrictions
M&S x Zoe Gut Shot,Marks & Spencer,"en:apple, en:banana, en:milk",False,True,False,False,False,False,Declared allergens + Dietary restrictions
Organic Houmous ~ With added extra virgin olive oil,Marks & Spencer,en:sesame-seeds,False,False,False,False,False,False,Declared allergens + Dietary restrictions
Seeded Sourdough Loaf,Marks & Spencer,en:gluten,True,False,False,False,False,False,Declared allergens + Dietary restrictions
Wheat and rye bread,Marks & Spencer,en:gluten,True,False,False,False,False,False,Declared allergens + Dietary restrictions
Wholegrain Wheat Bisks,Marks & Spencer,en:gluten,True,False,False,False,False,False,Declared allergens + Dietary restrictions
single origin milk chocolate,Marks & Spencer,en:milk,False,True,False,False,False,False,Declared allergens + Dietary restrictions
Marlboro Gold,Marlboro,,False,False,False,False,False,False,Dietary restrictions
Marmite Reduced Salt,Marmite,"en:celery, en:gluten",True,False,False,False,False,False,Declared allergens + Dietary restrictions
Marmite Rice Cakes,Marmite,"en:celery, en:gluten",True,False,False,False,False,False,Declared allergens + Dietary restrictions
Marmite Yeast Extract,Marmite,"en:celery, en:gluten",True,False,False,False,False,False,Declared allergens + Dietary restrictions
Yeast Extract,Marmite,"en:celery, en:gluten",True,False,False,False,False,False,Declared allergens + Dietary restrictions
marmite,Marmite,"en:celery, en:gluten",True,False,False,False,False,False,Declared allergens + Dietary restrictions
Riz basmati,"Marque Repère, Comptoir du Grain",,False,False,False,False,False,False,Dietary restrictions
Biscottes sans sel x 34,"Marque Repère, Epi d'Or",en:gluten,True,False,False,False,False,False,Declared allergens + Dietary restrictions
Pains grillés  Blé complet,"Marque Repère, Epi d'Or",en:gluten,True,False,False,False,False,False,Declared allergens + Dietary restrictions
Petits Pains Grillés Au blé complet,"Marque Repère, Epi d'Or",en:gluten,True,False,False,False,False,False,Declared allergens + Dietary restrictions
Pain de mie grandes tranches complet,"Marque Repère, Epi d'Or, Scamark (Filiale E. Leclerc)","en:gluten, en:soybeans",True,False,False,True,False,False,Declared allergens + Dietary restrictions
Chocolat noir 72% cacao,"Marque Repère, Equador","en:milk, en:soybeans",False,True,False,True,False,False,Declared allergens + Dietary restrictions
Chocolat noir 85% cacao,"Marque Repère, Equador",,False,False,False,False,False,False,Dietary restrictions
Flocons d'avoine,"Marque Repère, Grainéa",en:gluten,True,False,False,False,False,False,Declared allergens + Dietary restrictions
Muesli 4 Noix,"Marque Repère, Grainéa","en:gluten, en:nuts",True,False,True,False,False,False,Declared allergens + Dietary restrictions
Jafaden,"Marque Repère, Jafaden",,False,False,False,False,False,False,Dietary restrictions
Eau de source de montagne Laqueuille,"Marque Repère, Laqueuille",,False,False,False,False,False,False,Dietary restrictions
primfrais,"Marque Repère, Les Croisés",en:milk,False,True,False,False,False,False,Declared allergens + Dietary restrictions
Emmental râpé,"Marque Repère, Les Croisés, Scamark (Filiale E. Leclerc)",en:milk,False,True,False,False,False,False,Declared allergens + Dietary restrictions
Bâton surimi,"Marque Repère, Pêche Océan","en:crustaceans, en:eggs, en:fish, en:gluten",True,False,False,False,True,True,Declared allergens + Dietary restrictions
Cassonade pure canne,"Marque Repère, Tablier Blanc",,False,False,False,False,False,False,Dietary restrictions
10 Pains au lait au levain,"Marque Repère, Épi d'Or","en:eggs, en:gluten, en:milk, en:soybeans",True,True,False,True,True,False,Declared allergens + Dietary restrictions
Biscottes 6 cereales,"Marque Repère, Épi d'Or","en:gluten, en:sesame-seeds",True,False,False,False,False,False,Declared allergens + Dietary restrictions
Petits pains grillés blé complet,"Marque Repère, Épi d'Or",en:gluten,True,False,False,False,False,False,Declared allergens + Dietary restrictions
Bounty 2x,Mars,"en:milk, en:soybeans",False,True,False,True,False,False,Declared allergens + Dietary restrictions
Mars,Mars,"en:gluten, en:milk",True,True,False,False,False,False,Declared allergens + Dietary restrictions
Snickers (5 Stück à 50 g),Mars Incorporated,"en:eggs, en:milk, en:peanuts, en:soybeans",False,True,True,True,True,False,Declared allergens + Dietary restrictions
M&M's peanut,Mars Wrigley,"en:milk, en:peanuts, en:soybeans",False,True,True,True,False,False,Declared allergens + Dietary restrictions
Twix Twin,Mars Wrigley,"en:gluten, en:milk, en:soybeans, en:soybeans",True,True,False,True,False,False,Declared allergens + Dietary restrictions
Mars,"Mars, Mars Wrigley","en:eggs, en:gluten, en:milk, en:soybeans",True,True,False,True,True,False,Declared allergens + Dietary restrictions
Filets De Maquereaux À L’huile Végétale,Marsa,en:fish,False,False,False,False,False,True,Declared allergens + Dietary restrictions
Sardine à l’huile végétale,Marsa,en:fish,False,False,False,False,False,True,Declared allergens + Dietary restrictions
Milk chocolate bar,Maruja,"en:milk, en:nuts, en:soybeans",False,True,True,True,False,False,Declared allergens + Dietary restrictions
Pom'potes sans sucres ajoutés,Materne,,False,False,False,False,False,False,Dietary restrictions
POM'POTES Compotes Gourdes Pomme Nature 1x90g,"Materne, POM'POTES, Sans sucres ajoutés",,False,False,False,False,False,False,Dietary restrictions
Pom'Potes Pomme,"Materne, Pom' Potes",,False,False,False,False,False,False,Dietary restrictions
Cappuccino Classique,Maxwell House,en:milk,False,True,False,False,False,False,Declared allergens + Dietary restrictions
PET 1.2L MAYTEA PECHE,May Tea,,False,False,False,False,False,False,Dietary restrictions
Thé vert saveur menthe,May Tea,,False,False,False,False,False,False,Dietary restrictions
Biscottes aux céréales et aux graines,Maître Jean Pierre,"en:gluten, en:sesame-seeds, fr:avoine",True,False,False,False,False,False,Declared allergens + Dietary restrictions
Brioche tranchée,Maître Jean Pierre,"en:eggs, en:gluten, en:milk",True,True,False,False,True,False,Declared allergens + Dietary restrictions
Pain de mie,Maître Jean Pierre,en:gluten,True,False,False,False,False,False,Declared allergens + Dietary restrictions
Pain de mie grandes tranches 7 cereales,Maître Jean Pierre,en:gluten,True,False,False,False,False,False,Declared allergens + Dietary restrictions
Pain de seigle complet Epeautre et épeautre vert,Maître Jean Pierre,en:gluten,True,False,False,False,False,False,Declared allergens + Dietary restrictions
Petit Pains Grillés Blé complet,Maître Jean Pierre,en:gluten,True,False,False,False,False,False,Declared allergens + Dietary restrictions
Petits pains grillés au froment,Maître Jean Pierre,en:gluten,True,False,False,False,False,False,Declared allergens + Dietary restrictions
Pruneaux d'Agen dénoyautés,Maître PRUNILLE,,False,False,False,False,False,False,Dietary restrictions
Noix de cajou grillées sans sel,Maître Prunille,en:nuts,False,False,True,False,False,False,Declared allergens + Dietary restrictions
CRISPY HASH BROWNS,McCain,,False,False,False,False,False,False,Dietary restrictions
Crispy French Fries,McCain,en:gluten,True,False,False,False,False,False,Declared allergens + Dietary restrictions
Naked Oven Chips,McCain,,False,False,False,False,False,False,Dietary restrictions
Rösti,McCain,,False,False,False,False,False,False,Dietary restrictions
Sciroppo d'acero canadese,McEnnedy,,False,False,False,False,False,False,Dietary restrictions
Tabasco rouge 60ml,"McIlhenny Company, Tabasco",,False,False,False,False,False,False,Dietary restrictions
Beurre de cacahuètes crunchy,McKennedy by lidl,en:peanuts,False,False,True,False,False,False,Declared allergens + Dietary restrictions
Ginger Nuts,McVitie's,en:gluten,True,False,False,False,False,False,Declared allergens + Dietary restrictions
McVitie's Rich Tea The Light One (Delights),McVitie's,"en:gluten, en:soybeans",True,False,False,True,False,False,Declared allergens + Dietary restrictions
McVities Rich Tea Biscuits,McVitie's,en:gluten,True,False,False,False,False,False,Declared allergens + Dietary restrictions
Sablés chocolat,McVitie's,"en:gluten, en:milk, en:soybeans",True,True,False,True,False,False,Declared allergens + Dietary restrictions
digestives,McVitie's,en:gluten,True,False,False,False,False,False,Declared allergens + Dietary restrictions
Sablés Anglais L'Original,"McVitie's,United Biscuits","en:gluten, en:milk",True,True,False,False,False,False,Declared allergens + Dietary restrictions
Peanut Butter,Mcennedy,en:peanuts,False,False,True,False,False,False,Declared allergens + Dietary restrictions
Cheddars Original Biscuits,Mcvitie s,"en:gluten, en:milk",True,True,False,False,False,False,Declared allergens + Dietary restrictions
Classic Houmous,"Meadow Fresh,Simply Sumptuous","en:gluten, en:sesame-seeds",True,False,False,False,False,False,Declared allergens + Dietary restrictions
Butter,Meggle,en:milk,False,True,False,False,False,False,Declared allergens + Dietary restrictions
Pâte à tartiner aux noisettes,Mejora,"en:milk, en:nuts, en:soybeans",False,True,True,True,False,False,Declared allergens + Dietary restrictions
Menguy's Beurre de cacahuètes creamy,Menguy's,"en:milk, en:peanuts",False,True,True,False,False,False,Declared allergens + Dietary restrictions
Menguy's Beurre de cacahuètes crunchy,Menguy's,"en:milk, en:peanuts",False,True,True,False,False,False,Declared allergens + Dietary restrictions
Menguy's Peanut 100%,Menguy's,en:peanuts,False,False,True,False,False,False,Declared allergens + Dietary restrictions
Mentos fruit,"Mentos,Perfetti",en:orange,False,False,False,False,False,False,Declared allergens + Dietary restrictions
Puy Lentils & French green lentils,Merchant Gourmet,,False,False,False,False,False,False,Dietary restrictions
Quinoa red & white,Merchant Gourmet,,False,False,False,False,False,False,Dietary restrictions
Smoky Spanish-Style Grains & Rice,Merchant Gourmet,en:gluten,True,False,False,False,False,False,Declared allergens + Dietary restrictions
Tomatocy French Puy & Green Lentils,Merchant Gourmet,en:sulphur-dioxide-and-sulphites,False,False,False,False,False,False,Declared allergens + Dietary restrictions
5 Glorious grains,Merchant gourmet,"en:gluten, en:wheatberries",True,False,False,False,False,False,Declared allergens + Dietary restrictions
Bimo,Merendina,,False,False,False,False,False,False,Dietary restrictions
Chocca chocolate spread,Meridian,"en:nuts, en:peanuts",False,False,True,False,False,False,Declared allergens + Dietary restrictions
Crunchy Peanut Butter,Meridian,en:peanuts,False,False,True,False,False,False,Declared allergens + Dietary restrictions
Fully Roasted Smooth Peanut Butter,Meridian,en:peanuts,False,False,True,False,False,False,Declared allergens + Dietary restrictions
Meridian 100% Crunchy Almond Butter,Meridian,en:nuts,False,False,True,False,False,False,Declared allergens + Dietary restrictions
Smooth almond butter,Meridian,en:nuts,False,False,True,False,False,False,Declared allergens + Dietary restrictions
Smooth peanut butter,Meridian,en:peanuts,False,False,True,False,False,False,Declared allergens + Dietary restrictions
Crunchy Peanut Butter,"Meridian, Meridian Foods",en:peanuts,False,False,True,False,False,False,Declared allergens + Dietary restrictions
Miel l'apiculteur de nos terroirs,Michaud Yves,,False,False,False,False,False,False,Dietary restrictions
chocolat,Michoc,"en:milk, en:nuts, en:soybeans",False,True,True,True,False,False,Declared allergens + Dietary restrictions
Maïs doux,Mido,,False,False,False,False,False,False,Dietary restrictions
Authentic Greek Natural Yogurt 10% Fat,Milbona,en:milk,False,True,False,False,False,False,Declared allergens + Dietary restrictions
Authentic Greek Natural Yogurt 5% Fat,Milbona,en:milk,False,True,False,False,False,False,Declared allergens + Dietary restrictions
Budino Proteico Gusto Caramello,Milbona,en:milk,False,True,False,False,False,False,Declared allergens + Dietary restrictions
Cottage Cheese,Milbona,en:milk,False,True,False,False,False,False,Declared allergens + Dietary restrictions
Creamy Greek Style Natural Yogurt,Milbona,en:milk,False,True,False,False,False,False,Declared allergens + Dietary restrictions
Ervas finas,Milbona,en:milk,False,True,False,False,False,False,Declared allergens + Dietary restrictions
Fat Free Greek style natural yogurt,Milbona,en:milk,False,True,False,False,False,False,Declared allergens + Dietary restrictions
Feta AOP,Milbona,en:milk,False,True,False,False,False,False,Declared allergens + Dietary restrictions
Fiocchi di latte,Milbona,en:milk,False,True,False,False,False,False,Declared allergens + Dietary restrictions
Fromage a tartiner,Milbona,en:milk,False,True,False,False,False,False,Declared allergens + Dietary restrictions
Goldessa Original Cheese spread creamy,Milbona,en:milk,False,True,False,False,False,False,Declared allergens + Dietary restrictions
Grana Padano,Milbona,"en:eggs, en:milk",False,True,False,False,True,False,Declared allergens + Dietary restrictions
Greek Natural Yogurt 0% Fat,Milbona,en:milk,False,True,False,False,False,False,Declared allergens + Dietary restrictions
HIGH PROTEIN Chocolate Flavour Mousse,Milbona,en:milk,False,True,False,False,False,False,Declared allergens + Dietary restrictions
Haselnuss Pudding,Milbona,en:milk,False,True,False,False,False,False,Declared allergens + Dietary restrictions
High Protein Drink Cacao,Milbona,en:milk,False,True,False,False,False,False,Declared allergens + Dietary restrictions
High Protein Joghurterzeugnis - Heidelbeere,Milbona,en:milk,False,True,False,False,False,False,Declared allergens + Dietary restrictions
High Protein Milk Product Raspberry-Pomegranate,Milbona,en:milk,False,True,False,False,False,False,Declared allergens + Dietary restrictions
High Protein Vanilla Flavour Pudding,Milbona,en:milk,False,True,False,False,False,False,Declared allergens + Dietary restrictions
Irische Butter,Milbona,,False,False,False,False,False,False,Dietary restrictions
Kéfir,Milbona,en:milk,False,True,False,False,False,False,Declared allergens + Dietary restrictions
Mon p'tit plaisir,Milbona,en:milk,False,True,False,False,False,False,Declared allergens + Dietary restrictions
Mozzarella Light,Milbona,en:milk,False,True,False,False,False,False,Declared allergens + Dietary restrictions
Mozzarella râpée,Milbona,en:milk,False,True,False,False,False,False,Declared allergens + Dietary restrictions
Reduced Fat Soft Cheese,Milbona,en:milk,False,True,False,False,False,False,Declared allergens + Dietary restrictions
STRAWBERRY Yogurt,Milbona,en:milk,False,True,False,False,False,False,Declared allergens + Dietary restrictions
Skyr,Milbona,en:milk,False,True,False,False,False,False,Declared allergens + Dietary restrictions
Skyr Classic,Milbona,en:milk,False,True,False,False,False,False,Declared allergens + Dietary restrictions
Yogur High Protein Coco,Milbona,en:milk,False,True,False,False,False,False,Declared allergens + Dietary restrictions
Крема сирене,Milbona,en:milk,False,True,False,False,False,False,Declared allergens + Dietary restrictions
Bio Organic Almond Drink,"Milbona, Vemondo",en:nuts,False,False,True,False,False,False,Declared allergens + Dietary restrictions
Choco Pudding,"Milbona,Lidl","en:milk, en:soybeans",False,True,False,True,False,False,Declared allergens + Dietary restrictions
High Protein Chocolate Flavour Pudding,"Milbona,Lidl","en:milk, pt:isento-de-gluten",True,True,False,False,False,False,Declared allergens + Dietary restrictions
High Protein Drink Gusto Vaniglia,"Milbona,Lidl",en:milk,False,True,False,False,False,False,Declared allergens + Dietary restrictions
БИО краве масло 82%,"Milbona,Pilos,Lidl",en:milk,False,True,False,False,False,False,Declared allergens + Dietary restrictions
Manteiga Açoriana,Milhafre dos Açores,en:milk,False,True,False,False,False,False,Declared allergens + Dietary restrictions
Chocolat au lait,Milka,"en:milk, en:nuts, en:soybeans",False,True,True,True,False,False,Declared allergens + Dietary restrictions
Milka,Milka,"en:gluten, en:milk, en:nuts, en:soybeans",True,True,True,True,False,False,Declared allergens + Dietary restrictions
Milka Choco Mini Stars,Milka,"en:gluten, en:milk, en:soybeans",True,True,False,True,False,False,Declared allergens + Dietary restrictions
Milka chocolate Hazelnuts,Milka,"en:milk, en:nuts, en:soybeans",False,True,True,True,False,False,Declared allergens + Dietary restrictions
Milka wholenut,Milka,,False,False,False,False,False,False,Dietary restrictions
Бял шоколад,Milka,"en:milk, en:soybeans",False,True,False,True,False,False,Declared allergens + Dietary restrictions
Milka oreo,Milka Oreo,"en:gluten, en:soybeans",True,False,False,True,False,False,Declared allergens + Dietary restrictions
Milka Tablette Noisette,"Milka, Mondelez","en:milk, en:nuts, en:soybeans",False,True,True,True,False,False,Declared allergens + Dietary restrictions
Milka aux noisettes,"Milka, Mondelez","en:milk, en:nuts",False,True,True,False,False,False,Declared allergens + Dietary restrictions
Alpine Milk,"Milka,Mondelez","en:milk, en:nuts, en:soybeans",False,True,True,True,False,False,Declared allergens + Dietary restrictions
Caramelo,"Milka,Mondelez","en:milk, en:nuts, en:soybeans",False,True,True,True,False,False,Declared allergens + Dietary restrictions
Choco wafer,"Milka,Mondelez","en:gluten, en:milk, en:soybeans",True,True,False,True,False,False,Declared allergens + Dietary restrictions
Cake & Chock,"Milka,Mondelēz","en:eggs, en:gluten, en:milk, en:soybeans",True,True,False,True,True,False,Declared allergens + Dietary restrictions
Choco Wafer,"Milka,Mondelēz","en:gluten, en:milk, en:soybeans",True,True,False,True,False,False,Declared allergens + Dietary restrictions
Chocolate con leche Oreo,"Milka,Oreo,Mondelez","en:gluten, en:milk, en:nuts, en:soybeans",True,True,True,True,False,False,Declared allergens + Dietary restrictions
Fromage Blanc Nature,Milky Food Professional,en:milk,False,True,False,False,False,False,Declared allergens + Dietary restrictions
HIGH PROTEIN Caramel Pudding,Millbona,,False,False,False,False,False,False,Dietary restrictions
100% peanut butter smooth,Millies,"en:nuts, en:peanuts",False,False,True,False,False,False,Declared allergens + Dietary restrictions
"H-Vollmilch 3,5 % Fett",Milsani,en:milk,False,True,False,False,False,False,Declared allergens + Dietary restrictions
MINOR FIGURES BARISTA OAT (ORGANIC),Minor Figures,en:gluten,True,False,False,False,False,False,Declared allergens + Dietary restrictions
Minute maid orange,Minute Maid,,False,False,False,False,False,False,Dietary restrictions
"Mirinda orange 1,5",Mirinda,,False,False,False,False,False,False,Dietary restrictions
Wraps ORIGINAL,Mission,en:gluten,True,False,False,False,False,False,Declared allergens + Dietary restrictions
Wraps au blé nature,Mission,en:gluten,True,False,False,False,False,False,Declared allergens + Dietary restrictions
Choco Duo,Mister Choc,"en:milk, en:nuts",False,True,True,False,False,False,Declared allergens + Dietary restrictions
Fette biscottate,Misura,en:gluten,True,False,False,False,False,False,Declared allergens + Dietary restrictions
Magnesium,Mivolis,,False,False,False,False,False,False,Dietary restrictions
Multivitamin,"Mivolis, dm",,False,False,False,False,False,False,Dietary restrictions
Kefir,Mlekovita,en:milk,False,True,False,False,False,False,Declared allergens + Dietary restrictions
Raw Greens Virgin Smoothie,Mockingbird,"en:apple, en:banana, en:kiwi",False,False,False,False,False,False,Declared allergens + Dietary restrictions
Blackcurrant Flavored Drink with Nata de Coco,Mogu Mogu,,False,False,False,False,False,False,Dietary restrictions
Oat barista edition unsweetened,Moma,en:gluten,True,False,False,False,False,False,Declared allergens + Dietary restrictions
Agua Mineral Natural,Mondariz,,False,False,False,False,False,False,Dietary restrictions
Halls,Mondelez,,False,False,False,False,False,False,Dietary restrictions
Oreo original,Mondelez,"en:gluten, en:milk, en:soybeans",True,True,False,True,False,False,Declared allergens + Dietary restrictions
Ritz Crackers Original 200 g,Mondelez,en:gluten,True,False,False,False,False,False,Declared allergens + Dietary restrictions
miredina,Mondelez,"en:eggs, en:gluten, en:milk, en:soybeans",True,True,False,True,True,False,Declared allergens + Dietary restrictions
Lightest,Mondelez International,en:milk,False,True,False,False,False,False,Declared allergens + Dietary restrictions
Philadelphia,Mondelez International,en:milk,False,True,False,False,False,False,Declared allergens + Dietary restrictions
Philadelphia Original,Mondelez International,en:milk,False,True,False,False,False,False,Declared allergens + Dietary restrictions
Philadelphia 200g,"Mondelez, Mondelēz International, Philadelphia, Philadelphia - Mondelēz International",en:milk,False,True,False,False,False,False,Declared allergens + Dietary restrictions
Oreo Double Creme,"Mondelez,Oreo","en:gluten, en:milk, en:soybeans",True,True,False,True,False,False,Declared allergens + Dietary restrictions
TUC Original,"Mondelez,Tuc","en:eggs, en:gluten",True,False,False,False,True,False,Declared allergens + Dietary restrictions
Филаделфия,"Mondelèz International, Philadelphia",en:milk,False,True,False,False,False,False,Declared allergens + Dietary restrictions
Tuc Original,"Mondelēz,Tuc","en:eggs, en:gluten, en:sulphur-dioxide-and-sulphites",True,False,False,False,True,False,Declared allergens + Dietary restrictions
Extra virgin olive oil,Monini,,False,False,False,False,False,False,Dietary restrictions
Huile d'olive vierge extra GranFruttato,Monini,,False,False,False,False,False,False,Dietary restrictions
monster energy,Monster Energy,,False,False,False,False,False,False,Dietary restrictions
Eau minérale naturelle,Mont Roucous,,False,False,False,False,False,False,Dietary restrictions
MONT BLANC Eau Minérale Naturelle 1.50 L,Mont blanc,,False,False,False,False,False,False,Dietary restrictions
Monte Regale Italian Spaghetti,Monte Regale,en:gluten,True,False,False,False,False,False,Declared allergens + Dietary restrictions
Absolute black dark chocolate,Montezuma's,,False,False,False,False,False,False,Dietary restrictions
Black Forest cherry dark chocolate,Montezuma's,"en:gluten, en:soybeans",True,False,False,True,False,False,Declared allergens + Dietary restrictions
Beurre à teneur réduite en M.G. (60%) doux,"Montfleuri, Savencia",en:milk,False,True,False,False,False,False,Declared allergens + Dietary restrictions
Beta3 Oatbran,Mornflake,en:oatbran,False,False,False,False,False,False,Declared allergens + Dietary restrictions
Creamy superfast oats,Mornflake,,False,False,False,False,False,False,Dietary restrictions
Greek Style Yogurt,Morrisons,,False,False,False,False,False,False,Dietary restrictions
Bovril Beef and Yeast Extract,"Morrisons,Unilever","en:celery, en:gluten",True,False,False,False,False,False,Declared allergens + Dietary restrictions
85% Cocoa - Dark Chocolate,Moser Roth,en:soybeans,False,False,False,True,False,False,Declared allergens + Dietary restrictions
Dark chocolate,Moser Roth,en:soybeans,False,False,False,True,False,False,Declared allergens + Dietary restrictions
Mousline Nature,Mousline,,False,False,False,False,False,False,Dietary restrictions
Purée,Mousline,,False,False,False,False,False,False,Dietary restrictions
Purée de pommes de terre en flocons,Mousline,,False,False,False,False,False,False,Dietary restrictions
Italian Organic Tomato Ketchup,Mr Organic,,False,False,False,False,False,False,Dietary restrictions
Buongrano con 100% Farina Integrale,Mulino Bianco,"en:eggs, en:gluten, en:milk",True,True,False,False,True,False,Declared allergens + Dietary restrictions
Fette biscottate Integrali 315 gr,Mulino Bianco,en:gluten,True,False,False,False,False,False,Declared allergens + Dietary restrictions
Molinette con Farina Integrale di Grano Saraceno,Mulino Bianco,"en:eggs, en:gluten, en:milk",True,True,False,False,True,False,Declared allergens + Dietary restrictions
Pan Bauletto al Grano Duro,Mulino Bianco,en:gluten,True,False,False,False,False,False,Declared allergens + Dietary restrictions
Pan Bauletto Integrale,MulinoBianco,en:gluten,True,False,False,False,False,False,Declared allergens + Dietary restrictions
Concentré de Tomates,Mutti,,False,False,False,False,False,False,Dietary restrictions
Geschälte Italienische Tomaten,Mutti,,False,False,False,False,False,False,Dietary restrictions
Passata di Pomodoro,Mutti,,False,False,False,False,False,False,Dietary restrictions
Passierte Tomaten,Mutti,,False,False,False,False,False,False,Dietary restrictions
Pizzasauce Aromatica,Mutti,,False,False,False,False,False,False,Dietary restrictions
Polpa Tomates concassées fines,Mutti,,False,False,False,False,False,False,Dietary restrictions
Sauce tomate Parmigiano Reggiano,Mutti,en:milk,False,True,False,False,False,False,Declared allergens + Dietary restrictions
Sauce tomates cuisinées,Mutti,,False,False,False,False,False,False,Dietary restrictions
Sauce Tomate aux légumes grillés,"Mutti, EDEKA Mutti Pasta",,False,False,False,False,False,False,Dietary restrictions
Pastasaus m/Basilikum,"Mutti, Oluf lorentzen as",en:celery,False,False,False,False,False,False,Declared allergens + Dietary restrictions
Kefir - Pur,Müller,en:milk,False,True,False,False,False,False,Declared allergens + Dietary restrictions
Rice Crackers Finement Salé promotion,"N.A!,N.A! Nature Addicts",en:soybeans,False,False,False,True,False,False,Declared allergens + Dietary restrictions
NAKD PROTEIN - Beurre de cacahuètes - 45g (16x1p),"N?kd, Nakd",en:peanuts,False,False,True,False,False,False,Declared allergens + Dietary restrictions
Tomato & Basil,NEW COVENT GARDEN SOUP CO,,False,False,False,False,False,False,Dietary restrictions
NYC BAGEL Sesame,NEW YORK BAKERY,"en:gluten, en:sesame-seeds",True,False,False,False,False,False,Declared allergens + Dietary restrictions
Soba classic,NISSIN,"en:gluten, en:soybeans",True,False,False,True,False,False,Declared allergens + Dietary restrictions
Delizias pechuga de pavo,NOEL,,False,False,False,False,False,False,Dietary restrictions
SHIN RAMYUN,NONGSHIM,"en:gluten, en:soybeans",True,False,False,True,False,False,Declared allergens + Dietary restrictions
Super Seeded Oatcakes,Nairn&#039;s,en:gluten,True,False,False,False,False,False,Declared allergens + Dietary restrictions
Dark Chocolate Chip Oat Biscuits,Nairn's,"en:gluten, en:soybeans",True,False,False,True,False,False,Declared allergens + Dietary restrictions
Fine Milled Oatcakes,Nairn's,en:gluten,True,False,False,False,False,False,Declared allergens + Dietary restrictions
Fruit & Seed Oatcakes,Nairn's,en:gluten,True,False,False,False,False,False,Declared allergens + Dietary restrictions
Oatcakes - Organic,Nairn's,"en:gluten, en:milk, en:nuts",True,True,True,False,False,False,Declared allergens + Dietary restrictions
Rosemary & sea salt Flatbreads,Nairn's,,False,False,False,False,False,False,Dietary restrictions
Nairns cheese oatcakes,Nairns,"en:gluten, en:milk",True,True,False,False,False,False,Declared allergens + Dietary restrictions
Chocolate Chip Oat Biscuit Breaks,Nairn’s,"en:gluten, en:milk, en:soybeans",True,True,False,True,False,False,Declared allergens + Dietary restrictions
Original Oatcakes,Nairn’s,,False,False,False,False,False,False,Dietary restrictions
Berry Delight,Nakd,en:nuts,False,False,True,False,False,False,Declared allergens + Dietary restrictions
Berry Delight Bars,Nakd,en:nuts,False,False,True,False,False,False,Declared allergens + Dietary restrictions
Berry Delight Fruit & Nut Bar,Nakd,en:nuts,False,False,True,False,False,False,Declared allergens + Dietary restrictions
Cocoa Delight,Nakd,en:nuts,False,False,True,False,False,False,Declared allergens + Dietary restrictions
Cocoa Delight Raw Fruit & Nut Bars,Nakd,en:nuts,False,False,True,False,False,False,Declared allergens + Dietary restrictions
Cocoa Orange,Nakd,en:nuts,False,False,True,False,False,False,Declared allergens + Dietary restrictions
Cocoa Orange Fruit & Nut Bars,Nakd,en:nuts,False,False,True,False,False,False,Declared allergens + Dietary restrictions
NAKD PROTEIN - Cacao noisette - 45g (16x1p),Nakd,"en:nuts, en:peanuts",False,False,True,False,False,False,Declared allergens + Dietary restrictions
nakd peanut butter protein bar,Nakd,en:peanuts,False,False,True,False,False,False,Declared allergens + Dietary restrictions
Protein Cocoa Hazelnut Bars,"Nakd,Natural Balance Foods","en:nuts, en:peanuts, en:cacahuetes, en:noisettes",False,False,True,False,False,False,Declared allergens + Dietary restrictions
NAKD Cacahuètes - 140g (4x1p),"Nakd.,Natural Balance Foods",en:peanuts,False,False,True,False,False,False,Declared allergens + Dietary restrictions
Raw Fruit & Nut Bar,Naked,"en:nuts, en:peanuts",False,False,True,False,False,False,Declared allergens + Dietary restrictions
Chickpeas in water,Napolina,en:sodium-metabisulphite,False,False,False,False,False,False,Declared allergens + Dietary restrictions
Chopped Tomatoes 4pk,Napolina,,False,False,False,False,False,False,Dietary restrictions
Chopped Tomatoes in a Rich Tomato Juice,Napolina,,False,False,False,False,False,False,Dietary restrictions
Five Bean Salad,Napolina,en:mustard,False,False,False,False,False,False,Declared allergens + Dietary restrictions
Lentils in water,Napolina,,False,False,False,False,False,False,Dietary restrictions
Napolina Extra Virgin Olive Oil 500Ml,Napolina,,False,False,False,False,False,False,Dietary restrictions
Passata Sieved Tomatoes,Napolina,,False,False,False,False,False,False,Dietary restrictions
Red Kidney Beans in Water Mild & Firm,Napolina,,False,False,False,False,False,False,Dietary restrictions
"Vinaigre Alcool Colore,",National,,False,False,False,False,False,False,Dietary restrictions
Chips de lentilles saveur tomate mozza,"Natu' & Bon,Vico",en:milk,False,True,False,False,False,False,Declared allergens + Dietary restrictions
Barre céréales Protéines peanut& chocolat🍫,Nature Valley,"en:milk, en:peanuts, en:soybeans",False,True,True,True,False,False,Declared allergens + Dietary restrictions
Barres protéinées aux chocolat et cranberries sans gluten,Nature Valley,"en:milk, en:peanuts, en:soybeans",False,True,True,True,False,False,Declared allergens + Dietary restrictions
Barrette Proteiche al Caramello Salato,Nature Valley,"en:milk, en:nuts, en:peanuts, en:soybeans",False,True,True,True,False,False,Declared allergens + Dietary restrictions
Crunchy Avoine & Fruits Rouge 5 x 42 g,Nature Valley,"en:gluten, en:peanuts",True,False,True,False,False,False,Declared allergens + Dietary restrictions
Crunchy Oats & Dark Chocolate,Nature Valley,en:soybeans,False,False,False,True,False,False,Declared allergens + Dietary restrictions
"Crunchy Oats and Dark chocolate, 2 Barres de 21 g",Nature Valley,en:soybeans,False,False,False,True,False,False,Declared allergens + Dietary restrictions
Crunchy canadian maple syrup,Nature Valley,,False,False,False,False,False,False,Dietary restrictions
Crunchy oats&honey,Nature Valley,en:gluten,True,False,False,False,False,False,Declared allergens + Dietary restrictions
Nature Valley Crunchy Oats & Honey,Nature Valley,,False,False,False,False,False,False,Dietary restrictions
Protein Cacahuetes🥜 & Chocolat🍫,Nature Valley,"en:milk, en:peanuts, en:soybeans",False,True,True,True,False,False,Declared allergens + Dietary restrictions
Protein Caramel salé Cacahuètes,Nature Valley,"en:milk, en:nuts, en:peanuts, en:soybeans",False,True,True,True,False,False,Declared allergens + Dietary restrictions
Protein bar peanut and chocolate,Nature Valley,"en:milk, en:peanuts, en:soybeans",False,True,True,True,False,False,Declared allergens + Dietary restrictions
Sweet & saltynut,Nature Valley,"en:gluten, en:milk, en:peanuts, en:soybeans",True,True,True,True,False,False,Declared allergens + Dietary restrictions
Oats 'n Honey Granola Bars,Nature Valley Crunchy,"en:gluten, en:soybeans",True,False,False,True,False,False,Declared allergens + Dietary restrictions
Crunchy avoine et miel,Nature ValleyGeneral Mills,"en:gluten, en:nuts",True,False,True,False,False,False,Declared allergens + Dietary restrictions
Sweet & Salty Nut,Nature Vallley,"en:gluten, en:milk, en:nuts, en:peanuts, en:soybeans",True,True,True,True,False,False,Declared allergens + Dietary restrictions
Beurre doux traditionnel,Nature de Breton,en:milk,False,True,False,False,False,False,Declared allergens + Dietary restrictions
Nature valley crunchy,Nature valley,en:peanuts,False,False,True,False,False,False,Declared allergens + Dietary restrictions
Organic Gluten Free Mesa Sunrise,Nature's Path,,False,False,False,False,False,False,Dietary restrictions
Apple Juice,"Naturis, Solevita, Vitafit",,False,False,False,False,False,False,Dietary restrictions
Vegan Spreadable,Naturli,en:nuts,False,False,True,False,False,False,Declared allergens + Dietary restrictions
Organic Vegan Block,Naturli',en:nuts,False,False,True,False,False,False,Declared allergens + Dietary restrictions
Organic cacao nibs,Naturya,,False,False,False,False,False,False,Dietary restrictions
28 bâtonnets de surimi,Nautica,"en:crustaceans, en:eggs, en:fish, en:gluten",True,False,False,False,True,True,Declared allergens + Dietary restrictions
Truite fumée,Nautica,en:fish,False,False,False,False,False,True,Declared allergens + Dietary restrictions
Saumon fumé,"Nautica, Lighthouse bay, Lidl",en:fish,False,False,False,False,False,True,Declared allergens + Dietary restrictions
Cappuccino soluble,Nescafe,en:milk,False,True,False,False,False,False,Declared allergens + Dietary restrictions
Nescafé,Nescafe,,False,False,False,False,False,False,Dietary restrictions
Azera Americano,Nescafé,,False,False,False,False,False,False,Dietary restrictions
Cafe,Nescafé,,False,False,False,False,False,False,Dietary restrictions
GOLD BLEND Instant Coffee,Nescafé,,False,False,False,False,False,False,Dietary restrictions
Nescafe classic,Nescafé,,False,False,False,False,False,False,Dietary restrictions
Nescafé Azera Americano instant coffee,Nescafé,,False,False,False,False,False,False,Dietary restrictions
Nescafé Classic,Nescafé,,False,False,False,False,False,False,Dietary restrictions
Decaff Americano,Nescafé Azera,,False,False,False,False,False,False,Dietary restrictions
Nesquik Cereal,Nesquik,en:gluten,True,False,False,False,False,False,Declared allergens + Dietary restrictions
BITESIZE SHREDDED WHEAT,Nestle,en:gluten,True,False,False,False,False,False,Declared allergens + Dietary restrictions
Cerelac,Nestle,,False,False,False,False,False,False,Dietary restrictions
Corn Flakes,Nestle,en:gluten,True,False,False,False,False,False,Declared allergens + Dietary restrictions
Fitness Nature Céréales complètes,Nestle,en:gluten,True,False,False,False,False,False,Declared allergens + Dietary restrictions
Multigrain Cheerios,Nestle,en:gluten,True,False,False,False,False,False,Declared allergens + Dietary restrictions
Shreddies,Nestle,en:gluten,True,False,False,False,False,False,Declared allergens + Dietary restrictions
Shreddies The Original,Nestle,en:gluten,True,False,False,False,False,False,Declared allergens + Dietary restrictions
Solis,Nestle nutrition,,False,False,False,False,False,False,Dietary restrictions
AFTER EIGHT Coffret 300g,Nestlé,"en:milk, en:nuts",False,True,True,False,False,False,Declared allergens + Dietary restrictions
Cerelac,Nestlé,,False,False,False,False,False,False,Dietary restrictions
Chocolat noir pâtissier,Nestlé,,False,False,False,False,False,False,Dietary restrictions
FITNESS Cerealien,Nestlé,en:gluten,True,False,False,False,False,False,Declared allergens + Dietary restrictions
Flanby,Nestlé,en:milk,False,True,False,False,False,False,Declared allergens + Dietary restrictions
KitKat Cereal,Nestlé,"en:gluten, en:milk, en:nuts",True,True,True,False,False,False,Declared allergens + Dietary restrictions
Kitkat,Nestlé,,False,False,False,False,False,False,Dietary restrictions
Lion cereal with caramel and chocolate,Nestlé,"en:gluten, en:milk",True,True,False,False,False,False,Declared allergens + Dietary restrictions
"NESCAFÉ NES, Café Soluble, Boîte de 25 Sticks (2g chacun)",Nestlé,,False,False,False,False,False,False,Dietary restrictions
NESTLE CHOCAPIC Céréales 750g,Nestlé,en:gluten,True,False,False,False,False,False,Declared allergens + Dietary restrictions
NESTLE DESSERT Cacao en Poudre boîte 250g,Nestlé,,False,False,False,False,False,False,Dietary restrictions
NESTLE DESSERT Lait,Nestlé,en:milk,False,True,False,False,False,False,Declared allergens + Dietary restrictions
Nan optipro,Nestlé,,False,False,False,False,False,False,Dietary restrictions
Nesquik,Nestlé,en:soybeans,False,False,False,True,False,False,Declared allergens + Dietary restrictions
Nesquik Cocoa,Nestlé,en:soybeans,False,False,False,True,False,False,Declared allergens + Dietary restrictions
Nesquik Original,Nestlé,en:soybeans,False,False,False,True,False,False,Declared allergens + Dietary restrictions
Nestlé Dessert,Nestlé,,False,False,False,False,False,False,Dietary restrictions
Nestlé Pure Life,Nestlé,,False,False,False,False,False,False,Dietary restrictions
Petit nesquik,Nestlé,en:milk,False,True,False,False,False,False,Declared allergens + Dietary restrictions
Pure Life,Nestlé,,False,False,False,False,False,False,Dietary restrictions
Quality Street,Nestlé,"en:milk, en:nuts",False,True,True,False,False,False,Declared allergens + Dietary restrictions
"RICORE Original, Café & Chicorée, Recharge 180g",Nestlé,,False,False,False,False,False,False,Dietary restrictions
Ricoré Original Café & Chicorée,Nestlé,,False,False,False,False,False,False,Dietary restrictions
Ricoré original,Nestlé,,False,False,False,False,False,False,Dietary restrictions
Shredded Wheat 16s imp,Nestlé,,False,False,False,False,False,False,Dietary restrictions
Sweetened Condensed Milk,Nestlé,en:milk,False,True,False,False,False,False,Declared allergens + Dietary restrictions
Viennois chocolat,Nestlé,en:milk,False,True,False,False,False,False,Declared allergens + Dietary restrictions
Yaos,Nestlé,en:milk,False,True,False,False,False,False,Declared allergens + Dietary restrictions
Yaos Le Yaourt à la Grecque Stracciatella 125 g,Nestlé,en:milk,False,True,False,False,False,False,Declared allergens + Dietary restrictions
Yaos Yaourt à la Grecque Nature 4 x 150g,Nestlé,en:milk,False,True,False,False,False,False,Declared allergens + Dietary restrictions
cafe de cereales,Nestlé,en:gluten,True,False,False,False,False,False,Declared allergens + Dietary restrictions
céréales Chocapic,Nestlé,en:gluten,True,False,False,False,False,False,Declared allergens + Dietary restrictions
maggi,Nestlé,en:gluten,True,False,False,False,False,False,Declared allergens + Dietary restrictions
nido,Nestlé,"en:milk, en:soybeans",False,True,False,True,False,False,Declared allergens + Dietary restrictions
shredded wheat,Nestlé,"en:gluten, en:gluten, en:nuts, en:peanuts",True,False,True,False,False,False,Declared allergens + Dietary restrictions
chocolat NESTLE DESSERT Noir 2X205g,"Nestlé dessert, Tablettes",,False,False,False,False,False,False,Dietary restrictions
NESTLE DESSERT Noir Bio 170g,"Nestlé, Bio+, Nestle dessert",,False,False,False,False,False,False,Dietary restrictions
CHEERIOS BIO Céréale 375g,"Nestlé, Cheerios",en:gluten,True,False,False,False,False,False,Declared allergens + Dietary restrictions
NESTLE CHOCAPIC Céréales 375g,"Nestlé, Chocapic",en:gluten,True,False,False,False,False,False,Declared allergens + Dietary restrictions
NESTLE CHOCAPIC Céréales 645g,"Nestlé, Chocapic",en:gluten,True,False,False,False,False,False,Declared allergens + Dietary restrictions
chocapic,"Nestlé, Chocapic",en:gluten,True,False,False,False,False,False,Declared allergens + Dietary restrictions
Le Classique Soja et Blé,"Nestlé, Garden gourmet","en:eggs, en:gluten, en:soybeans",True,False,False,True,True,False,Declared allergens + Dietary restrictions
"Le Gourmand Soja, Poivre et Persil","Nestlé, Garden gourmet","en:eggs, en:gluten, en:soybeans",True,False,False,True,True,False,Declared allergens + Dietary restrictions
Le Petit Pot de Crème au Chocolat,"Nestlé, La Laitière","en:eggs, en:milk, en:soybeans",False,True,False,True,True,False,Declared allergens + Dietary restrictions
Riz au lait,"Nestlé, La Laitière",en:milk,False,True,False,False,False,False,Declared allergens + Dietary restrictions
Yaourt vanille de Madagascar,"Nestlé, La Laitière",en:milk,False,True,False,False,False,False,Declared allergens + Dietary restrictions
Le Choco,"Nestlé, Le chocolat",en:soybeans,False,False,False,True,False,False,Declared allergens + Dietary restrictions
NESTLE LION Céréales 400g,"Nestlé, Lion",en:gluten,True,False,False,False,False,False,Declared allergens + Dietary restrictions
Arome MAGGI,"Nestlé, Maggi",en:gluten,True,False,False,False,False,False,Declared allergens + Dietary restrictions
MAGGI Bouillon KUB Volaille 180g,"Nestlé, Maggi","en:celery, en:gluten",True,False,False,False,False,False,Declared allergens + Dietary restrictions
MAGGI Bouillon KUB Volaille Réduit en sel de -25% 120g,"Nestlé, Maggi","en:gluten, en:celeri",True,False,False,False,False,False,Declared allergens + Dietary restrictions
Menier Pâtissier Tablette,"Nestlé, Menier",en:milk,False,True,False,False,False,False,Declared allergens + Dietary restrictions
NESTLE DESSERT Pâte à tartiner 340g,"Nestlé, NESTLE DESSERT","en:milk, en:nuts",False,True,True,False,False,False,Declared allergens + Dietary restrictions
NESTLÉ DESSERT Noir 205g,"Nestlé, NESTLE DESSERT, Tablettes",,False,False,False,False,False,False,Dietary restrictions
Crousti fondant choco-noisettes,"Nestlé, Nat","en:gluten, en:milk, en:nuts",True,True,True,False,False,False,Declared allergens + Dietary restrictions
NESQUIK Cacao,"Nestlé, Nesquik",en:soybeans,False,False,False,True,False,False,Declared allergens + Dietary restrictions
NESQUIK Poudre Cacaotée boîte 500g,"Nestlé, Nesquik",en:soybeans,False,False,False,True,False,False,Declared allergens + Dietary restrictions
NESQUIK Poudre cacaotée boîte 1Kg + 20% offert,"Nestlé, Nesquik",en:soybeans,False,False,False,True,False,False,Declared allergens + Dietary restrictions
NESTLE NESQUIK Céréales 450g,"Nestlé, Nesquik",en:gluten,True,False,False,False,False,False,Declared allergens + Dietary restrictions
NESTLE NESQUIK BIO Céréales 375g,"Nestlé, Nesquik, Nesquik bio",en:gluten,True,False,False,False,False,False,Declared allergens + Dietary restrictions
NESTLÉ DESSERT Corsé 200g,"Nestlé, Nestlé Dessert, Tablettes",,False,False,False,False,False,False,Dietary restrictions
original shredded wheat,"Nestlé, Nestlé UK Ltd",en:gluten,True,False,False,False,False,False,Declared allergens + Dietary restrictions
Perrier,"Nestlé, Nestlé Waters, Perrier",,False,False,False,False,False,False,Dietary restrictions
Perrier fines bulles,"Nestlé, Nestlé Waters, Perrier",,False,False,False,False,False,False,Dietary restrictions
Eau minérale naturelle gazeuse 50cl PET,"Nestlé, Nestlé Waters, San Pellegrino",,False,False,False,False,False,False,Dietary restrictions
eau minerale,"Nestlé, Nestlé Waters, Vittel",,False,False,False,False,False,False,Dietary restrictions
RICORE Original,"Nestlé, Ricore",,False,False,False,False,False,False,Dietary restrictions
"RICORE au Lait, Café & Chicorée, Boîte 400g","Nestlé, Ricore",en:milk,False,True,False,False,False,False,Declared allergens + Dietary restrictions
"Chicorée & Café, RICORÉ® L'Original, Boîte de 260g","Nestlé, Ricoré",,False,False,False,False,False,False,Dietary restrictions
Aranciata Rossa (orange sanguine),"Nestlé, San Pellegrino",en:orange,False,False,False,False,False,False,Declared allergens + Dietary restrictions
Limonata,"Nestlé, San Pellegrino",,False,False,False,False,False,False,Dietary restrictions
Yaos le yaourt à la Grecque,"Nestlé, Yaos",en:milk,False,True,False,False,False,False,Declared allergens + Dietary restrictions
RICORÉ® aux céréales et à la chicorée solubles Boîte 250g,"Nestlé,Caro,Ricore",en:gluten,True,False,False,False,False,False,Declared allergens + Dietary restrictions
Cheerios Aveia,"Nestlé,Cereal Partners Poland Toruń Pacific",en:gluten,True,False,False,False,False,False,Declared allergens + Dietary restrictions
"Protein Trigo, Avena & Quinoa","Nestlé,Cereal Partners Poland Toruń Pacific","en:gluten, es:avena",True,False,False,False,False,False,Declared allergens + Dietary restrictions
Céréales Chocapic,"Nestlé,Chocapic",en:gluten,True,False,False,False,False,False,Declared allergens + Dietary restrictions
NESTLE CHOCAPIC BIO Céréales 375g,"Nestlé,Chocapic",en:gluten,True,False,False,False,False,False,Declared allergens + Dietary restrictions
Chocolate con Leche,"Nestlé,Extrafino",en:milk,False,True,False,False,False,False,Declared allergens + Dietary restrictions
Boulettes aux Légumes,"Nestlé,Garden gourmet","en:celery, en:eggs, en:gluten, en:soybeans",True,False,False,True,True,False,Declared allergens + Dietary restrictions
"NESCAFÉ NES, Café Soluble, Boîte de 200g","Nestlé,Nes,Nescafe",,False,False,False,False,False,False,Dietary restrictions
NESCAFÉ SPECIAL FILTRE L'Original Flacon de 200g,"Nestlé,Nescafe,Special filtre",,False,False,False,False,False,False,Dietary restrictions
NESQUIK Moins de Sucres,"Nestlé,Nesquik",en:soybeans,False,False,False,True,False,False,Declared allergens + Dietary restrictions
NESTLÉ DESSERT 70% Absolu 170g,"Nestlé,Nestlé Dessert,Tablettes",en:milk,False,True,False,False,False,False,Declared allergens + Dietary restrictions
S. Pellegrino Water,"Nestlé,Nestlé Waters,San Pellegrino",,False,False,False,False,False,False,Dietary restrictions
Nescafé Gold,"Nestlé,nescafe",,False,False,False,False,False,False,Dietary restrictions
NESQUIK Poudre Cacaotée boîte 500g,"NestléNesquik, Nestlé, Nesquik",en:soybeans,False,False,False,True,False,False,Declared allergens + Dietary restrictions
Vegetable soup,New Covent Garden,"en:celery, en:milk",False,True,False,False,False,False,Declared allergens + Dietary restrictions
Classic Chicken,New Covent Garden Soup Co,"en:chicken, en:milk",False,True,False,False,False,False,Declared allergens + Dietary restrictions
Mushroom Soup,New Covent Garden Soup Co,,False,False,False,False,False,False,Dietary restrictions
Bakery Co. 5 The Original Bagels Fresher for Longer,New York Bakery,en:gluten,True,False,False,False,False,False,Declared allergens + Dietary restrictions
NYC BAGELS Wholemeal,New York Bakery,en:gluten,True,False,False,False,False,False,Declared allergens + Dietary restrictions
NYC Bagels,New York Bakery,en:gluten,True,False,False,False,False,False,Declared allergens + Dietary restrictions
NYC Bagels The original,New York Bakery,en:gluten,True,False,False,False,False,False,Declared allergens + Dietary restrictions
XC Bagels Cinnamon & Raisin,New York Bakery,en:gluten,True,False,False,False,False,False,Declared allergens + Dietary restrictions
Vegetable Stock Cubes,Newgate,en:celery,False,False,False,False,False,False,Declared allergens + Dietary restrictions
Demae Ramen - Chicken,Nissin,"en:gluten, en:sesame-seeds, en:soybeans",True,False,False,True,False,False,Declared allergens + Dietary restrictions
Filets de maquereaux aux vin blanc et aux aromates,Nixe,en:fish,False,False,False,False,False,True,Declared allergens + Dietary restrictions
Mackerel fillets,Nixe,en:fish,False,False,False,False,False,True,Declared allergens + Dietary restrictions
Mackrel Fillets in spicy tomato sauce,Nixe,en:fish,False,False,False,False,False,True,Declared allergens + Dietary restrictions
Sardines | In Extra Virgin Olive Oil,Nixe,en:fish,False,False,False,False,False,True,Declared allergens + Dietary restrictions
Sardines à la tomate,Nixe,en:fish,False,False,False,False,False,True,Declared allergens + Dietary restrictions
Thon entier au naturel,Nixe,en:fish,False,False,False,False,False,True,Declared allergens + Dietary restrictions
Noir,"Nocilla,Idilia Foods","en:nuts, en:soybeans",False,False,True,True,False,False,Declared allergens + Dietary restrictions
Ramen,Noody,"en:gluten, en:soybeans",True,False,False,True,False,False,Declared allergens + Dietary restrictions
Slightly Salted Spreadable Butter,Nordpak,en:milk,False,True,False,False,False,False,Declared allergens + Dietary restrictions
Spreadable Nordpak Lighter,Nordpak,en:milk,False,True,False,False,False,False,Declared allergens + Dietary restrictions
Novalac lait 1er age,Novalac,"en:milk, en:soybeans",False,True,False,True,False,False,Declared allergens + Dietary restrictions
Crema Novi Haselnusscreme,Novi,"en:milk, en:nuts, en:soybeans",False,True,True,True,False,False,Declared allergens + Dietary restrictions
Glace au Nutella,Nutella,"en:eggs, en:milk, en:nuts, en:soybeans",False,True,True,True,True,False,Declared allergens + Dietary restrictions
Pâte à tartiner,Nutella,"en:milk, en:nuts, en:soybeans",False,True,True,True,False,False,Declared allergens + Dietary restrictions
Nutella 400g,"Nutella,Ferrero","en:milk, en:nuts, en:soybeans",False,True,True,True,False,False,Declared allergens + Dietary restrictions
Crunchy Peanut Butter,Nuts About Nature,"en:nuts, en:peanuts",False,False,True,False,False,False,Declared allergens + Dietary restrictions
raw fruit & nut bar,Nākd,en:nuts,False,False,True,False,False,False,Declared allergens + Dietary restrictions
Parmigiano Reggiano Revet Fersk Parmesan DOP 60g,OLUF LORENTZEN AS,en:milk,False,True,False,False,False,False,Declared allergens + Dietary restrictions
OREO ORIGINAL,OREO,"en:gluten, en:soybeans",True,False,False,True,False,False,Declared allergens + Dietary restrictions
Oreo O's,"OREO,Weetabix","en:gluten, en:soybeans",True,False,False,True,False,False,Declared allergens + Dietary restrictions
Oasis Pomme Cassis Framboise,Oasis,en:apple,False,False,False,False,False,False,Declared allergens + Dietary restrictions
oasis,"Oasis tropical, oasis",en:orange,False,False,False,False,False,False,Declared allergens + Dietary restrictions
33CL CAN SLIM TROPICAL,"Oasis,Oasis Tropical",en:orange,False,False,False,False,False,False,Declared allergens + Dietary restrictions
Oasis tropical,"Oasis,Oasis Tropical","en:apple, en:orange",False,False,False,False,False,False,Declared allergens + Dietary restrictions
PET 50CL OASIS TROPICAL,"Oasis,Oasis tropical",en:orange,False,False,False,False,False,False,Declared allergens + Dietary restrictions
PET 2L OASIS TROPICAL,"Oasis,Orangina Schweppes France",,False,False,False,False,False,False,Dietary restrictions
Avena Barista Edition,Oatly,,False,False,False,False,False,False,Dietary restrictions
Barista Edition Oat Drink,Oatly,en:gluten,True,False,False,False,False,False,Declared allergens + Dietary restrictions
Boisson à l'avoine,Oatly,,False,False,False,False,False,False,Dietary restrictions
Haferdrink Barista,Oatly,en:gluten,True,False,False,False,False,False,Declared allergens + Dietary restrictions
No Sugars Oat Drink,Oatly,"en:gluten, en:soybeans",True,False,False,True,False,False,Declared allergens + Dietary restrictions
Oat milk,Oatly,"en:gluten, en:soybeans",True,False,False,True,False,False,Declared allergens + Dietary restrictions
Oatgurt greek style,Oatly,en:gluten,True,False,False,False,False,False,Declared allergens + Dietary restrictions
Oatly Semi Oat Drink imp,Oatly,en:gluten,True,False,False,False,False,False,Declared allergens + Dietary restrictions
Organic oat drink,Oatly,"en:gluten, en:soybeans",True,False,False,True,False,False,Declared allergens + Dietary restrictions
Semi Oat Drink,Oatly,en:gluten,True,False,False,False,False,False,Declared allergens + Dietary restrictions
Whole Oat Drink,Oatly,en:gluten,True,False,False,False,False,False,Declared allergens + Dietary restrictions
Fischstäbchen,Ocean Sea,"en:fish, en:gluten, de:alaska-seeiachsfiiet",True,False,False,False,False,True,Declared allergens + Dietary restrictions
Jus de cranberry,Ocean Spray,,False,False,False,False,False,False,Dietary restrictions
PET 1L OCEAN SPRAY CLASS,Ocean Spray,,False,False,False,False,False,False,Dietary restrictions
Premium Omega-3,Ocean's Essentials,,False,False,False,False,False,False,Dietary restrictions
Bâtonnets de surimi,Odyssée,"en:crustaceans, en:eggs, en:fish, en:gluten, en:milk, en:molluscs, en:mustard, en:soybeans",True,True,False,True,True,True,Declared allergens + Dietary restrictions
Caramelised Onion & Balsamic Vinegar Pea & Bean Sticks,Off The Eaten Path,"en:celery, en:crustaceans, en:eggs, en:gluten, en:milk, en:mustard, en:soybeans",True,True,False,True,True,False,Declared allergens + Dietary restrictions
12 Crunchy Taco Shells,Old El Paso,,False,False,False,False,False,False,Dietary restrictions
6 Wraps blé complet,Old El Paso,en:gluten,True,False,False,False,False,False,Declared allergens + Dietary restrictions
REFRIED BEANS,Old El Paso,,False,False,False,False,False,False,Dietary restrictions
Wraps,Old El Paso,en:gluten,True,False,False,False,False,False,Declared allergens + Dietary restrictions
Regular Tortillas,"Old El Paso,General Mills",en:gluten,True,False,False,False,False,False,Declared allergens + Dietary restrictions
Tortilla Nachips Original,"Old El Paso,General Mills",,False,False,False,False,False,False,Dietary restrictions
Sauce apéritif Guacamole,Old el paso,"en:gluten, en:milk, en:sulphur-dioxide-and-sulphites",True,True,False,False,False,False,Declared allergens + Dietary restrictions
Wraps de Blé Nature,Old el paso,en:gluten,True,False,False,False,False,False,Declared allergens + Dietary restrictions
Olla,Olla,,False,False,False,False,False,False,Dietary restrictions
زيت المائدة المختارة,Oléor,,False,False,False,False,False,False,Dietary restrictions
eau de source,Ondine,,False,False,False,False,False,False,Dietary restrictions
Granola aux fruits,One Day More,en:gluten,True,False,False,False,False,False,Declared allergens + Dietary restrictions
Mango Papaya Passion Fruit Yogurt,Onken,en:milk,False,True,False,False,False,False,Declared allergens + Dietary restrictions
Or Blanc,Or Blanc,en:milk,False,True,False,False,False,False,Declared allergens + Dietary restrictions
Orangina,Orangina,en:orange,False,False,False,False,False,False,Declared allergens + Dietary restrictions
Orangina 50cl,Orangina,,False,False,False,False,False,False,Dietary restrictions
Orangina zéro,Orangina,en:orange,False,False,False,False,False,False,Declared allergens + Dietary restrictions
Pulco Citron,"Orangina Schweppes France,Pulco,Schweppes International Limited",,False,False,False,False,False,False,Dietary restrictions
Schweppes Agrum',"Orangina Schweppes,Schweppes",,False,False,False,False,False,False,Dietary restrictions
Orangina,"Orangina, Orangina Schweppes France, Schweppes International Limited",en:orange,False,False,False,False,False,False,Declared allergens + Dietary restrictions
Orangina et sa Pulpe !,"Orangina, Orangina Schweppes, Schweppes",en:orange,False,False,False,False,False,False,Declared allergens + Dietary restrictions
Oreo,Oreo,"en:gluten, en:soybeans",True,False,False,True,False,False,Declared allergens + Dietary restrictions
Original Oreo,Oreo,"en:gluten, en:milk, en:soybeans",True,True,False,True,False,False,Declared allergens + Dietary restrictions
Original,"Oreo,Mondelēz","en:gluten, en:soybeans",True,False,False,True,False,False,Declared allergens + Dietary restrictions
Gingerbread men biscuits,Organix,en:gluten,True,False,False,False,False,False,Declared allergens + Dietary restrictions
Raspberry & Apple Soft Oaty Bars,Organix,,False,False,False,False,False,False,Dietary restrictions
Cream cheese,Original,en:milk,False,True,False,False,False,False,Declared allergens + Dietary restrictions
Oulmes Eau Gazeuse,Oulmès,,False,False,False,False,False,False,Dietary restrictions
Truite Fumée de France,Ovive,en:fish,False,False,False,False,False,True,Declared allergens + Dietary restrictions
Truite Fumée des Pyrénées,Ovive,en:fish,False,False,False,False,False,True,Declared allergens + Dietary restrictions
Ovomaltine crunchy,Ovo maltine,"en:gluten, en:milk, en:nuts",True,True,True,False,False,False,Declared allergens + Dietary restrictions
Crunchy cream,Ovomaltine,"en:gluten, en:milk, en:nuts",True,True,True,False,False,False,Declared allergens + Dietary restrictions
Ovomaltine Céréal Energy,Ovomaltine,"en:gluten, en:milk",True,True,False,False,False,False,Declared allergens + Dietary restrictions
Ovomaltine barres,Ovomaltine,"en:gluten, en:milk, en:nuts",True,True,True,False,False,False,Declared allergens + Dietary restrictions
Oxo Beef,Oxo,en:gluten,True,False,False,False,False,False,Declared allergens + Dietary restrictions
SHORTBREAD FINGERS,PATERSON'S,"en:gluten, en:milk",True,True,False,False,False,False,Declared allergens + Dietary restrictions
Thon a huile végétale,PESCADA,"en:fish, en:soybeans",False,False,False,True,False,True,Declared allergens + Dietary restrictions
Atún en tomate,PESCAMAR,,False,False,False,False,False,False,Dietary restrictions
Rillettes de saumon,PETIT NAVIRE,"en:eggs, en:fish, en:milk",False,True,False,False,True,True,Declared allergens + Dietary restrictions
Medium fat soft cheese,PHILADELPHIA LIGHT,en:milk,False,True,False,False,False,False,Declared allergens + Dietary restrictions
Queso untar light formato familiar,"PHILADELPHIA,Mondelez",en:milk,False,True,False,False,False,False,Declared allergens + Dietary restrictions
Brioche Chocolat,PITCH,"en:eggs, en:gluten, en:milk, en:nuts, en:soybeans",True,True,True,True,True,False,Declared allergens + Dietary restrictions
margherita,PIZZA EXPRESS,"en:gluten, en:milk",True,True,False,False,False,False,Declared allergens + Dietary restrictions
SEREK WIEJSKI,PIĄTNICA,"en:milk, en:milk, en:milk",False,True,False,False,False,False,Declared allergens + Dietary restrictions
Poulain Bio 34 % de cacao,POULAIN,"en:celery, en:gluten, en:milk",True,True,False,False,False,False,Declared allergens + Dietary restrictions
EXTRA VIRGIN OLIVE OIL,PRIMADONNA,,False,False,False,False,False,False,Dietary restrictions
Huile d'olive bio,PRIMADONNA,,False,False,False,False,False,False,Dietary restrictions
TUNA CHUNKS,PRINCES,en:fish,False,False,False,False,False,True,Declared allergens + Dietary restrictions
TEXAS BBQ SAUCE,PRINGLES,"en:gluten, en:milk",True,True,False,False,False,False,Declared allergens + Dietary restrictions
BARBECUE LENTIL CHIPS,PROPER,,False,False,False,False,False,False,Dietary restrictions
Peanut butter,PROZIS,en:peanuts,False,False,True,False,False,False,Declared allergens + Dietary restrictions
PRESIDENT CAMEMBERT 250g,PRÉSIDENT,en:milk,False,True,False,False,False,False,Declared allergens + Dietary restrictions
"Golden Wheat Swedish Krisprolls, 7.9oz (225g)",Pagen,en:gluten,True,False,False,False,False,False,Declared allergens + Dietary restrictions
Krisprolls,Pagen,en:gluten,True,False,False,False,False,False,Declared allergens + Dietary restrictions
Cocktail Tropical Multivitaminé,Pago,"en:orange, fr:abricot, fr:citron",False,False,False,False,False,False,Declared allergens + Dietary restrictions
Bolognaise,Panzani,,False,False,False,False,False,False,Dietary restrictions
Bolognaise classique,Panzani,"en:beef, en:pork",False,False,False,False,False,False,Declared allergens + Dietary restrictions
Le Ravioli pur boeuf,Panzani,en:gluten,True,False,False,False,False,False,Declared allergens + Dietary restrictions
Panzani - bc - tomacouli nature 500g (big),Panzani,,False,False,False,False,False,False,Dietary restrictions
Panzani - spf - sauce bolognaise pur boeuf 400g,Panzani,,False,False,False,False,False,False,Dietary restrictions
Panzani sauce pesto basilic 200g,Panzani,"en:eggs, en:milk, en:nuts",False,True,True,False,True,False,Declared allergens + Dietary restrictions
Panzani sauce provencale nat 210g f12,Panzani,,False,False,False,False,False,False,Dietary restrictions
Panzani sce provencale 425g,Panzani,,False,False,False,False,False,False,Dietary restrictions
Panzani torti 500g,Panzani,en:gluten,True,False,False,False,False,False,Declared allergens + Dietary restrictions
Pesto basilico,Panzani,"en:eggs, en:milk, en:nuts",False,True,True,False,True,False,Declared allergens + Dietary restrictions
Ravioli pur bœuf  sans colorant ni conservateur,Panzani,en:gluten,True,False,False,False,False,False,Declared allergens + Dietary restrictions
Sauce Tomate concentrée cuisinée aux petits légumes,Panzani,"en:gluten, en:milk",True,True,False,False,False,False,Declared allergens + Dietary restrictions
Sauce basilic aux tomates fraîches de saison,Panzani,,False,False,False,False,False,False,Dietary restrictions
Tomacouli,Panzani,,False,False,False,False,False,False,Dietary restrictions
Tomacouli Nature,Panzani,,False,False,False,False,False,False,Dietary restrictions
Tomapizza,Panzani,,False,False,False,False,False,False,Dietary restrictions
Caprice,Papadopoulos,"en:gluten, en:milk, en:nuts, en:soybeans",True,True,True,True,False,False,Declared allergens + Dietary restrictions
Pj pomme pet 1l,Paquito,,False,False,False,False,False,False,Dietary restrictions
Sardines Huile d'Olive Vierge Extra,Parmentier,en:fish,False,False,False,False,False,True,Declared allergens + Dietary restrictions
Sardines huile d olive vierge,Parmentier,en:fish,False,False,False,False,False,True,Declared allergens + Dietary restrictions
Sardines huile d'olives et piment,Parmentier,"en:fish, en:sulphur-dioxide-and-sulphites",False,False,False,False,False,True,Declared allergens + Dietary restrictions
Sardines à la tomate,Parmentier,en:fish,False,False,False,False,False,True,Declared allergens + Dietary restrictions
Biscottes Sans sucres ajoutés Blé complet,Pasquier,en:gluten,True,False,False,False,False,False,Declared allergens + Dietary restrictions
Biscottes sans sel et sans sucre ajoutés,Pasquier,en:gluten,True,False,False,False,False,False,Declared allergens + Dietary restrictions
Biscottes sans sucres ajoutés,Pasquier,en:gluten,True,False,False,False,False,False,Declared allergens + Dietary restrictions
Brioche tressée pépites de chocolat,Pasquier,"en:eggs, en:gluten, en:milk, en:soybeans",True,True,False,True,True,False,Declared allergens + Dietary restrictions
Briochettes,Pasquier,"en:eggs, en:gluten, en:milk",True,True,False,False,True,False,Declared allergens + Dietary restrictions
Grilletine Sans sucres ajoutés Blé complet,Pasquier,en:gluten,True,False,False,False,False,False,Declared allergens + Dietary restrictions
Pains au chocolat,Pasquier,"en:gluten, en:milk, en:soybeans",True,True,False,True,False,False,Declared allergens + Dietary restrictions
Pains au lait x10,Pasquier,"en:eggs, en:gluten, en:milk",True,True,False,False,True,False,Declared allergens + Dietary restrictions
Tartines de Pain multi-céréales,Pasquier,"en:eggs, en:gluten, en:milk, en:sesame-seeds, en:soybeans, fr:triticale",True,True,False,True,True,False,Declared allergens + Dietary restrictions
Korma spice paste,Patak's,en:mustard,False,False,False,False,False,False,Declared allergens + Dietary restrictions
Pataks On the Side Lime Pickle,Patak's,en:mustard,False,False,False,False,False,False,Declared allergens + Dietary restrictions
Tikka Masala Paste Pots,Patak's,en:mustard,False,False,False,False,False,False,Declared allergens + Dietary restrictions
Tikka Masala Spice Paste,Patak's,en:mustard,False,False,False,False,False,False,Declared allergens + Dietary restrictions
Paulaner Spezi,Paulaner,,False,False,False,False,False,False,Dietary restrictions
Gocciole classiche pav 500 gr,Pavesi,"en:gluten, en:milk, en:soybeans",True,True,False,True,False,False,Declared allergens + Dietary restrictions
Paxo Sage & Onion Stuffing Mix,Paxo,en:gluten,True,False,False,False,False,False,Declared allergens + Dietary restrictions
Beurre moulé demi sel,Paysan Breton,en:milk,False,True,False,False,False,False,Declared allergens + Dietary restrictions
Cream Cheese,Paysan Breton,en:milk,False,True,False,False,False,False,Declared allergens + Dietary restrictions
Paysan Breton - Beurre moulé demi-sel,Paysan Breton,en:milk,False,True,False,False,False,False,Declared allergens + Dietary restrictions
Paysan Breton - Le Fromage Fouetté Madame Loïk - Ail et fines herbes de nos régions françaises,Paysan Breton,en:milk,False,True,False,False,False,False,Declared allergens + Dietary restrictions
beurre moulé doux,Paysan breton,en:milk,False,True,False,False,False,False,Declared allergens + Dietary restrictions
Baked Pretzels Original Sea Salted,Penn State,en:gluten,True,False,False,False,False,False,Declared allergens + Dietary restrictions
Sour Cream & Chive Flavour Wheat & Potato Pretzel Knots,Penn State Snacks,,False,False,False,False,False,False,Dietary restrictions
Pepsi 1L,Pepsi,,False,False,False,False,False,False,Dietary restrictions
Pepsi 2L,Pepsi,,False,False,False,False,False,False,Dietary restrictions
Aquafina,Pepsi cola,,False,False,False,False,False,False,Dietary restrictions
Pepsi Max,"Pepsi zero, PepsiCo, Pepsi, Pepsi Max",,False,False,False,False,False,False,Dietary restrictions
Sting,PepsiCo,,False,False,False,False,False,False,Dietary restrictions
Peripella,Peripella,"en:milk, en:nuts, en:soybeans",False,True,True,True,False,False,Declared allergens + Dietary restrictions
Perly,Perly,"en:banana, en:milk, en:milk",False,True,False,False,False,False,Declared allergens + Dietary restrictions
Perly orange,Perly,,False,False,False,False,False,False,Dietary restrictions
PERRIER eau minérale naturelle gazeuse,"Perrier,Nestlé Waters,Nestlé",,False,False,False,False,False,False,Dietary restrictions
Peter's Yard Original Sourdough Crackers,Peter's Yard,"en:gluten, en:milk, en:gluten",True,True,False,False,False,False,Declared allergens + Dietary restrictions
Peter’s Yard Sourdough Crispbreads,Peter’s Yard,"en:gluten, en:milk",True,True,False,False,False,False,Declared allergens + Dietary restrictions
Rosemary & Sea Salt Sourdough Crackers,Peter’s Yard,en:gluten,True,False,False,False,False,False,Declared allergens + Dietary restrictions
Filet de maquereaux grillés nature,Petit Navire,en:fish,False,False,False,False,False,True,Declared allergens + Dietary restrictions
Filets de maquereaux,Petit Navire,en:fish,False,False,False,False,False,True,Declared allergens + Dietary restrictions
Filets de maquereaux moutarde a l'ancienne,Petit Navire,"en:fish, en:mustard",False,False,False,False,False,True,Declared allergens + Dietary restrictions
Maquereaux vin blanc et aromates,Petit Navire,"en:fish, en:sulphur-dioxide-and-sulphites",False,False,False,False,False,True,Declared allergens + Dietary restrictions
Morceaux de Thon nature,Petit Navire,en:fish,False,False,False,False,False,True,Declared allergens + Dietary restrictions
Rilettes de thon,Petit Navire,"en:eggs, en:fish, en:milk",False,True,False,False,True,True,Declared allergens + Dietary restrictions
Thon entier au nature,Petit Navire,en:fish,False,False,False,False,False,True,Declared allergens + Dietary restrictions
Thon entier au naturel,Petit Navire,en:fish,False,False,False,False,False,True,Declared allergens + Dietary restrictions
Thon entier au naturel Albacore,Petit Navire,en:fish,False,False,False,False,False,True,Declared allergens + Dietary restrictions
petit yoplait,"Petit yoplait std, Yoplait",en:milk,False,True,False,False,False,False,Declared allergens + Dietary restrictions
Garlic & Herbs,Philadelphia,en:milk,False,True,False,False,False,False,Declared allergens + Dietary restrictions
Original Philadelphia,Philadelphia,en:milk,False,True,False,False,False,False,Declared allergens + Dietary restrictions
Philadelphia original,Philadelphia,,False,False,False,False,False,False,Dietary restrictions
Original Doppelrahmstufe,"Philadelphia,Mondelez",en:milk,False,True,False,False,False,False,Declared allergens + Dietary restrictions
Original Pack Familiar,"Philadelphia,Mondelez",en:milk,False,True,False,False,False,False,Declared allergens + Dietary restrictions
Philadelphia Original,"Philadelphia,Mondelez",en:milk,False,True,False,False,False,False,Declared allergens + Dietary restrictions
Piadina midi flatbread,Piadina,en:gluten,True,False,False,False,False,False,Declared allergens + Dietary restrictions
Corn Flakes 0% azúcares añadidos,PicaHado,,False,False,False,False,False,False,Dietary restrictions
Mon Taboulé Oriental,Pierre Martinet,en:gluten,True,False,False,False,False,False,Declared allergens + Dietary restrictions
"Quinoa croquant, amandes et noisettes",Pierre Martinet,"en:fish, en:milk, en:mustard, en:nuts, en:sesame-seeds, en:soybeans",False,True,True,True,False,True,Declared allergens + Dietary restrictions
Salade de quinoa aux légumes,Pierre Martinet,en:soybeans,False,False,False,True,False,False,Declared allergens + Dietary restrictions
Crème dessert saveur chocolat et vanille,Pilis,en:milk,False,True,False,False,False,False,Declared allergens + Dietary restrictions
Cottage Cheese,Pilos,en:milk,False,True,False,False,False,False,Declared allergens + Dietary restrictions
Creamy Yogurt Greek Style,Pilos,en:milk,False,True,False,False,False,False,Declared allergens + Dietary restrictions
IAURT CREMOS în stil GRECESC,Pilos,en:milk,False,True,False,False,False,False,Declared allergens + Dietary restrictions
"Kefir 1,5%",Pilos,en:milk,False,True,False,False,False,False,Declared allergens + Dietary restrictions
Unt de masă,Pilos,,False,False,False,False,False,False,Dietary restrictions
Vanilla Flavour Quark,Pilos,en:milk,False,True,False,False,False,False,Declared allergens + Dietary restrictions
Yogurt Greek 2% Lidl,Pilos,"en:milk, es:fermentos-lacticos",False,True,False,False,False,False,Declared allergens + Dietary restrictions
Краве масло 82%,Pilos,en:milk,False,True,False,False,False,False,Declared allergens + Dietary restrictions
Хомогенизирано пълномаслено краве мляко 3.5%,Pilos,en:milk,False,True,False,False,False,False,Declared allergens + Dietary restrictions
CRUNCHY PEANUT BUTTER,Pip & Nut,en:peanuts,False,False,True,False,False,False,Declared allergens + Dietary restrictions
Smooth Peanut Butter,Pip & Nut,en:peanuts,False,False,True,False,False,False,Declared allergens + Dietary restrictions
Anglesey sea salt crisps,Pipers,,False,False,False,False,False,False,Dietary restrictions
Piquitos con salvado,Piquitos San Roque,en:gluten,True,False,False,False,False,False,Declared allergens + Dietary restrictions
Organic Super Firm Tofu,Plant Menu,en:soybeans,False,False,False,True,False,False,Declared allergens + Dietary restrictions
Beurre planta fin,Planta Fin,,False,False,False,False,False,False,Dietary restrictions
Almond,Plenish,en:nuts,False,False,True,False,False,False,Declared allergens + Dietary restrictions
Gluten Free Barista Oat Drink,Plenish,,False,False,False,False,False,False,Dietary restrictions
Organic Gluten-Free Oat Drink,Plenish,en:gluten,True,False,False,False,False,False,Declared allergens + Dietary restrictions
Organic Oat drink,Plenish,en:gluten,True,False,False,False,False,False,Declared allergens + Dietary restrictions
Organic soya drink,Plenish,en:soybeans,False,False,False,True,False,False,Declared allergens + Dietary restrictions
Pom-Bear Original 6pk,Pom-Bear,,False,False,False,False,False,False,Dietary restrictions
Sour Cream & Onion Potato Chips,Popchips,en:milk,False,True,False,False,False,False,Declared allergens + Dietary restrictions
Sweet & Salty Popped Crisps,Popworks,,False,False,False,False,False,False,Dietary restrictions
Grape-Nuts,Post,en:gluten,True,False,False,False,False,False,Declared allergens + Dietary restrictions
Chicken stock,Pott's,,False,False,False,False,False,False,Dietary restrictions
1848 Chocolat en poudre,Poulain,,False,False,False,False,False,False,Dietary restrictions
Chocolat au lait feuilleté caramel,Poulain,"en:milk, en:nuts, en:soybeans",False,True,True,True,False,False,Declared allergens + Dietary restrictions
Grand Arôme 32% de Cacao,Poulain,,False,False,False,False,False,False,Dietary restrictions
Grand Arôme moins de sucre,Poulain,,False,False,False,False,False,False,Dietary restrictions
Noir Extra,Poulain,"en:milk, en:soybeans",False,True,False,True,False,False,Declared allergens + Dietary restrictions
POULAIN NOIR EXTRA 200G,Poulain,"en:milk, en:soybeans",False,True,False,True,False,False,Declared allergens + Dietary restrictions
Poulain,Poulain,"en:milk, en:nuts, en:soybeans",False,True,True,True,False,False,Declared allergens + Dietary restrictions
Poulain Grand Arôme intense 70% de cacao,Poulain,,False,False,False,False,False,False,Dietary restrictions
Pâte à tartiner,Poulain,"en:milk, en:nuts",False,True,True,False,False,False,Declared allergens + Dietary restrictions
Super Poulain,Poulain,en:soybeans,False,False,False,True,False,False,Declared allergens + Dietary restrictions
chocolat en poudre,Poulain,,False,False,False,False,False,False,Dietary restrictions
Madagascar Dark Chocolate tummasuklaa,Preferred Selection,en:soybeans,False,False,False,True,False,False,Declared allergens + Dietary restrictions
La crème des chefs ferme et onctueuse gastronomique,President,en:milk,False,True,False,False,False,False,Declared allergens + Dietary restrictions
Meersalz Butter,President,en:milk,False,True,False,False,False,False,Declared allergens + Dietary restrictions
Le Bio Orange,Pressade,,False,False,False,False,False,False,Dietary restrictions
Nectar de pommes - Doux - Bio,Pressade,,False,False,False,False,False,False,Dietary restrictions
Huile d'olive vierge extra,Primadonna,,False,False,False,False,False,False,Dietary restrictions
Tartine & cuisson doux à tartiner et à cuire,Primevere,,False,False,False,False,False,False,Dietary restrictions
Primevère Tartine & Cuisson,Primevère,,False,False,False,False,False,False,Dietary restrictions
Primevère bio doux tartine & cuisson,Primevère,,False,False,False,False,False,False,Dietary restrictions
Primevère doux sans huile de palme,Primevère,,False,False,False,False,False,False,Dietary restrictions
Tartine & Cuisson 100% végétal,Primevère,,False,False,False,False,False,False,Dietary restrictions
Tartine Doux,Primevère,,False,False,False,False,False,False,Dietary restrictions
Tartine demi-sel 100% végétal,Primevère,,False,False,False,False,False,False,Dietary restrictions
Barbeque,Pringles,en:gluten,True,False,False,False,False,False,Declared allergens + Dietary restrictions
Pringles,Pringles,"en:gluten, en:milk, en:gluten, en:milk, en:soybeans",True,True,False,True,False,False,Declared allergens + Dietary restrictions
Pringles Cașcaval,Pringles,"en:gluten, en:milk",True,True,False,False,False,False,Declared allergens + Dietary restrictions
Pringles Original,Pringles,en:gluten,True,False,False,False,False,False,Declared allergens + Dietary restrictions
Pringles Paprika,Pringles,"en:gluten, en:milk",True,True,False,False,False,False,Declared allergens + Dietary restrictions
Pringles Salt & Vinegar,Pringles,"en:gluten, en:milk",True,True,False,False,False,False,Declared allergens + Dietary restrictions
Pringles Sare,Pringles,"en:gluten, en:soybeans",True,False,False,True,False,False,Declared allergens + Dietary restrictions
Pringles classic paprika,Pringles,"en:gluten, en:milk",True,True,False,False,False,False,Declared allergens + Dietary restrictions
Pringles sour cream & onion,Pringles,"en:gluten, en:milk, fr:laktose, fr:milch, fr:milcheiweiss, fr:weizenstarke",True,True,False,False,False,False,Declared allergens + Dietary restrictions
Sour Cream & Onion,Pringles,"en:gluten, en:milk",True,True,False,False,False,False,Declared allergens + Dietary restrictions
Sour Cream & Onion chips,Pringles,"en:gluten, en:milk",True,True,False,False,False,False,Declared allergens + Dietary restrictions
Pringles Original,"Pringles,Kellogg's",en:gluten,True,False,False,False,False,False,Declared allergens + Dietary restrictions
Pringles Sour Cream,"Pringles,Kellogg's","en:gluten, en:milk",True,True,False,False,False,False,Declared allergens + Dietary restrictions
Картофельные чипсы со вкусом парики,"Pringles,Kellogg's","en:gluten, en:milk",True,True,False,False,False,False,Declared allergens + Dietary restrictions
ProActiv,ProActiv,,False,False,False,False,False,False,Dietary restrictions
ProActiv Margarine Tartine,ProActiv,en:milk,False,True,False,False,False,False,Declared allergens + Dietary restrictions
Caramelised popcorn seasoned with sea salt,Proper,,False,False,False,False,False,False,Dietary restrictions
Proper Corn Sea Salted Popcorn,Proper,,False,False,False,False,False,False,Dietary restrictions
Proper corn sea salt,Proper,,False,False,False,False,False,False,Dietary restrictions
Salt & Vinegar Lentil Chips,Proper,,False,False,False,False,False,False,Dietary restrictions
Sea Salted popcorn,Proper,,False,False,False,False,False,False,Dietary restrictions
Barbecue Lentil Chips,Proper Chips,,False,False,False,False,False,False,Dietary restrictions
Sea Salt Lentil Chips,Proper Chips,,False,False,False,False,False,False,Dietary restrictions
Salted Microwave Popcorn,Proper Corn,,False,False,False,False,False,False,Dietary restrictions
Sweet & Salty Popcorn,Proper Corn,,False,False,False,False,False,False,Dietary restrictions
Sweet & Salty Popcorn,Propercorn,,False,False,False,False,False,False,Dietary restrictions
Beurre Tendre Demi Sel,Président,en:milk,False,True,False,False,False,False,Declared allergens + Dietary restrictions
Beurre doux gastronomique,Président,en:milk,False,True,False,False,False,False,Declared allergens + Dietary restrictions
Beurre gastronomique demi-sel,Président,en:milk,False,True,False,False,False,False,Declared allergens + Dietary restrictions
Coulommiers 21%,Président,en:milk,False,True,False,False,False,False,Declared allergens + Dietary restrictions
Crème fraîche gastronomique,Président,en:milk,False,True,False,False,False,False,Declared allergens + Dietary restrictions
beurre,Président,en:milk,False,True,False,False,False,False,Declared allergens + Dietary restrictions
le Brie président,Président,en:milk,False,True,False,False,False,False,Declared allergens + Dietary restrictions
Краве масло 82%,Président,en:milk,False,True,False,False,False,False,Declared allergens + Dietary restrictions
BIO Basmati Reis Vollkorn,"Pueblo Lindo, Nur Nur Natur",,False,False,False,False,False,False,Dietary restrictions
Huile d'Olive Vierge Extra,Puget,,False,False,False,False,False,False,Dietary restrictions
Huile d'olive,Puget,,False,False,False,False,False,False,Dietary restrictions
Huile d'olive vierge extra - Bio,Puget,,False,False,False,False,False,False,Dietary restrictions
Vinaigrette Balsamique Ciboulette - Echalotes,Puget,,False,False,False,False,False,False,Dietary restrictions
"Vinaigrette légèrevinaigre balsamique tomates et tomates séchée",Puget,en:sulphur-dioxide-and-sulphites,False,False,False,False,False,False,Declared allergens + Dietary restrictions
BLE 70CL DELICES AGRUMES PULCO,Pulco,en:orange,False,False,False,False,False,False,Declared allergens + Dietary restrictions
BLE 70CL ORANGE CITRON PULCO,Pulco,en:orange,False,False,False,False,False,False,Declared allergens + Dietary restrictions
BLE 70CL PULCO CITRON VERT,Pulco,,False,False,False,False,False,False,Dietary restrictions
Citronnade,Pulco,,False,False,False,False,False,False,Dietary restrictions
Sirop citron vert et menthe,Pulco,,False,False,False,False,False,False,Dietary restrictions
Buttery Taste Dairy Free,Pure,,False,False,False,False,False,False,Dietary restrictions
Poudre stevia,Pure Via,,False,False,False,False,False,False,Dietary restrictions
Stevia,"Pure Via, Whole Earth, Whole Earth Sweetener Co.",,False,False,False,False,False,False,Dietary restrictions
Lait demi-ecrémé,Pâturages,"en:milk, en:sulphur-dioxide-and-sulphites",False,True,False,False,False,False,Declared allergens + Dietary restrictions
Lait uht 1/2 ecreme bio bt 1l,Pâturages,en:milk,False,True,False,False,False,False,Declared allergens + Dietary restrictions
"Fromage blanc 3,2% de matière grasse","Pâturages, Sélection Intermarché",en:milk,False,True,False,False,False,False,Declared allergens + Dietary restrictions
Krisprolls - Wholegrain Complets,Pågen,en:gluten,True,False,False,False,False,False,Declared allergens + Dietary restrictions
Krisprolls complets,Pågen,en:gluten,True,False,False,False,False,False,Declared allergens + Dietary restrictions
Gifflar Cannelle,"Pågen,Gifflar","en:eggs, en:gluten, en:milk, en:nuts",True,True,True,False,True,False,Declared allergens + Dietary restrictions
Brandade de Morue parmentière 2 personnes,Pêcheries Basques,"en:fish, en:gluten",True,False,False,False,False,True,Declared allergens + Dietary restrictions
GOLDEN SYRUP FLAVOUR MICROWAVEABLE OATS,QUAKER OAT SO SIMPLE,,False,False,False,False,False,False,Dietary restrictions
quaker golden syrup,Quacker (Oat So Simple),en:milk,False,True,False,False,False,False,Declared allergens + Dietary restrictions
Cruesli Chocolat noir,Quaker,"en:gluten, en:soybeans",True,False,False,True,False,False,Declared allergens + Dietary restrictions
Flocons d'avoine complète,Quaker,,False,False,False,False,False,False,Dietary restrictions
Jumbo Rolled Oats,Quaker,,False,False,False,False,False,False,Dietary restrictions
Muesli Croustillant Noix de pécan & noix du Brésil,Quaker,"en:gluten, en:nuts",True,False,True,False,False,False,Declared allergens + Dietary restrictions
Original Microwaveable Oats,Quaker,,False,False,False,False,False,False,Dietary restrictions
Quaker Cruesli Chocolat au lait,Quaker,"en:gluten, en:milk, en:sesame-seeds, en:soybeans",True,True,False,True,False,False,Declared allergens + Dietary restrictions
Quaker Flocons d'avoine,Quaker,,False,False,False,False,False,False,Dietary restrictions
Quick oats,Quaker,,False,False,False,False,False,False,Dietary restrictions
cruesly mélange de noix,Quaker,"en:gluten, en:nuts, fr:avoine",True,False,True,False,False,False,Declared allergens + Dietary restrictions
100% Whole Grain Rolled Oats Old Fashioned,Quaker Oats,,False,False,False,False,False,False,Dietary restrictions
Flocons d'avoine complète,Quaker Oats,en:gluten,True,False,False,False,False,False,Declared allergens + Dietary restrictions
Oat so Simple Original,"Quaker, Quaker Oats",,False,False,False,False,False,False,Dietary restrictions
Quaker Cruesli Frutta Secca,"Quaker,PepsiCo","en:gluten, en:nuts",True,False,True,False,False,False,Declared allergens + Dietary restrictions
Mince,Quorn,"en:eggs, en:gluten, en:eggs, en:gluten, en:mycoprotein",True,False,False,False,True,False,Declared allergens + Dietary restrictions
Quorn pieces,Quorn,en:eggs,False,False,False,False,True,False,Declared allergens + Dietary restrictions
Smoky Ham Free Slices,Quorn,en:mycoprotein,False,False,False,False,False,False,Declared allergens + Dietary restrictions
Eau minérale gazeuse,Quézac,,False,False,False,False,False,False,Dietary restrictions
Le yaourt nature,RAFII,,False,False,False,False,False,False,Dietary restrictions
Frommage fondu,REWE Beste Wahl,en:milk,False,True,False,False,False,False,Declared allergens + Dietary restrictions
faisselle,RIANS,en:milk,False,True,False,False,False,False,Declared allergens + Dietary restrictions
MEAT-FREE TASTY SAUSAGES,RICHMOND,"en:gluten, en:soybeans",True,False,False,True,False,False,Declared allergens + Dietary restrictions
Nocciolata - Pâte à tartiner au cacao et noisettes,RIGONI DI ASIAGO BIO,"en:nuts, en:soybeans",False,False,True,True,False,False,Declared allergens + Dietary restrictions
Cioccolato Nocciole intere,RITTER SPORT,"en:milk, en:nuts, en:soybeans",False,True,True,True,False,False,Declared allergens + Dietary restrictions
the ORIGINAL CRACKER,RITZ,en:gluten,True,False,False,False,False,False,Declared allergens + Dietary restrictions
Seeded bloomer,ROWAN HILL BAKERY,en:gluten,True,False,False,False,False,False,Declared allergens + Dietary restrictions
CRISP BREAD Blackpepper,RYVITA,en:gluten,True,False,False,False,False,False,Declared allergens + Dietary restrictions
Multigrain Crispbread,RYVITA,"en:gluten, en:sesame-seeds, en:soybeans",True,False,False,True,False,False,Declared allergens + Dietary restrictions
PUMPKIN SEED & OAT CRISPBREAD,RYVITA,"en:gluten, en:sesame-seeds",True,False,False,False,False,False,Declared allergens + Dietary restrictions
crackerbread,RYVITA,"en:gluten, en:milk",True,True,False,False,False,False,Declared allergens + Dietary restrictions
Divine Rice Traditional,Rachel's organic,"en:eggs, en:milk",False,True,False,False,True,False,Declared allergens + Dietary restrictions
Bonbons,Raffaello Confetteria,"en:gluten, en:milk, en:nuts, en:soybeans",True,True,True,True,False,False,Declared allergens + Dietary restrictions
Douceur de fromage,Rafii,,False,False,False,False,False,False,Dietary restrictions
Jamila Maxi,Raibi Jamila,,False,False,False,False,False,False,Dietary restrictions
Rama Margarine,"Rama,Upfield Deutschland",,False,False,False,False,False,False,Dietary restrictions
Heavenly Houmous,Ramona's,en:sesame-seeds,False,False,False,False,False,False,Declared allergens + Dietary restrictions
Ramona's Heavenly Houmous Jalapeño,Ramona's,"en:celery, en:mustard, en:sesame-seeds",False,False,False,False,False,False,Declared allergens + Dietary restrictions
Rana spinach and ricotta fresh tortelloni,Rana,"en:eggs, en:gluten, en:milk",True,True,False,False,True,False,Declared allergens + Dietary restrictions
mushroom & mascarpone tortelloni,Rana,"en:eggs, en:gluten, en:milk",True,True,False,False,True,False,Declared allergens + Dietary restrictions
Bionella,"Rapunzel,Bionella","en:lupin, en:nuts",False,False,True,False,False,False,Declared allergens + Dietary restrictions
Lentilles Cuisinées à l'Auvergnate,Raynal & Roquelaure,"en:celery, en:gluten",True,False,False,False,False,False,Declared allergens + Dietary restrictions
Lentilles cuisinées à l'Auvergnate,Raynal et Roquelaure,"en:celery, en:gluten",True,False,False,False,False,False,Declared allergens + Dietary restrictions
Super smooth porridge imp,"Ready break, Weetabix",,False,False,False,False,False,False,Dietary restrictions
Ready brek original smooth porridge oats,Ready brek,,False,False,False,False,False,False,Dietary restrictions
Corn Thins Original,Real Foods,"en:sesame-seeds, en:soybeans",False,False,False,True,False,False,Declared allergens + Dietary restrictions
Lait de coco,Real Thai,,False,False,False,False,False,False,Dietary restrictions
ENERGY DRINK,Red Bull,,False,False,False,False,False,False,Dietary restrictions
Red Bull,Red Bull,,False,False,False,False,False,False,Dietary restrictions
Red Bull Energydrink Classic,Red Bull,,False,False,False,False,False,False,Dietary restrictions
Red Bull Sugarfree,Red Bull,es:fenilalanina,False,False,False,False,False,False,Declared allergens + Dietary restrictions
25 cl Red Bull - Energy Drink,"Red Bull, حلال",,False,False,False,False,False,False,Dietary restrictions
Biscuits Tacos,Reda Food,en:milk,False,True,False,False,False,False,Declared allergens + Dietary restrictions
KÉFIR,Reina,en:milk,False,True,False,False,False,False,Declared allergens + Dietary restrictions
Pâte à tartiner noisettes,Revey Tchico,"en:milk, en:nuts, en:soybeans",False,True,True,True,False,False,Declared allergens + Dietary restrictions
Süßstoff,"Rewe, ja!",,False,False,False,False,False,False,Dietary restrictions
Blackcurrant Squash,Ribena,,False,False,False,False,False,False,Dietary restrictions
Pastis de Marseille,Ricard,,False,False,False,False,False,False,Dietary restrictions
50G RICOLA CITRON MELISSE,Ricola,,False,False,False,False,False,False,Dietary restrictions
50G RICOLA FRAMBOISE MELISSE,Ricola,,False,False,False,False,False,False,Dietary restrictions
Nocciolata,Rigoni Di Asiago,"en:milk, en:nuts, en:soybeans",False,True,True,True,False,False,Declared allergens + Dietary restrictions
Nocciolata Bianca,Rigoni di Asiago,"en:milk, en:nuts, en:soybeans",False,True,True,True,False,False,Declared allergens + Dietary restrictions
Nocciolata bio,Rigoni di Asiago,"en:milk, en:nuts, en:soybeans",False,True,True,True,False,False,Declared allergens + Dietary restrictions
Nocciolata crunchy,Rigoni di Asiago,"en:milk, en:nuts, en:soybeans",False,True,True,True,False,False,Declared allergens + Dietary restrictions
rinomicine,Rinomicine,,False,False,False,False,False,False,Dietary restrictions
Buscalios,Risi,,False,False,False,False,False,False,Dietary restrictions
Onduladas campesinas,Risi,,False,False,False,False,False,False,Dietary restrictions
Puur hele hazelnoot,Ritter Sport,"en:eggs, en:gluten, en:milk, en:nuts, en:peanuts, en:soybeans, en:milk",True,True,True,True,True,False,Declared allergens + Dietary restrictions
The Original Cracker,Ritz Bakery,en:gluten,True,False,False,False,False,False,Declared allergens + Dietary restrictions
Cream Crackers,Rivercote,en:gluten,True,False,False,False,False,False,Declared allergens + Dietary restrictions
Grissini Breadstick,Rivercote,en:gluten,True,False,False,False,False,False,Declared allergens + Dietary restrictions
Lightly Salted Corn Cakes,Rivercote,,False,False,False,False,False,False,Dietary restrictions
MULTI-SEED FLATBREAD THINS,Rivercote,en:gluten,True,False,False,False,False,False,Declared allergens + Dietary restrictions
Scottish Rough Oatcakes,Rivercote,en:gluten,True,False,False,False,False,False,Declared allergens + Dietary restrictions
Tartines craquantes Froment,Rivercote,"en:gluten, en:milk",True,True,False,False,False,False,Declared allergens + Dietary restrictions
Multigrain Crackers,Rivercote (LIDL),en:gluten,True,False,False,False,False,False,Declared allergens + Dietary restrictions
Sesame Crispbread with a naturally nutty flavour,"Rivercote, Lidl","en:gluten, en:sesame-seeds",True,False,False,False,False,False,Declared allergens + Dietary restrictions
Double Concentrate Apple & Blackcurrant Squash No Added Sugar,Robinsons,en:apple,False,False,False,False,False,False,Declared allergens + Dietary restrictions
Double Concentrate Orange Squash No Added Sugar,Robinsons,,False,False,False,False,False,False,Dietary restrictions
Robinsons Orange Squash,Robinsons,,False,False,False,False,False,False,Dietary restrictions
Fruity Black Currants,Rocks,en:apple,False,False,False,False,False,False,Declared allergens + Dietary restrictions
Juicy Oranges Whole Fruit Squash,Rocks,,False,False,False,False,False,False,Dietary restrictions
Biscottes Aixoises,Roger,"en:gluten, en:soybeans",True,False,False,True,False,False,Declared allergens + Dietary restrictions
Frutas Mezcladas,Rostoy,,False,False,False,False,False,False,Dietary restrictions
Rostoy melocotón 1l,Rostoy,,False,False,False,False,False,False,Dietary restrictions
Mélanges de fruits,Rostoy Selección,en:orange,False,False,False,False,False,False,Declared allergens + Dietary restrictions
Malted Bloomer,Rowan Hill,en:gluten,True,False,False,False,False,False,Declared allergens + Dietary restrictions
6 Wholemeal Pitta Breads,Rowan Hill Bakery,en:gluten,True,False,False,False,False,False,Declared allergens + Dietary restrictions
Plain Tortilla Wraps,Rowan Hill Bakery,en:gluten,True,False,False,False,False,False,Declared allergens + Dietary restrictions
Honey,Rowse,,False,False,False,False,False,False,Dietary restrictions
LIGHT & MILD honey,Rowse,,False,False,False,False,False,False,Dietary restrictions
Organic Honey,Rowse,,False,False,False,False,False,False,Dietary restrictions
Runny Honey,Rowse,,False,False,False,False,False,False,Dietary restrictions
Eau Minérale Naturelle Pétillante,Rozana,,False,False,False,False,False,False,Dietary restrictions
Oat Organic Drink,Rude Health,,False,False,False,False,False,False,Dietary restrictions
RUDE Almond Organic Drink imp,Rude health,en:nuts,False,False,True,False,False,False,Declared allergens + Dietary restrictions
gnocchi di patate,Rummo,"en:gluten, en:soybeans",True,False,False,True,False,False,Declared allergens + Dietary restrictions
Dark Rye Crispbread,Ryvita,,False,False,False,False,False,False,Dietary restrictions
Fruit Crunch Crisp,Ryvita,en:gluten,True,False,False,False,False,False,Declared allergens + Dietary restrictions
Rosemary & Sea Salt Thins,Ryvita,en:gluten,True,False,False,False,False,False,Declared allergens + Dietary restrictions
Simply Sesame,Ryvita,"en:gluten, en:sesame-seeds",True,False,False,False,False,False,Declared allergens + Dietary restrictions
The Original Crunchy Rye Breads,Ryvita,en:gluten,True,False,False,False,False,False,Declared allergens + Dietary restrictions
Thins Multi-Seed Flatbreads,Ryvita,en:gluten,True,False,False,False,False,False,Declared allergens + Dietary restrictions
Wholegrain Ryvita Crackerbread,Ryvita,"en:gluten, en:milk",True,True,False,False,False,False,Declared allergens + Dietary restrictions
Tube caramel beurre salé,Régilait,en:milk,False,True,False,False,False,False,Declared allergens + Dietary restrictions
lait demi écrémé,Régilait,"en:milk, en:soybeans",False,True,False,True,False,False,Declared allergens + Dietary restrictions
Lait concentré sucré en tube Format Économique ♦,Régilait®,en:milk,False,True,False,False,False,False,Declared allergens + Dietary restrictions
Tchico peanuts,Révey,"en:peanuts, en:soybeans",False,False,True,True,False,False,Declared allergens + Dietary restrictions
Vegane Pommersche - Schnittlauch,Rügenwalder Mühle,,False,False,False,False,False,False,Dietary restrictions
Veganer Schinken-Spicker Grillgemüse,Rügenwalder Mühle,,False,False,False,False,False,False,Dietary restrictions
Veganer Schinken-Spicker Mortadella,Rügenwalder Mühle,,False,False,False,False,False,False,Dietary restrictions
Veganer Schinkenspicker Schnittlauch,Rügenwalder Mühle,,False,False,False,False,False,False,Dietary restrictions
Classic Basil Pesto,SACLA',"en:milk, en:nuts",False,True,True,False,False,False,Declared allergens + Dietary restrictions
PESTO Sun-Dried TOMATO,SACLA',"en:eggs, en:milk, en:nuts, en:sulphur-dioxide-and-sulphites",False,True,True,False,True,False,Declared allergens + Dietary restrictions
Le Jambon Supérieur sans couenne sans nitrite,SAINT ALBY,,False,False,False,False,False,False,Dietary restrictions
Gâche tranchée,SAVEURS DE NOS RÉGIONS,"en:eggs, en:gluten, en:milk",True,True,False,False,True,False,Declared allergens + Dietary restrictions
Major,SAÏDA,"en:gluten, en:milk, en:nuts, en:soybeans, en:sulphur-dioxide-and-sulphites",True,True,True,True,False,False,Declared allergens + Dietary restrictions
Marrakech orange 1l,SELECTION,,False,False,False,False,False,False,Dietary restrictions
"Chocolate Bar, snickers","SNICKERS, Mars","en:eggs, en:milk, en:nuts, en:peanuts, en:soybeans",False,True,True,True,True,False,Declared allergens + Dietary restrictions
Scottish porridge oats,SO,en:gluten,True,False,False,False,False,False,Declared allergens + Dietary restrictions
Biscuits au Germe de Blé Soja et Orange,SONDEY,en:gluten,True,False,False,False,False,False,Declared allergens + Dietary restrictions
Special k,SPECIAL K,en:gluten,True,False,False,False,False,False,Declared allergens + Dietary restrictions
Saint Moret bio,"ST MÔRET, Savencia",en:milk,False,True,False,False,False,False,Declared allergens + Dietary restrictions
Sabra Houmous Extra,Sabra,en:sesame-seeds,False,False,False,False,False,False,Declared allergens + Dietary restrictions
eau minérale naturelle,Sabrine,,False,False,False,False,False,False,Dietary restrictions
Organic végétarian pesto,Saclà,en:milk,False,True,False,False,False,False,Declared allergens + Dietary restrictions
Sauce Arrabiata,Saclà,,False,False,False,False,False,False,Dietary restrictions
Vegan Basil Pesto,Saclà,"en:nuts, en:soybeans",False,False,True,True,False,False,Declared allergens + Dietary restrictions
Safia,"Safia,Sfbt,صافية",,False,False,False,False,False,False,Dietary restrictions
Eau de source,Saguaro,,False,False,False,False,False,False,Dietary restrictions
Eau de source de montagne,Saguaro,,False,False,False,False,False,False,Dietary restrictions
Finement pétillante,Saguaro,,False,False,False,False,False,False,Dietary restrictions
Saida eau minérale,Saida,,False,False,False,False,False,False,Dietary restrictions
80% Dark Chocolate,Sainsbury's,,False,False,False,False,False,False,Dietary restrictions
Butter beans in water,Sainsbury's,en:sulphur-dioxide-and-sulphites,False,False,False,False,False,False,Declared allergens + Dietary restrictions
Classic Houmous,Sainsbury's,en:sesame-seeds,False,False,False,False,False,False,Declared allergens + Dietary restrictions
Coconut Milk,Sainsbury's,en:sulphur-dioxide-and-sulphites,False,False,False,False,False,False,Declared allergens + Dietary restrictions
FULL FAT SOFT CHEESE,Sainsbury's,en:milk,False,True,False,False,False,False,Declared allergens + Dietary restrictions
"Fruit, Nut and Seed Muesli",Sainsbury's,"en:apple, en:gluten, en:nuts, en:sulphur-dioxide-and-sulphites",True,False,True,False,False,False,Declared allergens + Dietary restrictions
GREEK STYLE NATURAL YOGURT,Sainsbury's,en:milk,False,True,False,False,False,False,Declared allergens + Dietary restrictions
Gnocchi,Sainsbury's,"en:gluten, en:milk",True,True,False,False,False,False,Declared allergens + Dietary restrictions
Greek PDO feta cheese,Sainsbury's,en:milk,False,True,False,False,False,False,Declared allergens + Dietary restrictions
Greek Style Yogurt,Sainsbury's,en:milk,False,True,False,False,False,False,Declared allergens + Dietary restrictions
High Fibre Bran,Sainsbury's,en:gluten,True,False,False,False,False,False,Declared allergens + Dietary restrictions
Lentil Dhal Soup,Sainsbury's,,False,False,False,False,False,False,Dietary restrictions
Lightly sea salted,Sainsbury's,,False,False,False,False,False,False,Dietary restrictions
Natural yogurt,Sainsbury's,en:milk,False,True,False,False,False,False,Declared allergens + Dietary restrictions
"Raisin, Nut & Honey Granola",Sainsbury's,"en:gluten, en:nuts",True,False,True,False,False,False,Declared allergens + Dietary restrictions
Red Kidney Beans in water,Sainsbury's,,False,False,False,False,False,False,Dietary restrictions
Runny Honey,Sainsbury's,,False,False,False,False,False,False,Dietary restrictions
SEMI SKIMMED 1.8% FAT MILK,Sainsbury's,en:milk,False,True,False,False,False,False,Declared allergens + Dietary restrictions
SO Organic Tomato Ketchup,Sainsbury's,,False,False,False,False,False,False,Dietary restrictions
SO organic Mayonnaise,Sainsbury's,en:eggs,False,False,False,False,True,False,Declared allergens + Dietary restrictions
Sainsbury's San Francisco Style Sourdough,Sainsbury's,en:gluten,True,False,False,False,False,False,Declared allergens + Dietary restrictions
Scottish Whole Rolled Oats,Sainsbury's,en:gluten,True,False,False,False,False,False,Declared allergens + Dietary restrictions
Seeded Sourdough Half Bloomer,Sainsbury's,"en:gluten, en:soybeans",True,False,False,True,False,False,Declared allergens + Dietary restrictions
Shortbread All Butter Fingers,Sainsbury's,"en:gluten, en:milk",True,True,False,False,False,False,Declared allergens + Dietary restrictions
Smoky Roasted Red Pepper Houmous,Sainsbury's,,False,False,False,False,False,False,Dietary restrictions
"Spicy tomato, lentil and red pepper soup",Sainsbury's,,False,False,False,False,False,False,Dietary restrictions
Spinach Ricotta Tortelloni,Sainsbury's,"en:eggs, en:gluten, en:milk",True,True,False,False,True,False,Declared allergens + Dietary restrictions
Tortilla Wraps,Sainsbury's,en:gluten,True,False,False,False,False,False,Declared allergens + Dietary restrictions
WHOLEMEAL PITTAS,Sainsbury's,en:gluten,True,False,False,False,False,False,Declared allergens + Dietary restrictions
Wholegrain Malties,Sainsbury's,en:gluten,True,False,False,False,False,False,Declared allergens + Dietary restrictions
cornflakes,Sainsbury's,en:gluten,True,False,False,False,False,False,Declared allergens + Dietary restrictions
green lentils in water,Sainsbury's,,False,False,False,False,False,False,Dietary restrictions
White Sourdough Half Bloomer,Sainsbury's Taste the Difference,"en:gluten, en:soybeans",True,False,False,True,False,False,Declared allergens + Dietary restrictions
Just Snax Tortilla Chips,Sainsbury's basics,,False,False,False,False,False,False,Dietary restrictions
MULTISEED WHOLEMEAL FARMHOUSE LOAF,Sainsbury's taste the difference,"en:gluten, en:soybeans",True,False,False,True,False,False,Declared allergens + Dietary restrictions
Single Estate Venezuelan Dark clChocolate,Sainsbury's taste the difference,,False,False,False,False,False,False,Dietary restrictions
Tomato Ketchup,"Sainsbury's, By Sainsbury's",,False,False,False,False,False,False,Dietary restrictions
Rough Oatcakes,"Sainsbury's, By sainsbury's",en:gluten,True,False,False,False,False,False,Declared allergens + Dietary restrictions
Reduced Salt Yeast Extract (Marmite),"Sainsbury's, By sainsbury's, Sainsburys",,False,False,False,False,False,False,Dietary restrictions
Chickpeas in water,"Sainsbury's, Greencane paper",en:sulphur-dioxide-and-sulphites,False,False,False,False,False,False,Declared allergens + Dietary restrictions
Sainsbury's Italian Passata,"Sainsbury's, Sainsburys, By sainsbury's",,False,False,False,False,False,False,Dietary restrictions
Super Firm Tofu,"Sainsbury's, So Organic",en:soybeans,False,False,False,True,False,False,Declared allergens + Dietary restrictions
Baked Beans in Tomato Sauce,"Sainsbury's,Hubbard's Foodstore",,False,False,False,False,False,False,Dietary restrictions
Organic Houmous,"Sainsbury's,So Organic",en:sesame-seeds,False,False,False,False,False,False,Declared allergens + Dietary restrictions
Italian Tomato Purée Double Concentrate,"Sainsbury's,by sainsbury's",,False,False,False,False,False,False,Dietary restrictions
Salted English Butter,"Sainsbury's,by sainsbury's",en:milk,False,True,False,False,False,False,Declared allergens + Dietary restrictions
Unsalted English Butter,"Sainsbury's,by sainsbury's",en:milk,False,True,False,False,False,False,Declared allergens + Dietary restrictions
Black beans in water,Sainsburys,,False,False,False,False,False,False,Dietary restrictions
Cannellini Beans,Sainsburys,,False,False,False,False,False,False,Dietary restrictions
Ugandan dark chocolate,"Sainsburys,Sainsbury's",,False,False,False,False,False,False,Dietary restrictions
Olive oil,Sainsbury’s,,False,False,False,False,False,False,Dietary restrictions
Baked Beans in tomato sauce,Sainsbury’s Organic,,False,False,False,False,False,False,Dietary restrictions
Saint Agur,"Saint Agur, Savencia",en:milk,False,True,False,False,False,False,Declared allergens + Dietary restrictions
Saint Agur Crème,"Saint Agur, Savencia",en:milk,False,True,False,False,False,False,Declared allergens + Dietary restrictions
Saint Albray gourmand & crémeux,"Saint Albray, Savencia",,False,False,False,False,False,False,Dietary restrictions
St hubert omega 3 255 g doux,"Saint Hubert,St hubert omega 3",en:soybeans,False,False,False,True,False,False,Declared allergens + Dietary restrictions
St Amand Eau Minérale Naturelle 1L5,Saint amand,,False,False,False,False,False,False,Dietary restrictions
Pack Cassonade Saint Louis 650g,Saint louis,,False,False,False,False,False,False,Dietary restrictions
Pack Sucre en Poudre 650g,Saint louis,,False,False,False,False,False,False,Dietary restrictions
Sucre Cassonade,Saint louis,,False,False,False,False,False,False,Dietary restrictions
Le  goût primeur,Saint moret,en:milk,False,True,False,False,False,False,Declared allergens + Dietary restrictions
SAINT ANTONIN Eau Minérale Naturelle Naturelle 1 L,Saint-Antonin,,False,False,False,False,False,False,Dietary restrictions
Carottes râpées à la ciboulette,Saladinettes,en:mustard,False,False,False,False,False,False,Declared allergens + Dietary restrictions
Céleri rémoulade,Saladinettes,"en:celery, en:eggs, en:mustard",False,False,False,False,True,False,Declared allergens + Dietary restrictions
Taboulé à l’orientale,Saladinettes,en:gluten,True,False,False,False,False,False,Declared allergens + Dietary restrictions
Lait naturel,Salim,en:milk,False,True,False,False,False,False,Declared allergens + Dietary restrictions
Salim,Salim,,False,False,False,False,False,False,Dietary restrictions
Buldak HOT Chicken Flavor Ramen,Samyang,"en:gluten, en:sesame-seeds, en:soybeans",True,False,False,True,False,False,Declared allergens + Dietary restrictions
Limonata,"San Pellegrino, Nestlé",,False,False,False,False,False,False,Dietary restrictions
San Pellegrino,"San Pellegrino, Nestlé",,False,False,False,False,False,False,Dietary restrictions
Acqua minerale naturale Sant'Anna,Sant'Anna,,False,False,False,False,False,False,Dietary restrictions
Masło orzechowe,Sante,en:peanuts,False,False,True,False,False,False,Declared allergens + Dietary restrictions
Crunchy Cranberry & Raspberry - Santé,Sante A. Kowalski sp. j.,"en:gluten, en:milk",True,True,False,False,False,False,Declared allergens + Dietary restrictions
Granola chocolate / pieces of chocolate,"Sante, Nutrition sante","en:gluten, en:soybeans",True,False,False,True,False,False,Declared allergens + Dietary restrictions
Besbassa,Sarl diar ezarga,,False,False,False,False,False,False,Dietary restrictions
Sarsons Malt Vinegar imp,Sarson's,en:gluten,True,False,False,False,False,False,Declared allergens + Dietary restrictions
Pétillante saveur Citron,Saskia,,False,False,False,False,False,False,Dietary restrictions
Filet de maquereaux au naturel,Saupiquet,en:fish,False,False,False,False,False,True,Declared allergens + Dietary restrictions
Filet de sardine,Saupiquet,en:fish,False,False,False,False,False,True,Declared allergens + Dietary restrictions
Filets de Maquereaux Sauce Tomate et Basilic,Saupiquet,en:fish,False,False,False,False,False,True,Declared allergens + Dietary restrictions
Filets de Maquereaux au Vin Blanc,Saupiquet,en:fish,False,False,False,False,False,True,Declared allergens + Dietary restrictions
Filets de Maquereaux à la moutarde,Saupiquet,"en:fish, en:mustard",False,False,False,False,False,True,Declared allergens + Dietary restrictions
Filets de Sardines Citron Basilic,Saupiquet,en:fish,False,False,False,False,False,True,Declared allergens + Dietary restrictions
Filets de maquereaux Escabèche,Saupiquet,en:fish,False,False,False,False,False,True,Declared allergens + Dietary restrictions
Filets de maquereaux grillés natures,Saupiquet,en:fish,False,False,False,False,False,True,Declared allergens + Dietary restrictions
Le Goût Primeur format familial,"Savencia, St Moret",en:milk,False,True,False,False,False,False,Declared allergens + Dietary restrictions
St Môret Léger 8% MG,"Savencia, St Moret",en:milk,False,True,False,False,False,False,Declared allergens + Dietary restrictions
Tartare Ail & Fines herbes,"Savencia, Tartare",en:milk,False,True,False,False,False,False,Declared allergens + Dietary restrictions
"9 Minis St Moret (17,8% MG)","Savencia,St Moret",en:milk,False,True,False,False,False,False,Declared allergens + Dietary restrictions
Le goût primeur - Ligne & plaisir,"Savencia,St moret",en:milk,False,True,False,False,False,False,Declared allergens + Dietary restrictions
Tartare végétal ail & fines herbes,"Savencia,Tartare","en:milk, en:nuts",False,True,True,False,False,False,Declared allergens + Dietary restrictions
Pâte à tartiner,Saveurs de nos Régions,en:nuts,False,False,True,False,False,False,Declared allergens + Dietary restrictions
Afia,Savola Morocco,en:soybeans,False,False,False,True,False,False,Declared allergens + Dietary restrictions
Corn Cakes,Savour Bakes,,False,False,False,False,False,False,Dietary restrictions
Multigrain Rice Cakes,Savour Bakes,,False,False,False,False,False,False,Dietary restrictions
Original Breadsticks,Savour Bakes,en:gluten,True,False,False,False,False,False,Declared allergens + Dietary restrictions
Savoury Crackers,Savour Bakes,en:gluten,True,False,False,False,False,False,Declared allergens + Dietary restrictions
Scottish Rough Oatcakes,Savour Bakes,en:gluten,True,False,False,False,False,False,Declared allergens + Dietary restrictions
Levure,Sboula,,False,False,False,False,False,False,Dietary restrictions
Pan Gratí,Schar,en:soybeans,False,False,False,True,False,False,Declared allergens + Dietary restrictions
Whole Grain Rye Bread,Schneider Brot,en:gluten,True,False,False,False,False,False,Declared allergens + Dietary restrictions
Dark Chocolate,Schogetten,"en:milk, en:soybeans",False,True,False,True,False,False,Declared allergens + Dietary restrictions
"1,5L SCHWEPPES INDIAN TONIC PE",Schweppes,,False,False,False,False,False,False,Dietary restrictions
"PET 1,5L SCHWEPPES AGRUMES",Schweppes,,False,False,False,False,False,False,Dietary restrictions
Schweppes Agrumes Zero,Schweppes,,False,False,False,False,False,False,Dietary restrictions
Schweppes citron 45cl,Schweppes,,False,False,False,False,False,False,Dietary restrictions
Tonic water,Schweppes,,False,False,False,False,False,False,Dietary restrictions
cola,Schweppes,,False,False,False,False,False,False,Dietary restrictions
schweppes Indian tonic,Schweppes,,False,False,False,False,False,False,Dietary restrictions
"Schweppes agrumes aux saveurs d'orange,🍊de pamplemousse, de citron vert & de mandarine",SchweppesOrangina Schweppes,en:orange,False,False,False,False,False,False,Declared allergens + Dietary restrictions
Crispbread,Schär,,False,False,False,False,False,False,Dietary restrictions
MAESTRO VITAL,Schär,,False,False,False,False,False,False,Dietary restrictions
"Maestro Cereale avec du Levain, Millet et Quinoa",Schär,en:soybeans,False,False,False,True,False,False,Declared allergens + Dietary restrictions
Pain campagnard avec du sarrasin et de levain,Schär,en:soybeans,False,False,False,True,False,False,Declared allergens + Dietary restrictions
Wholesome White Loaf,Schär,en:soybeans,False,False,False,True,False,False,Declared allergens + Dietary restrictions
Hummus Natur,"Schätze des Orients,Wonnemeyer",en:sesame-seeds,False,False,False,False,False,False,Declared allergens + Dietary restrictions
Scott's Porage Oats Original 1000g,Scott,,False,False,False,False,False,False,Dietary restrictions
Scott's Old Fashioned Porridge 1Kg,Scott’s,,False,False,False,False,False,False,Dietary restrictions
SEA SALTED,Seabrook,,False,False,False,False,False,False,Dietary restrictions
Bananenchips,Seeberger,,False,False,False,False,False,False,Dietary restrictions
Noix du Bresil,Seeberger,"en:nuts, de:nusskernmischung",False,False,True,False,False,False,Declared allergens + Dietary restrictions
Nusskernmischung,Seeberger,en:nuts,False,False,True,False,False,False,Declared allergens + Dietary restrictions
Studentenfutter Luxury Nut and Raisin Mix,Seeberger,"en:nuts, de:nusskernmischung, en:nuts",False,False,True,False,False,False,Declared allergens + Dietary restrictions
Lime & Coriander Chutney Poppadoms,"Sensations, Walkers",en:gluten,True,False,False,False,False,False,Declared allergens + Dietary restrictions
Medium Egg Noodles,Sharwood's,"en:eggs, en:gluten",True,False,False,False,True,False,Declared allergens + Dietary restrictions
"Sharwood's Poppadoms, Plain",Sharwood's,,False,False,False,False,False,False,Dietary restrictions
Double Concentré de Tomates,Sicam,,False,False,False,False,False,False,Dietary restrictions
6111035000027,Sidi Ali,,False,False,False,False,False,False,Dietary restrictions
Sidi Ali,Sidi Ali,,False,False,False,False,False,False,Dietary restrictions
eau minérale,Sidi Ali,,False,False,False,False,False,False,Dietary restrictions
Sidi Harazem,Sidi Harazem,,False,False,False,False,False,False,Dietary restrictions
Eau minerale,Sidi ali,,False,False,False,False,False,False,Dietary restrictions
Skyr Nature,Siggi's,en:milk,False,True,False,False,False,False,Declared allergens + Dietary restrictions
Skyr framboise,Siggi's,en:milk,False,True,False,False,False,False,Declared allergens + Dietary restrictions
Skyr myrtille,Siggi's,en:milk,False,True,False,False,False,False,Declared allergens + Dietary restrictions
Skyr vanille,Siggi's,en:milk,False,True,False,False,False,False,Declared allergens + Dietary restrictions
STARBUCKS Signature chocolat 70% 300g,"Signature chocolate, Starbucks",en:soybeans,False,False,False,True,False,False,Declared allergens + Dietary restrictions
Granulated Sugar,Silver Spoon,,False,False,False,False,False,False,Dietary restrictions
Baked beans,Simply,,False,False,False,False,False,False,Dietary restrictions
Chopped Tomatoes,Simply,,False,False,False,False,False,False,Dietary restrictions
Porridge oats,Simply,,False,False,False,False,False,False,Dietary restrictions
Peanut butter Creamy,Skippy,en:peanuts,False,False,True,False,False,False,Declared allergens + Dietary restrictions
Skyr à Boire Goût Fruits Rouges,"Skyr, Danone",en:milk,False,True,False,False,False,False,Declared allergens + Dietary restrictions
Rice and Corn Cakes,Snack a Jacks,en:milk,False,True,False,False,False,False,Declared allergens + Dietary restrictions
Salt and Vinegar Flavour Rice and Corn Cakes,Snack a Jacks,,False,False,False,False,False,False,Dietary restrictions
Snack a Jacks Caramel Rice Cakes,Snack-A-Jacks,en:soybeans,False,False,False,True,False,False,Declared allergens + Dietary restrictions
Snack a jacks mini,Snackajacks,,False,False,False,False,False,False,Dietary restrictions
Lentil Chips,Snackrite,,False,False,False,False,False,False,Dietary restrictions
Snickers,Snickers,"en:eggs, en:milk, en:peanuts, en:soybeans",False,True,True,True,True,False,Declared allergens + Dietary restrictions
Dolce pizza prosciutto,Sodebo,"en:gluten, en:milk",True,True,False,False,False,False,Declared allergens + Dietary restrictions
Pastabox Bolognaise,Sodebo,"en:eggs, en:gluten",True,False,False,False,True,False,Declared allergens + Dietary restrictions
Salade & Compagnie Manhattan Poulet Roti,Sodebo,"en:eggs, en:gluten, en:milk, en:soybeans, en:sulphur-dioxide-and-sulphites",True,True,False,True,True,False,Declared allergens + Dietary restrictions
Salade Roma,Sodebo,"en:eggs, en:gluten, en:milk, en:soybeans, en:sulphur-dioxide-and-sulphites",True,True,False,True,True,False,Declared allergens + Dietary restrictions
Sandwich le méga - Poulet rôti oeuf x3,Sodebo,"en:eggs, en:fish, en:gluten, en:mustard",True,False,False,False,True,True,Declared allergens + Dietary restrictions
Fromage de Chèvre fouetté nature,Soignon,en:milk,False,True,False,False,False,False,Declared allergens + Dietary restrictions
La bûche Sainte-Maure (Poitou-Charentes,Soignon,en:milk,False,True,False,False,False,False,Declared allergens + Dietary restrictions
La bûche légère -30% M.G,Soignon,en:milk,False,True,False,False,False,False,Declared allergens + Dietary restrictions
Sainte-Maure,Soignon,en:milk,False,True,False,False,False,False,Declared allergens + Dietary restrictions
Yaourt chèvre nature,Soignon,en:milk,False,True,False,False,False,False,Declared allergens + Dietary restrictions
Nature,Sojade,en:soybeans,False,False,False,True,False,False,Declared allergens + Dietary restrictions
So soja à la grecque nature,Sojade,en:soybeans,False,False,False,True,False,False,Declared allergens + Dietary restrictions
Dessert végétal Noisette-Amande 4 x 100 g,Sojasun,"en:nuts, en:soybeans",False,False,True,True,False,False,Declared allergens + Dietary restrictions
Framboise Passion,Sojasun,en:soybeans,False,False,False,True,False,False,Declared allergens + Dietary restrictions
Nature sans sucres,Sojasun,en:soybeans,False,False,False,True,False,False,Declared allergens + Dietary restrictions
SOJA NATURE SANS SUCRES,Sojasun,en:soybeans,False,False,False,True,False,False,Declared allergens + Dietary restrictions
SOJASUN MYRTILLES 4X100G,Sojasun,en:soybeans,False,False,False,True,False,False,Declared allergens + Dietary restrictions
EXTRA VIRGIN OLIVE OIL,Solesta,,False,False,False,False,False,False,Dietary restrictions
Bio gyömbér shot,Solevita,,False,False,False,False,False,False,Dietary restrictions
Jus d'orange sans pulpe,Solevita,,False,False,False,False,False,False,Dietary restrictions
Jus de pomme pur jus,Solevita,,False,False,False,False,False,False,Dietary restrictions
Pineapple juice. Saft Ananas Saft,Solevita,,False,False,False,False,False,False,Dietary restrictions
Pur jus citron bio,Solevita,,False,False,False,False,False,False,Dietary restrictions
Succo di limone,"Solevita, Italiamo",en:sulphur-dioxide-and-sulphites,False,False,False,False,False,False,Declared allergens + Dietary restrictions
Ginger Turmeric Shot,"Solevita, Lidl",,False,False,False,False,False,False,Dietary restrictions
Shot de gingembre bio,"Solevita,Lidl",,False,False,False,False,False,False,Dietary restrictions
Agua mineral grande,Solán de cabras,,False,False,False,False,False,False,Dietary restrictions
Tomate frito,"Solís,Nestlé",,False,False,False,False,False,False,Dietary restrictions
Bio Rice Cakes Salted,Sondey,en:sesame-seeds,False,False,False,False,False,False,Declared allergens + Dietary restrictions
Cookies chocolate Chip,Sondey,"en:eggs, en:gluten, en:milk, en:soybeans, es:butterreinfett, es:huhnereieiweisspulver, es:huhnervollei, es:magermilchpulver, es:vollmilchpulver, es:weizenmehl, es:weizenstarke",True,True,False,True,True,False,Declared allergens + Dietary restrictions
Digestive,Sondey,en:gluten,True,False,False,False,False,False,Declared allergens + Dietary restrictions
Galettes Bretonnes Pur Beurre,Sondey,"en:eggs, en:gluten, en:milk",True,True,False,False,True,False,Declared allergens + Dietary restrictions
Gallette di riso - Cioccolato al latte,Sondey,"en:milk, en:sesame-seeds, en:soybeans",False,True,False,True,False,False,Declared allergens + Dietary restrictions
Knusper Schnitte,Sondey,"en:gluten, en:milk, en:nuts, en:soybeans",True,True,True,True,False,False,Declared allergens + Dietary restrictions
Palets Bretons au beurre,Sondey,"en:eggs, en:gluten, en:milk",True,True,False,False,True,False,Declared allergens + Dietary restrictions
Rice Cakes Milk Chocolate & Coconut,Sondey,"en:milk, en:sesame-seeds, en:soybeans",False,True,False,True,False,False,Declared allergens + Dietary restrictions
galettes riz chocolat noir,Sondey,"en:sesame-seeds, en:soybeans",False,False,False,True,False,False,Declared allergens + Dietary restrictions
5 Banana Lunchbox Loaves,Soreen,en:gluten,True,False,False,False,False,False,Declared allergens + Dietary restrictions
Malt Loaf,Soreen,en:gluten,True,False,False,False,False,False,Declared allergens + Dietary restrictions
Malt Lunchbox Loaf,Soreen,en:gluten,True,False,False,False,False,False,Declared allergens + Dietary restrictions
Malt Lunchbox Loaves,Soreen,en:gluten,True,False,False,False,False,False,Declared allergens + Dietary restrictions
Sliced Malt Loaf,Soreen,en:gluten,True,False,False,False,False,False,Declared allergens + Dietary restrictions
Nature,Soummam,en:milk,False,True,False,False,False,False,Declared allergens + Dietary restrictions
جبن طازج,Soummam,en:milk,False,True,False,False,False,False,Declared allergens + Dietary restrictions
L'ben,"Soummam, لبن",en:milk,False,True,False,False,False,False,Declared allergens + Dietary restrictions
Special K Red Berries,Special K,en:gluten,True,False,False,False,False,False,Declared allergens + Dietary restrictions
Aldi Very Berry muesli,Specially Selected,"en:gluten, en:milk",True,True,False,False,False,False,Declared allergens + Dietary restrictions
Canadian Maple Syrup,Specially Selected,,False,False,False,False,False,False,Dietary restrictions
Dark Rye Sourdough,Specially Selected,en:gluten,True,False,False,False,False,False,Declared allergens + Dietary restrictions
Multifloral Manuka honey,Specially Selected,,False,False,False,False,False,False,Dietary restrictions
Pesto Alla Genovese,Specially Selected,en:milk,False,True,False,False,False,False,Declared allergens + Dietary restrictions
Really Nutty Granola,Specially Selected,en:nuts,False,False,True,False,False,False,Declared allergens + Dietary restrictions
Really Nutty Muesli,Specially Selected,"en:gluten, en:nuts, en:sulphur-dioxide-and-sulphites",True,False,True,False,False,False,Declared allergens + Dietary restrictions
Seeded Sourdough Bread,Specially Selected,en:gluten,True,False,False,False,False,False,Declared allergens + Dietary restrictions
Superseed Farmhouse,Specially Selected,en:gluten,True,False,False,False,False,False,Declared allergens + Dietary restrictions
Very Berry Granola,Specially Selected,"en:gluten, en:nuts",True,False,True,False,False,False,Declared allergens + Dietary restrictions
White Sourdough,Specially Selected,en:gluten,True,False,False,False,False,False,Declared allergens + Dietary restrictions
British Cold Pressed Rapeseed Oil,"Specially Selected,Aldi",,False,False,False,False,False,False,Dietary restrictions
Granola Cinnamon & Pecan,Spoon,en:nuts,False,False,True,False,False,False,Declared allergens + Dietary restrictions
Sprite,Sprite,,False,False,False,False,False,False,Dietary restrictions
sprite 500ml,Sprite,,False,False,False,False,False,False,Dietary restrictions
sprite slim 25cl,Sprite,,False,False,False,False,False,False,Dietary restrictions
Oméga 3,St Hubert,en:soybeans,False,False,False,True,False,False,Declared allergens + Dietary restrictions
Oméga 3 Doux Tartine & Cuisson,St Hubert,en:soybeans,False,False,False,True,False,False,Declared allergens + Dietary restrictions
St hubert omega 3 750 g doux grand format,"St Hubert, St Hubert Oméga 3",en:soybeans,False,False,False,True,False,False,Declared allergens + Dietary restrictions
St hubert bio 490 g doux sans huile de palme,"St Hubert, St hubert bio, St hubert bio & vegetal","en:nuts, en:soybeans",False,False,True,True,False,False,Declared allergens + Dietary restrictions
St hubert omega 3 bio 230 g doux,"St Hubert, St hubert bio, St hubert omega 3",en:soybeans,False,False,False,True,False,False,Declared allergens + Dietary restrictions
Oméga 3® Doux,"St Hubert, St hubert omega 3",en:soybeans,False,False,False,True,False,False,Declared allergens + Dietary restrictions
ST HUBERT OMEGA 3 doux 255G,"St Hubert, St hubert omega 3",en:soybeans,False,False,False,True,False,False,Declared allergens + Dietary restrictions
ST HUBERT OMEGA 3 sans sel,"St Hubert, St hubert omega 3",en:soybeans,False,False,False,True,False,False,Declared allergens + Dietary restrictions
ST HUBERT OMEGA doux 510 g Offre Découverte,"St Hubert, St hubert omega 3",en:soybeans,False,False,False,True,False,False,Declared allergens + Dietary restrictions
St Hubert Omega 3 Sans Huile de Palme 500g Doux,"St Hubert, St hubert omega 3",en:soybeans,False,False,False,True,False,False,Declared allergens + Dietary restrictions
St hubert omega 3 255 g demi sel,"St Hubert, St hubert omega 3",en:soybeans,False,False,False,True,False,False,Declared allergens + Dietary restrictions
St hubert omega 3 demi sel,"St Hubert, St hubert omega 3",en:soybeans,False,False,False,True,False,False,Declared allergens + Dietary restrictions
St hubert omega 3 255g demi sel,"St Hubert,St Hubert Oméga 3",en:soybeans,False,False,False,True,False,False,Declared allergens + Dietary restrictions
matière grasse,"St Hubert,St Hubert Oméga 3",en:soybeans,False,False,False,True,False,False,Declared allergens + Dietary restrictions
La Grande Galette 1905,St Michel,"en:eggs, en:gluten, en:milk",True,True,False,False,True,False,Declared allergens + Dietary restrictions
Madeleines aux œufs de poules élevées en plein air,St Michel,"en:eggs, en:gluten, en:soybeans",True,False,False,True,True,False,Declared allergens + Dietary restrictions
Petites Madeleines,St Michel,"en:eggs, en:gluten, en:milk, en:eggs, en:gluten, en:milk, en:soybeans",True,True,False,True,True,False,Declared allergens + Dietary restrictions
Petites Madeleines  -30% de sucres,St Michel,"en:eggs, en:gluten",True,False,False,False,True,False,Declared allergens + Dietary restrictions
Petites Madeleines pépites chocolat,St Michel,"en:eggs, en:gluten, en:milk, en:soybeans",True,True,False,True,True,False,Declared allergens + Dietary restrictions
Petites madeleines aux œufs saint Michel,St Michel,"en:eggs, en:gluten",True,False,False,False,True,False,Declared allergens + Dietary restrictions
Roudor,St Michel,"en:eggs, en:gluten, en:milk",True,True,False,False,True,False,Declared allergens + Dietary restrictions
St Moret ligne et plaisir,St Môret,en:milk,False,True,False,False,False,False,Declared allergens + Dietary restrictions
St Môret,St Môret,en:milk,False,True,False,False,False,False,Declared allergens + Dietary restrictions
Galettes St Michel au beurre 4X5 - 130g,St michel,"en:eggs, en:gluten, en:milk",True,True,False,False,True,False,Declared allergens + Dietary restrictions
ST YORRE Eau Minérale Naturelle Naturellement Gazeuse 1.15 L,"St yorre,VichyST Yorre",,False,False,False,False,False,False,Dietary restrictions
Strawberry High Fruit Content Spread,St. Dalfour,,False,False,False,False,False,False,Dietary restrictions
Soft Cheese,Stamford Street Co.,en:milk,False,True,False,False,False,False,Declared allergens + Dietary restrictions
Algérien sauce,Star,en:eggs,False,False,False,False,True,False,Declared allergens + Dietary restrictions
Assaisonnement aromatisé au citron,Star,,False,False,False,False,False,False,Dietary restrictions
Assaisonnement au citron,Star,,False,False,False,False,False,False,Dietary restrictions
Biggy tasty,Star,,False,False,False,False,False,False,Dietary restrictions
Cornichons,Star,,False,False,False,False,False,False,Dietary restrictions
Hot sauce,Star,,False,False,False,False,False,False,Dietary restrictions
Ketchup,Star,,False,False,False,False,False,False,Dietary restrictions
Ketchup star 310 g,Star,,False,False,False,False,False,False,Dietary restrictions
Ketchup stat 330g,Star,,False,False,False,False,False,False,Dietary restrictions
Mayonnaise,Star,,False,False,False,False,False,False,Dietary restrictions
Mayonnaise recette originale,Star,"en:eggs, en:mustard, en:soybeans, en:sulphur-dioxide-and-sulphites",False,False,False,True,True,False,Declared allergens + Dietary restrictions
Moutarde 10.50 g,Star,"en:mustard, en:soybeans",False,False,False,True,False,False,Declared allergens + Dietary restrictions
Moutarde star 360 g,Star,"en:mustard, en:soybeans",False,False,False,True,False,False,Declared allergens + Dietary restrictions
Sauce Barbecue star 290g,Star,en:mustard,False,False,False,False,False,False,Declared allergens + Dietary restrictions
Sauce Burger (Goût cheese),Star,"en:eggs, en:mustard, en:sulphur-dioxide-and-sulphites",False,False,False,False,True,False,Declared allergens + Dietary restrictions
Sauce Piquante,Star,en:soybeans,False,False,False,True,False,False,Declared allergens + Dietary restrictions
Sauce andalouse star 290 g,Star,"en:eggs, en:mustard",False,False,False,False,True,False,Declared allergens + Dietary restrictions
Sauce pizza star 350 g,Star,en:celery,False,False,False,False,False,False,Declared allergens + Dietary restrictions
Sel de table iodé,Star,,False,False,False,False,False,False,Dietary restrictions
Star Mayonnaise,Star,"en:mustard, en:soybeans",False,False,False,True,False,False,Declared allergens + Dietary restrictions
Star mayonaise 300ml,Star,"en:eggs, en:mustard, en:soybeans, en:sulphur-dioxide-and-sulphites",False,False,False,True,True,False,Declared allergens + Dietary restrictions
Star moutarde 200 g,Star,en:sesame-seeds,False,False,False,False,False,False,Declared allergens + Dietary restrictions
Star sauce salade au basilic,Star,,False,False,False,False,False,False,Dietary restrictions
Star vinaigre de table BLANC,Star,,False,False,False,False,False,False,Dietary restrictions
VINAIGRE DE CIDRE DE POMME,Star,,False,False,False,False,False,False,Dietary restrictions
Vinaigre,Star,,False,False,False,False,False,False,Dietary restrictions
sauce soja,Star,,False,False,False,False,False,False,Dietary restrictions
Star moutarde,Star moutarde de Dijon,"en:mustard, en:soybeans",False,False,False,True,False,False,Declared allergens + Dietary restrictions
Starbucks signature chocolat,Starbucks,en:soybeans,False,False,False,True,False,False,Declared allergens + Dietary restrictions
Sting Energy,Sting,en:acesulfame-potassium,False,False,False,False,False,False,Declared allergens + Dietary restrictions
Cheese string,Stings and things,en:milk,False,True,False,False,False,False,Declared allergens + Dietary restrictions
Blueberry & Honey Porridge Oat Bars,Stoats,"en:gluten, en:milk",True,True,False,False,False,False,Declared allergens + Dietary restrictions
Baked Beans in tomato sauce,Stockwell & Co.,,False,False,False,False,False,False,Dietary restrictions
Tortilla Chips,Stockwell & Co.,,False,False,False,False,False,False,Dietary restrictions
Real Mayonnaise,Stokes,"en:eggs, en:mustard",False,False,False,False,True,False,Declared allergens + Dietary restrictions
Tomato Ketchup,Stokes,en:celery,False,False,False,False,False,False,Declared allergens + Dietary restrictions
Knoppers Einzelpack,Storck,"en:gluten, en:milk, en:nuts, en:peanuts, en:soybeans",True,True,True,True,False,False,Declared allergens + Dietary restrictions
Merci Finest Selection Assorted Chocolates,Storck,"en:eggs, en:milk, en:nuts, en:peanuts, en:soybeans, en:milk, en:milk",False,True,True,True,True,False,Declared allergens + Dietary restrictions
Cheestrings,Strings & Things,en:milk,False,True,False,False,False,False,Declared allergens + Dietary restrictions
Cauliflower Hashbrown,Strong Roots,,False,False,False,False,False,False,Dietary restrictions
Crispy skinny fries,Strong Roots,,False,False,False,False,False,False,Dietary restrictions
Oven Baked Sweet Potato Fries,Strong Roots,,False,False,False,False,False,False,Dietary restrictions
Thé,Stéphanie Janah Freres,,False,False,False,False,False,False,Dietary restrictions
Cadbury DAIRY MILK Cadbury DAIRY MILK THE CLASSIC,Suchard,en:milk,False,True,False,False,False,False,Declared allergens + Dietary restrictions
Sweet Chilli flavour wholegrain snack,Sun Bites,en:gluten,True,False,False,False,False,False,Declared allergens + Dietary restrictions
Sirop d'agave,Sunny Bio,,False,False,False,False,False,False,Dietary restrictions
Sirop d'Agave,Sunny Via,,False,False,False,False,False,False,Dietary restrictions
Crema di cocco,Suzi Wan,,False,False,False,False,False,False,Dietary restrictions
Lait de coco,Suzi Wan,,False,False,False,False,False,False,Dietary restrictions
Nouilles aux oeufs,Suzi Wan,en:gluten,True,False,False,False,False,False,Declared allergens + Dietary restrictions
Sauce soja salée,Suzi Wan,"en:gluten, en:soybeans",True,False,False,True,False,False,Declared allergens + Dietary restrictions
Vermicelles de Riz,Suzi Wan,,False,False,False,False,False,False,Dietary restrictions
Choc Shot,Sweet Freedom,,False,False,False,False,False,False,Dietary restrictions
Toffifee,Süßigkeiten,"en:milk, en:nuts, en:peanuts, en:soybeans, en:milk, en:milk, en:milk, en:milk, en:milk",False,True,True,True,False,False,Declared allergens + Dietary restrictions
Sriracha Sauce🙂,"TABASCO, Haugen - gruppen as",,False,False,False,False,False,False,Dietary restrictions
TAM THON - Huile,TAM,"en:fish, en:soybeans",False,False,False,True,False,True,Declared allergens + Dietary restrictions
Thon a lhuile,TAM,,False,False,False,False,False,False,Dietary restrictions
Muesli avoine amandes chocolat,TERRES ET CÉRÉALES,"en:gluten, en:nuts",True,False,True,False,False,False,Declared allergens + Dietary restrictions
BAKED BEANS IN TOMATO SAUCE,TESCO,,False,False,False,False,False,False,Dietary restrictions
COCONUT MILK,TESCO,,False,False,False,False,False,False,Dietary restrictions
FRUIT & FIBRE FRUITY CRUNCH,TESCO,"en:banana, en:gluten, en:nuts",True,False,True,False,False,False,Declared allergens + Dietary restrictions
MAYONNAISE,TESCO,"en:eggs, en:mustard",False,False,False,False,True,False,Declared allergens + Dietary restrictions
ORANGE JUICE SMOOTH,TESCO,,False,False,False,False,False,False,Dietary restrictions
SEMI SKIMMED MILK,TESCO,en:milk,False,True,False,False,False,False,Declared allergens + Dietary restrictions
SOFT CHEESE,TESCO,en:milk,False,True,False,False,False,False,Declared allergens + Dietary restrictions
SUPER SMOOTH PORRIDGE,TESCO,,False,False,False,False,False,False,Dietary restrictions
WHOLEGRAIN RICE,TESCO,,False,False,False,False,False,False,Dietary restrictions
WHOLEWHEAT FUSILLI,TESCO,en:gluten,True,False,False,False,False,False,Declared allergens + Dietary restrictions
Wholemeal Pittas,TESCO,en:gluten,True,False,False,False,False,False,Declared allergens + Dietary restrictions
British Ribeye Steak,TESCO finest,,False,False,False,False,False,False,Dietary restrictions
PiCK UP ! Choco x6,TET,"en:eggs, en:gluten, en:milk, en:nuts, en:soybeans",True,True,True,True,True,False,Declared allergens + Dietary restrictions
SRIRACHA HOT CHILLI SAUCE,THAI DRAGON,,False,False,False,False,False,False,Dietary restrictions
Ciel,THE COCA-COLA COMPANY,,False,False,False,False,False,False,Dietary restrictions
Breaded Omega 3 Fish Fingers,THE FISHMONGER,"en:fish, en:gluten",True,False,False,False,False,True,Declared allergens + Dietary restrictions
Jelly Snakes,THE NATURAL CONFECTIONERY CO.,,False,False,False,False,False,False,Dietary restrictions
Keralan Coconut Curry,THE SPICE TAILOR,"en:milk, en:mustard, en:nuts",False,True,True,False,False,False,Declared allergens + Dietary restrictions
eau minérale naturelle,TIJEN WATER,,False,False,False,False,False,False,Dietary restrictions
TOMATO KETCHUP,TIPTREE,,False,False,False,False,False,False,Dietary restrictions
SNACK POPPÉ,TOO GOOD,"en:celery, en:milk, en:soybeans",False,True,False,True,False,False,Declared allergens + Dietary restrictions
fanta tops pomme 1.5l,TOPS,en:nuts,False,False,True,False,False,False,Declared allergens + Dietary restrictions
Tourtel Twist,"TOURTEL,Tourtel Twist,Tourtel Twist Citron",en:gluten,True,False,False,False,False,False,Declared allergens + Dietary restrictions
Protein Flapjack Cocoa Oat,TREK,en:soybeans,False,False,False,True,False,False,Declared allergens + Dietary restrictions
Gunpowder Thé Vert Nature,TWININGS,,False,False,False,False,False,False,Dietary restrictions
Veg crisps,TYRRELL'S,,False,False,False,False,False,False,Dietary restrictions
Filets de tofu à la japonaise,Taifun,"en:celery, en:soybeans",False,False,False,True,False,False,Declared allergens + Dietary restrictions
Tofu fumesse,Taifun,"en:gluten, en:soybeans",True,False,False,True,False,False,Declared allergens + Dietary restrictions
Tofu rosso olives et tomates,Taifun,"en:celery, en:soybeans",False,False,False,True,False,False,Declared allergens + Dietary restrictions
Tofu à l'Ail des Ours,Taifun,"en:celery, en:sesame-seeds, en:soybeans",False,False,False,True,False,False,Declared allergens + Dietary restrictions
Ramen soja caramel,Tanoshi,"en:gluten, en:sesame-seeds, en:soybeans",True,False,False,True,False,False,Declared allergens + Dietary restrictions
HERTA TARTE EN OR Pâte Brisée 230g,"Tarte en or, Herta",en:gluten,True,False,False,False,False,False,Declared allergens + Dietary restrictions
magdor,Tartines &cuisson,,False,False,False,False,False,False,Dietary restrictions
Medium Egg Noodles,"Taste Of,Lidl","en:eggs, en:gluten",True,False,False,False,True,False,Declared allergens + Dietary restrictions
Authentic Greek Yoghurt,Taste The Difference,en:milk,False,True,False,False,False,False,Declared allergens + Dietary restrictions
Light Soy Sauce,Taste of,"en:gluten, en:soybeans",True,False,False,True,False,False,Declared allergens + Dietary restrictions
Wheat & Rye Sourdough Half Bloomer,Taste the Difference,"en:gluten, en:soybeans",True,False,False,True,False,False,Declared allergens + Dietary restrictions
wholemeal sourdough bread,Taste the difference,"en:gluten, en:soybeans",True,False,False,True,False,False,Declared allergens + Dietary restrictions
Rice Basmati,Taureau Ailé,,False,False,False,False,False,False,Dietary restrictions
Riz basmati du Penjab,Taureau Ailé,,False,False,False,False,False,False,Dietary restrictions
Sirop Grenadine Zéro,Teisseire,,False,False,False,False,False,False,Dietary restrictions
TSR GRENADINE 60 CL,Teisseire,,False,False,False,False,False,False,Dietary restrictions
TSR MENTHE VERTE 60 CL,Teisseire,,False,False,False,False,False,False,Dietary restrictions
Zéro Menthe,Teisseire,,False,False,False,False,False,False,Dietary restrictions
Tendre nature,"Tendre, jouda",en:milk,False,True,False,False,False,False,Declared allergens + Dietary restrictions
Extra Virgin Olive Oil,Terra Delyssa,,False,False,False,False,False,False,Dietary restrictions
Organic Extra Virgin Olive Oil,Terra Delyssa,,False,False,False,False,False,False,Dietary restrictions
Flocons d'avoine complets,Terres & Céréales BIO,"en:gluten, fr:avoine",True,False,False,False,False,False,Declared allergens + Dietary restrictions
Muesli aux fruits,Terres & Céréales Bio,"en:gluten, en:nuts, fr:avoine, fr:avoine",True,False,True,False,False,False,Declared allergens + Dietary restrictions
Flakes de sarrasin,Terres et Céréales,en:gluten,True,False,False,False,False,False,Declared allergens + Dietary restrictions
Muesli croustillant tradition,Terres et Céréales,en:gluten,True,False,False,False,False,False,Declared allergens + Dietary restrictions
T&C Muesli croustillant avoine amandes sans gluten,Terres et Céréales BIO,en:nuts,False,False,True,False,False,False,Declared allergens + Dietary restrictions
Muesli croustillant duo pépites,Terres et céréales bio,"en:gluten, en:milk, en:nuts, en:sesame-seeds, fr:avoine, fr:avoine",True,True,True,False,False,False,Declared allergens + Dietary restrictions
Chocolate Orange Milk,Terry's,"en:milk, en:soybeans",False,True,False,True,False,False,Declared allergens + Dietary restrictions
6 Free Range Eggs,Tesco,en:eggs,False,False,False,False,True,False,Declared allergens + Dietary restrictions
6 crumpets,Tesco,"en:gluten, en:suitable-for-vegans",True,False,False,False,False,False,Declared allergens + Dietary restrictions
All butter shortbread fingers,Tesco,"en:gluten, en:milk",True,True,False,False,False,False,Declared allergens + Dietary restrictions
Balsamic Vinegar of Modena,Tesco,en:sulphur-dioxide-and-sulphites,False,False,False,False,False,False,Declared allergens + Dietary restrictions
Black Beans in Water,Tesco,,False,False,False,False,False,False,Dietary restrictions
Bran Flakes Malty Crunch,Tesco,en:gluten,True,False,False,False,False,False,Declared allergens + Dietary restrictions
Brown Rice,Tesco,,False,False,False,False,False,False,Dietary restrictions
Butterbeans in water,Tesco,,False,False,False,False,False,False,Dietary restrictions
Butterpak Spreadable,Tesco,en:milk,False,True,False,False,False,False,Declared allergens + Dietary restrictions
CREAM CRACKERS,Tesco,en:gluten,True,False,False,False,False,False,Declared allergens + Dietary restrictions
Cannellini Beans In Water,Tesco,en:sodium-metabisulphite,False,False,False,False,False,False,Declared allergens + Dietary restrictions
Chickpeas In Water,Tesco,,False,False,False,False,False,False,Dietary restrictions
Chopped Tomatoes,Tesco,,False,False,False,False,False,False,Dietary restrictions
Clear Honey,Tesco,,False,False,False,False,False,False,Dietary restrictions
Cocoa Powder,Tesco,,False,False,False,False,False,False,Dietary restrictions
Corn Flakes,Tesco,en:gluten,True,False,False,False,False,False,Declared allergens + Dietary restrictions
Dark milk chocolate,Tesco,en:milk,False,True,False,False,False,False,Declared allergens + Dietary restrictions
Dijon Mustard,Tesco,"en:mustard, en:metabisulphite",False,False,False,False,False,False,Declared allergens + Dietary restrictions
Double Cream,Tesco,en:milk,False,True,False,False,False,False,Declared allergens + Dietary restrictions
Extra Virgin Olive Oil,Tesco,,False,False,False,False,False,False,Dietary restrictions
Fast Action Dried Yeast,Tesco,en:gluten,True,False,False,False,False,False,Declared allergens + Dietary restrictions
Fruit & Nut Granola,Tesco,en:nuts,False,False,True,False,False,False,Declared allergens + Dietary restrictions
Greek Feta,Tesco,en:milk,False,True,False,False,False,False,Declared allergens + Dietary restrictions
Greek Style Yogurt,Tesco,en:milk,False,True,False,False,False,False,Declared allergens + Dietary restrictions
Greek yoghurt,Tesco,en:milk,False,True,False,False,False,False,Declared allergens + Dietary restrictions
Green Lentils In Water,Tesco,,False,False,False,False,False,False,Dietary restrictions
Green Pesto,Tesco,"en:eggs, en:milk, en:nuts",False,True,True,False,True,False,Declared allergens + Dietary restrictions
Houmous,Tesco,en:sesame-seeds,False,False,False,False,False,False,Declared allergens + Dietary restrictions
Italian Chopped Tomatoes,Tesco,,False,False,False,False,False,False,Dietary restrictions
Italian Finely Chopped Tomatoes,Tesco,,False,False,False,False,False,False,Dietary restrictions
Italian Tomato Passata,Tesco,,False,False,False,False,False,False,Dietary restrictions
Italian Tomato Purée,Tesco,,False,False,False,False,False,False,Dietary restrictions
Light Coconut Milk,Tesco,,False,False,False,False,False,False,Dietary restrictions
Lightly Salted Rice Cakes,Tesco,,False,False,False,False,False,False,Dietary restrictions
Malt Wheats,Tesco,en:gluten,True,False,False,False,False,False,Declared allergens + Dietary restrictions
"Mature Cheddar, Strength 3",Tesco,en:milk,False,True,False,False,False,False,Declared allergens + Dietary restrictions
Mozzarella Grated,Tesco,en:milk,False,True,False,False,False,False,Declared allergens + Dietary restrictions
Multigrain Hoops Cereal,Tesco,en:gluten,True,False,False,False,False,False,Declared allergens + Dietary restrictions
Multiseed Batch,Tesco,en:gluten,True,False,False,False,False,False,Declared allergens + Dietary restrictions
Nuts & seeds muesli,Tesco,"en:gluten, en:nuts, en:sulphur-dioxide-and-sulphites",True,False,True,False,False,False,Declared allergens + Dietary restrictions
Olive Oil,Tesco,,False,False,False,False,False,False,Dietary restrictions
Organic Baked Beans,Tesco,,False,False,False,False,False,False,Dietary restrictions
Organic Houmous,Tesco,,False,False,False,False,False,False,Dietary restrictions
Plant Chef Soya Alternative To Plain Yogurt,Tesco,en:soybeans,False,False,False,True,False,False,Declared allergens + Dietary restrictions
Pure Vegetable Oil,Tesco,,False,False,False,False,False,False,Dietary restrictions
Red Kidney Beans In Water,Tesco,,False,False,False,False,False,False,Dietary restrictions
Red pepper houmous,Tesco,,False,False,False,False,False,False,Dietary restrictions
Reduced Sugar and Salt Baked Beans,Tesco,,False,False,False,False,False,False,Dietary restrictions
Rice Snaps,Tesco,en:gluten,True,False,False,False,False,False,Declared allergens + Dietary restrictions
Root Vegetables,Tesco,,False,False,False,False,False,False,Dietary restrictions
Rye and mixed seed sourdough bread,Tesco,en:gluten,True,False,False,False,False,False,Declared allergens + Dietary restrictions
Salt & Vinegar flavoured rice cakes,Tesco,,False,False,False,False,False,False,Dietary restrictions
Scottish Oats,Tesco,en:gluten,True,False,False,False,False,False,Declared allergens + Dietary restrictions
Scottish Rough Oatcakes,Tesco,en:gluten,True,False,False,False,False,False,Declared allergens + Dietary restrictions
Sesame oil,Tesco,en:sesame-seeds,False,False,False,False,False,False,Declared allergens + Dietary restrictions
Smooth Peanut Butter,Tesco,en:peanuts,False,False,True,False,False,False,Declared allergens + Dietary restrictions
Spinach and Ricotta Tortelloni,Tesco,"en:eggs, en:gluten, en:milk",True,True,False,False,True,False,Declared allergens + Dietary restrictions
Sundried Tomato & Oregano Bread with Sourdough,Tesco,en:gluten,True,False,False,False,False,False,Declared allergens + Dietary restrictions
Sweet And Salted Popcorn,Tesco,,False,False,False,False,False,False,Dietary restrictions
Taco Mixed Beans,Tesco,,False,False,False,False,False,False,Dietary restrictions
Tesco British Salted Block Butter,Tesco,en:milk,False,True,False,False,False,False,Declared allergens + Dietary restrictions
Tesco Finest Oat And Barley Loaf 800G,Tesco,en:gluten,True,False,False,False,False,False,Declared allergens + Dietary restrictions
Tesco Free From Red Berry Granola 350g,Tesco,en:gluten,True,False,False,False,False,False,Declared allergens + Dietary restrictions
Tesco Houmous,Tesco,en:sesame-seeds,False,False,False,False,False,False,Declared allergens + Dietary restrictions
Tesco No Added Sugar or Salt Swiss Style Muesli,Tesco,"en:gluten, en:milk, en:nuts",True,True,True,False,False,False,Declared allergens + Dietary restrictions
Tesco Oat Drink,Tesco,en:gluten,True,False,False,False,False,False,Declared allergens + Dietary restrictions
Tesco Organic Porridge Oats 750G,Tesco,en:gluten,True,False,False,False,False,False,Declared allergens + Dietary restrictions
Tesco Red Pesto 190G,Tesco,"en:milk, en:nuts, en:nuts",False,True,True,False,False,False,Declared allergens + Dietary restrictions
Tesco Sesame Breadsticks,Tesco,"en:gluten, en:sesame-seeds",True,False,False,False,False,False,Declared allergens + Dietary restrictions
Tesco Tahini,Tesco,,False,False,False,False,False,False,Dietary restrictions
Tesco Three Bean Chilli Soup,Tesco,,False,False,False,False,False,False,Dietary restrictions
Tesco wholemeal bread,Tesco,en:gluten,True,False,False,False,False,False,Declared allergens + Dietary restrictions
The Grower's Harvest Tomato Passata,Tesco,,False,False,False,False,False,False,Dietary restrictions
Tomato Ketchup,Tesco,,False,False,False,False,False,False,Dietary restrictions
Tortilla chips,Tesco,,False,False,False,False,False,False,Dietary restrictions
Unsalted Butter,Tesco,en:milk,False,True,False,False,False,False,Declared allergens + Dietary restrictions
Walnuts,Tesco,en:nuts,False,False,True,False,False,False,Declared allergens + Dietary restrictions
Wheat Biscuits,Tesco,en:gluten,True,False,False,False,False,False,Declared allergens + Dietary restrictions
Wheat Biscuits malty & crispy,Tesco,en:gluten,True,False,False,False,False,False,Declared allergens + Dietary restrictions
White Pittas tesco,Tesco,en:gluten,True,False,False,False,False,False,Declared allergens + Dietary restrictions
White Tortilla Wraps,Tesco,en:gluten,True,False,False,False,False,False,Declared allergens + Dietary restrictions
Whole Milk,Tesco,en:milk,False,True,False,False,False,False,Declared allergens + Dietary restrictions
Wholemeal tortilla wraps,Tesco,en:gluten,True,False,False,False,False,False,Declared allergens + Dietary restrictions
Wholewheat Penne,Tesco,en:gluten,True,False,False,False,False,False,Declared allergens + Dietary restrictions
Worcester sauce,Tesco,"en:fish, en:gluten",True,False,False,False,False,True,Declared allergens + Dietary restrictions
Yeast extract,Tesco,,False,False,False,False,False,False,Dietary restrictions
bread sticks,Tesco,en:gluten,True,False,False,False,False,False,Declared allergens + Dietary restrictions
brown sourdough bloomer,Tesco,en:gluten,True,False,False,False,False,False,Declared allergens + Dietary restrictions
Porridge Oats,Tesco - The Grower's Harvest,,False,False,False,False,False,False,Dietary restrictions
Dark Rye & Sunflower Loaf,Tesco Finest,en:gluten,True,False,False,False,False,False,Declared allergens + Dietary restrictions
Ready Salted Crisps,Tesco Finest,,False,False,False,False,False,False,Dietary restrictions
Sea salted potato crisps,Tesco Finest,,False,False,False,False,False,False,Dietary restrictions
Super Nutty Granola,Tesco Finest,"en:gluten, en:nuts",True,False,True,False,False,False,Declared allergens + Dietary restrictions
Wholemeal Loaf,Tesco Finest,en:gluten,True,False,False,False,False,False,Declared allergens + Dietary restrictions
"Wholemeal, Seeds and Grains Loaf",Tesco Finest,en:gluten,True,False,False,False,False,False,Declared allergens + Dietary restrictions
Dark Chocolate,Tesco finest,,False,False,False,False,False,False,Dietary restrictions
Farmhouse Super Seeded Loaf,Tesco finest,en:gluten,True,False,False,False,False,False,Declared allergens + Dietary restrictions
White Sourdough Bread,Tesco finest,en:gluten,True,False,False,False,False,False,Declared allergens + Dietary restrictions
Boisson avoine naturel,The Bridge,en:gluten,True,False,False,False,False,False,Declared allergens + Dietary restrictions
Gourmet Raspberry Yogurt,The Collective,en:milk,False,True,False,False,False,False,Declared allergens + Dietary restrictions
Suckies Strawberry,The Collective,en:milk,False,True,False,False,False,False,Declared allergens + Dietary restrictions
Houmous,"The Deli,aldi",en:sesame-seeds,False,False,False,False,False,False,Declared allergens + Dietary restrictions
Flaxseed,The Foodie Market,,False,False,False,False,False,False,Dietary restrictions
Mixed Nuts,The Foodie Market,en:nuts,False,False,True,False,False,False,Declared allergens + Dietary restrictions
Red Lentil & Beetroot Fusilli,The Foodie Market,,False,False,False,False,False,False,Dietary restrictions
Smooth Peanut Butter No Added Palm Oil,The Foodie Market,en:peanuts,False,False,True,False,False,False,Declared allergens + Dietary restrictions
WHOLE CHIA SEEDS,The Foodie Market,,False,False,False,False,False,False,Dietary restrictions
Walnut Halves,The Foodie Market,en:nuts,False,False,True,False,False,False,Declared allergens + Dietary restrictions
Cashew Nuts,"The Foodie Market, Aldi",en:nuts,False,False,True,False,False,False,Declared allergens + Dietary restrictions
"Dried prunes, pitted and ready to eat","The Foodie Market, Aldi",en:not-indicated,False,False,False,False,False,False,Declared allergens + Dietary restrictions
Whole almonds,"The Foodie Market, Aldi","en:nuts, en:peanuts, en:sesame-seeds",False,False,True,False,False,False,Declared allergens + Dietary restrictions
Avocado & Lemon Mayo,The Foraging Fox,"en:eggs, en:mustard",False,False,False,False,True,False,Declared allergens + Dietary restrictions
Soya Drink Unsweetened,"The Grower's Harvest, Tesco",en:soybeans,False,False,False,True,False,False,Declared allergens + Dietary restrictions
Cocoa Powder,The Pantry,,False,False,False,False,False,False,Dietary restrictions
Golden syrup,The Pantry,,False,False,False,False,False,False,Dietary restrictions
Hogaza Masa Madre y Cereales,"The Rustik Bakery,Bimbo","en:gluten, en:sesame-seeds, es:avena, es:trigo-espelta",True,False,False,False,False,False,Declared allergens + Dietary restrictions
Pan Especial de Trigo,"The Rustik Bakery,Bimbo","en:gluten, en:soybeans",True,False,False,True,False,False,Declared allergens + Dietary restrictions
Tailor Original Tikka Masala,The Spice Tailor,en:milk,False,True,False,False,False,False,Declared allergens + Dietary restrictions
NAKED Organic Tofu,The Tofoo Co,en:soybeans,False,False,False,True,False,False,Declared allergens + Dietary restrictions
"Organic Tofu, handmade and beechwood-smoked",The Tofoo Co.,en:soybeans,False,False,False,True,False,False,Declared allergens + Dietary restrictions
Tofoo Naked Xl,The Tofoo Co.,en:soybeans,False,False,False,True,False,False,Declared allergens + Dietary restrictions
Tempeh,The Tofoo Company,en:soybeans,False,False,False,True,False,False,Declared allergens + Dietary restrictions
What The Cluck Vegan Chicken Style Chunks,The Vegetarian Butcher,en:soybeans,False,False,False,True,False,False,Declared allergens + Dietary restrictions
Natural Thick And Creamy,The coconut collab,,False,False,False,False,False,False,Dietary restrictions
Red Kidney Beans in water,The growers harvest,,False,False,False,False,False,False,Dietary restrictions
Battered Chunky Fish Fingers,The tasty catch,"en:fish, en:gluten",True,False,False,False,False,True,Declared allergens + Dietary restrictions
This isn't pork sausages,This,,False,False,False,False,False,False,Dietary restrictions
Tunnock's  Caramel Wafer Biscuits imp,Thomas Tunnock LTD,"en:gluten, en:milk, en:soybeans",True,True,False,True,False,False,Declared allergens + Dietary restrictions
THONON Eau Minérale Naturelle 1.5L,Thonon,,False,False,False,False,False,False,Dietary restrictions
Breaksta,Tiffany,"en:gluten, en:milk, en:soybeans",True,True,False,True,False,False,Declared allergens + Dietary restrictions
Breaktime,Tiffany,"en:gluten, en:milk, en:soybeans",True,True,False,True,False,False,Declared allergens + Dietary restrictions
Day BREAK,Tiffany,"en:gluten, en:milk",True,True,False,False,False,False,Declared allergens + Dietary restrictions
Wafer Sandwich,Tiffany,,False,False,False,False,False,False,Dietary restrictions
بريك,Tiffany,,False,False,False,False,False,False,Dietary restrictions
Basmati & Wild Rice,Tilda,,False,False,False,False,False,False,Dietary restrictions
Basmati Rice Microwave,Tilda,,False,False,False,False,False,False,Dietary restrictions
Wholegrain Basmati Rice,Tilda,,False,False,False,False,False,False,Dietary restrictions
Boulgour tradition,Tipiak,en:gluten,True,False,False,False,False,False,Declared allergens + Dietary restrictions
Chapelure dorée,Tipiak,en:gluten,True,False,False,False,False,False,Declared allergens + Dietary restrictions
Couscous sachet cuisson,Tipiak,en:gluten,True,False,False,False,False,False,Declared allergens + Dietary restrictions
Céréales Méditerranéennes,Tipiak,"en:celery, en:gluten",True,False,False,False,False,False,Declared allergens + Dietary restrictions
Meli mélo gourmand,Tipiak,"en:gluten, en:lupin, fr:avoine",True,False,False,False,False,False,Declared allergens + Dietary restrictions
Quinoa Gourmand,Tipiak,en:gluten,True,False,False,False,False,False,Declared allergens + Dietary restrictions
Tipiak Graine Parfumé,Tipiak,"en:celery, en:gluten",True,False,False,False,False,False,Declared allergens + Dietary restrictions
tendres perles,Tipiak,en:gluten,True,False,False,False,False,False,Declared allergens + Dietary restrictions
Milk Chocolate Large Bar,Toblerone,"en:eggs, en:milk, en:nuts, en:soybeans",False,True,True,True,True,False,Declared allergens + Dietary restrictions
Milk Chocolate with Honey and Almond Nougat,Toblerone,"en:eggs, en:milk, en:nuts, en:soybeans",False,True,True,True,True,False,Declared allergens + Dietary restrictions
Choco Tom gaufrettes,Tom,"en:gluten, en:milk, en:soybeans",True,True,False,True,False,False,Declared allergens + Dietary restrictions
Sauce tomate Bol bol,Tomato Frito,,False,False,False,False,False,False,Dietary restrictions
Tomi Sweet Ketchup,Tomi,,False,False,False,False,False,False,Dietary restrictions
Milk Chocolate,Tony's Chocolonely,"en:milk, en:soybeans",False,True,False,True,False,False,Declared allergens + Dietary restrictions
milk chocolate with caramel pieces and sea salt,Tony's Chocolonely,"en:milk, en:soybeans",False,True,False,True,False,False,Declared allergens + Dietary restrictions
Snack poppé T&H,Too GoodFrance,"en:milk, en:soybeans",False,True,False,True,False,False,Declared allergens + Dietary restrictions
all butter shortbread fingers,Tower Gate,"en:gluten, en:milk",True,True,False,False,False,False,Declared allergens + Dietary restrictions
Fettuccine Alfrado,Trader Giotto's,,False,False,False,False,False,False,Dietary restrictions
Huile d'Olive Vierge Extra Sans Résidus de Pesticides,Tramier,,False,False,False,False,False,False,Dietary restrictions
Huile d'olive vierge extra,Tramier,,False,False,False,False,False,False,Dietary restrictions
Olives noires confites dénoyautées bocal 150g,Tramier,,False,False,False,False,False,False,Dietary restrictions
Tramier Optima 1L,Tramier,,False,False,False,False,False,False,Dietary restrictions
Chocolate 95%,Trapa,,False,False,False,False,False,False,Dietary restrictions
Cocoa Oat Protein Flapjacks Chocolate Flavour Topped 3 x,Trek,en:soybeans,False,False,False,True,False,False,Declared allergens + Dietary restrictions
Orangensaft,Tropicana,,False,False,False,False,False,False,Dietary restrictions
Smooth Orange with no Bits,Tropicana,,False,False,False,False,False,False,Dietary restrictions
Tropicana 100% oranges pressées avec pulpe 1 L,Tropicana,,False,False,False,False,False,False,Dietary restrictions
"Tropicana 100% oranges pressées sans pulpe format familial 1,5 L",Tropicana,,False,False,False,False,False,False,Dietary restrictions
Tropicana Multivitamines 1 L,Tropicana,en:orange,False,False,False,False,False,False,Declared allergens + Dietary restrictions
Tropicana Multivitamines format familial 1.5 L,Tropicana,,False,False,False,False,False,False,Dietary restrictions
Tropico,Tropico,en:orange,False,False,False,False,False,False,Declared allergens + Dietary restrictions
tuc,Tuc,"en:gluten, en:milk, en:soybeans",True,True,False,True,False,False,Declared allergens + Dietary restrictions
Gout Bacon,"Tuc,LU,Mondelēz","en:eggs, en:gluten, en:milk, en:sulphur-dioxide-and-sulphites",True,True,False,False,True,False,Declared allergens + Dietary restrictions
Margarina Tulipán,"Tulipan,Flora Food Group",,False,False,False,False,False,False,Dietary restrictions
Margarina con sal,"Tulipan,Flora Food Group",,False,False,False,False,False,False,Dietary restrictions
Tunnocks Teacakes 6pk al anhar,Tunnock’s,"en:eggs, en:gluten, en:milk",True,True,False,False,True,False,Declared allergens + Dietary restrictions
Twix,Twix,"en:gluten, en:milk, en:soybeans",True,True,False,True,False,False,Declared allergens + Dietary restrictions
Mature Cheddar & Chive,Tyrell's,en:milk,False,True,False,False,False,False,Declared allergens + Dietary restrictions
Lightly sea salted crisps,Tyrrell's,,False,False,False,False,False,False,Dietary restrictions
Sea salt & cider vinegar chips,Tyrrells,en:gluten,True,False,False,False,False,False,Declared allergens + Dietary restrictions
Chips sel de mer et poivre noir,Tyrrell’s,,False,False,False,False,False,False,Dietary restrictions
Tyrrell's Sweet Chilli & Red Pepper,Tyrrell’s,,False,False,False,False,False,False,Dietary restrictions
Chips sea salt & cider vinegar,Tyrrels,en:gluten,True,False,False,False,False,False,Declared allergens + Dietary restrictions
"Beurre de cacahuètes, 350g",U,en:peanuts,False,False,True,False,False,False,Declared allergens + Dietary restrictions
Biscottes au blé complet x36 tranches de 300g,U,en:gluten,True,False,False,False,False,False,Declared allergens + Dietary restrictions
"Fromage blanc nature 3,0%mg pot 900g",U,en:milk,False,True,False,False,False,False,Declared allergens + Dietary restrictions
Pain de mie sandwich complet 550g,U,en:gluten,True,False,False,False,False,False,Declared allergens + Dietary restrictions
Petits pains grillés au blé complet 400g,U,en:gluten,True,False,False,False,False,False,Declared allergens + Dietary restrictions
Petits pains grillés au froment,U,,False,False,False,False,False,False,Dietary restrictions
Tablette de chocolat noir 100g,"U, U Bio",,False,False,False,False,False,False,Dietary restrictions
Boisson soja nature,"U,U Bio",en:soybeans,False,False,False,True,False,False,Declared allergens + Dietary restrictions
Céréales Muesli croustillant au chocolat noir 500G,"U,U Bio",en:gluten,True,False,False,False,False,False,Declared allergens + Dietary restrictions
stic,UHU,,False,False,False,False,False,False,Dietary restrictions
Oreo chocolate,Unknown,"en:gluten, en:milk, en:soybeans",True,True,False,True,False,False,Declared allergens + Dietary restrictions
"Fruit D’or Riche En Oméga 3 (sans Huile De Palme, 100% Végétal)","Upfield, Fruit d'Or",en:none,False,False,False,False,False,False,Declared allergens + Dietary restrictions
Classic,V.I.P,,False,False,False,False,False,False,Dietary restrictions
100% cacao puro natural,VALOR,,False,False,False,False,False,False,Dietary restrictions
Hafer Barista,"VEMUNDO, Lidl",en:gluten,True,False,False,False,False,False,Declared allergens + Dietary restrictions
TORTILLA WRAPS WHOLEMEAL,VILLAGE BAKERY,en:gluten,True,False,False,False,False,False,Declared allergens + Dietary restrictions
Vip crema gold,VIP,,False,False,False,False,False,False,Dietary restrictions
Granola Bar Vanilla & White Cream,VITALIA,"en:gluten, en:milk, en:soybeans",True,True,False,True,False,False,Declared allergens + Dietary restrictions
Kimchi,Vadasz,,False,False,False,False,False,False,Dietary restrictions
Raw garlic and dill sauerkraut,Vadasz,,False,False,False,False,False,False,Dietary restrictions
Arôme vanille,Vahiné,,False,False,False,False,False,False,Dietary restrictions
Abtal,Valencia,en:orange,False,False,False,False,False,False,Declared allergens + Dietary restrictions
Jus d'orange,Valencia,,False,False,False,False,False,False,Dietary restrictions
NECTAR Pêche,Valencia,,False,False,False,False,False,False,Dietary restrictions
Valencia 100% jus orange 1l,Valencia,,False,False,False,False,False,False,Dietary restrictions
Cacao puro en polvo desgrasado,Valor,,False,False,False,False,False,False,Dietary restrictions
Chocolate 85% Cacao 0% Azúcares Añadidos,Valor,en:soybeans,False,False,False,True,False,False,Declared allergens + Dietary restrictions
Cacao en Poudre Non Sucré,Van Houten,,False,False,False,False,False,False,Dietary restrictions
Cacao non sucré Le Bio,Van Houten,,False,False,False,False,False,False,Dietary restrictions
Chocolat instantané Façon Bistrot,Van Houten,,False,False,False,False,False,False,Dietary restrictions
L'Original - Cacao en poudre non sucré,Van houten,en:peanuts,False,False,True,False,False,False,Declared allergens + Dietary restrictions
Vegemite Yeast Extract,Vegemite,"en:celery, en:gluten",True,False,False,False,False,False,Declared allergens + Dietary restrictions
Almond Drink,Vemondo,"en:gluten, en:nuts",True,False,True,False,False,False,Declared allergens + Dietary restrictions
Barista Oat milk - Vemondo,Vemondo,,False,False,False,False,False,False,Dietary restrictions
Bio Hafer,Vemondo,,False,False,False,False,False,False,Dietary restrictions
Bio napitak od zobi,Vemondo,,False,False,False,False,False,False,Dietary restrictions
Bio-Haferfrink ohne Zuckerzusatz,Vemondo,,False,False,False,False,False,False,Dietary restrictions
Boisson au soja,Vemondo,en:soybeans,False,False,False,True,False,False,Declared allergens + Dietary restrictions
"Boisson au soja, sucré",Vemondo,en:soybeans,False,False,False,True,False,False,Declared allergens + Dietary restrictions
Coconut And Rice Milk,Vemondo,,False,False,False,False,False,False,Dietary restrictions
Coconut Classic,Vemondo,,False,False,False,False,False,False,Dietary restrictions
Oat Creamy plant based,Vemondo,,False,False,False,False,False,False,Dietary restrictions
Plain Soya Pot,Vemondo,en:soybeans,False,False,False,True,False,False,Declared allergens + Dietary restrictions
Soya Blueberry soijajogurtti,Vemondo,en:soybeans,False,False,False,True,False,False,Declared allergens + Dietary restrictions
Oat,"Vemondo, Lidl",,False,False,False,False,False,False,Dietary restrictions
Oat No Sugars plant based,"Vemondo,Lidl",,False,False,False,False,False,False,Dietary restrictions
Vegane Falafel,"Vemondo,Lidl,Vivera",en:gluten,True,False,False,False,False,False,Declared allergens + Dietary restrictions
Chopped Garlic,Very Lazy,en:sulphur-dioxide-and-sulphites,False,False,False,False,False,False,Declared allergens + Dietary restrictions
230G VICHY MENTHE,Vichy,,False,False,False,False,False,False,Dietary restrictions
VICHY CELESTINS Eau Minérale Naturelle Gazeuse 1.15L,Vichy celestins,,False,False,False,False,False,False,Dietary restrictions
Chips de lentilles saveur fines herbes,Vico,,False,False,False,False,False,False,Dietary restrictions
Chips de lentilles saveur oignons caramélisés,Vico,,False,False,False,False,False,False,Dietary restrictions
L'extra craquante nature,Vico,,False,False,False,False,False,False,Dietary restrictions
La Vicoise saveur sel de mer,Vico,,False,False,False,False,False,False,Dietary restrictions
Monster Munch - Produit soufflé à base de pomme de terre goût salé,Vico,"en:gluten, en:milk",True,True,False,False,False,False,Declared allergens + Dietary restrictions
6 Wholemeal Pittas,Village Bakery,en:gluten,True,False,False,False,False,False,Declared allergens + Dietary restrictions
Malted Bloomer,Village Bakery,en:gluten,True,False,False,False,False,False,Declared allergens + Dietary restrictions
The Honey Soaked Seeded Bloomer,Village Bakery,en:gluten,True,False,False,False,False,False,Declared allergens + Dietary restrictions
The wholemeal Rustic Bloomer,Village Bakery,en:gluten,True,False,False,False,False,False,Declared allergens + Dietary restrictions
Tortilla Wraps Seeded,Village Bakery,en:gluten,True,False,False,False,False,False,Declared allergens + Dietary restrictions
soft white pittas,Village Bakery,en:gluten,True,False,False,False,False,False,Declared allergens + Dietary restrictions
"Chocolat Noir 72%, Collection Pure",Villars,en:soybeans,False,False,False,True,False,False,Declared allergens + Dietary restrictions
Feta (plant based),Violife,,False,False,False,False,False,False,Dietary restrictions
Violife Creamy orginal,Violife,,False,False,False,False,False,False,Dietary restrictions
Coconut Water,Vita Coco,,False,False,False,False,False,False,Dietary restrictions
Coconut Water The Original,Vita Coco,,False,False,False,False,False,False,Dietary restrictions
Oméga3,Vita D'or,en:milk,False,True,False,False,False,False,Declared allergens + Dietary restrictions
Rapsöl,"Vita D'or,Vita dor,VitaD'or",,False,False,False,False,False,False,Dietary restrictions
Sunflower Oil,"Vita d'Or, VitaD'or",,False,False,False,False,False,False,Dietary restrictions
Organic virgin coconut oil,Vita d'or,,False,False,False,False,False,False,Dietary restrictions
Tartine et cuison,Vital,en:soybeans,False,False,False,True,False,False,Declared allergens + Dietary restrictions
Lait U.H.T demi-écrémé,Vitalait,en:milk,False,True,False,False,False,False,Declared allergens + Dietary restrictions
Barre granola goût chocolat et enrobage crème de cacao,Vitalia,"en:gluten, en:soybeans",True,False,False,True,False,False,Declared allergens + Dietary restrictions
Vitalite Dairy Free Spread,Vitalite- suitable for Vegan,,False,False,False,False,False,False,Dietary restrictions
Vegan,Vitaquell,en:nuts,False,False,True,False,False,False,Declared allergens + Dietary restrictions
LIDL VITASIA Sweet Chilli sauce - VITASIA - 700ml 1.49€ 1l 2.13€,Vitasia,,False,False,False,False,False,False,Dietary restrictions
Eau minérale naturelle,Vittel,,False,False,False,False,False,False,Dietary restrictions
VITTEL eau minerale naturel 50cl,Vittel,,False,False,False,False,False,False,Dietary restrictions
Sensational Soya & Linseed Bread,Vogel’s,en:gluten,True,False,False,False,False,False,Declared allergens + Dietary restrictions
"1,5L CITRON VOLVIC",Volvic,,False,False,False,False,False,False,Dietary restrictions
Eau Minérale Naturelle,Volvic,,False,False,False,False,False,False,Dietary restrictions
Eau minérale,Volvic,,False,False,False,False,False,False,Dietary restrictions
Infusion touche d'Hibiscus,Volvic,,False,False,False,False,False,False,Dietary restrictions
Volvic Zest Citron,Volvic,,False,False,False,False,False,False,Dietary restrictions
Wasser Volvic naturelle,Volvic,en:none,False,False,False,False,False,False,Declared allergens + Dietary restrictions
Fromage blanc,Vrai,en:milk,False,True,False,False,False,False,Declared allergens + Dietary restrictions
Fromage blanc au lait de brebis,Vrai,en:milk,False,True,False,False,False,False,Declared allergens + Dietary restrictions
Yaourt nature 4 x 125 g,Vrai,en:milk,False,True,False,False,False,False,Declared allergens + Dietary restrictions
SMOOTH PEANUT BUTTER,WHOLE EARTH,"en:milk, en:peanuts, en:peanuts",False,True,True,False,False,False,Declared allergens + Dietary restrictions
MACARONI CHEESE WITH BACON,WOOLWORTHS FOOD,"en:gluten, en:nuts, en:sesame-seeds",True,False,True,False,False,False,Declared allergens + Dietary restrictions
Pain de mie sans croute complet 330g,"WW, Weight Watchers",en:gluten,True,False,False,False,False,False,Declared allergens + Dietary restrictions
11/12/2024,"WW,Weight Watchers","en:crustaceans, en:fish, en:gluten, en:milk, en:molluscs",True,True,False,False,False,True,Declared allergens + Dietary restrictions
Couscous Oriental légumes cuisinés et poulet émincé,"WW,Weight Watchers","en:celery, en:gluten",True,False,False,False,False,False,Declared allergens + Dietary restrictions
Poulet🐔 au Curry et Noix de Coco 🥥,"WW,Weight Watchers","en:celery, en:eggs, en:gluten, en:milk",True,True,False,False,True,False,Declared allergens + Dietary restrictions
Baked beans in tomato sauce,Waitrose,,False,False,False,False,False,False,Dietary restrictions
"Hazelnut, Caramelised Cashew & Pistachio Milk Chocolate",Waitrose,"en:milk, en:nuts",False,True,True,False,False,False,Declared allergens + Dietary restrictions
Milk Single Origin Chocolate,Waitrose,en:milk,False,True,False,False,False,False,Declared allergens + Dietary restrictions
Sourdough,Waitrose,en:gluten,True,False,False,False,False,False,Declared allergens + Dietary restrictions
Spelt Sourdough Bread,Waitrose,en:gluten,True,False,False,False,False,False,Declared allergens + Dietary restrictions
White Sourdough Bread,Waitrose,en:gluten,True,False,False,False,False,False,Declared allergens + Dietary restrictions
waitrose Natural Strained Greek Yogurt,Waitrose,en:milk,False,True,False,False,False,False,Declared allergens + Dietary restrictions
Duchy Organic Mayonnaise,Waitrose & Partners,en:eggs,False,False,False,False,True,False,Declared allergens + Dietary restrictions
Baked Sea Salt,Walkers,,False,False,False,False,False,False,Dietary restrictions
Ready Salted Crisps,Walkers,,False,False,False,False,False,False,Dietary restrictions
Ready Salted Grab Bag Crisps,Walkers,,False,False,False,False,False,False,Dietary restrictions
Salt and Vinegar Flavour Potato Crisps,Walkers,,False,False,False,False,False,False,Dietary restrictions
Sensations Thai Sweet Chilli Crisps,Walkers,"en:gluten, en:milk, en:soybeans",True,True,False,True,False,False,Declared allergens + Dietary restrictions
WALKERS  SALTED,Walkers,,False,False,False,False,False,False,Dietary restrictions
Walkers Cheese & Onion crisps,Walkers,en:milk,False,True,False,False,False,False,Declared allergens + Dietary restrictions
Walkers Ready Salted Crisps 6pk,Walkers,,False,False,False,False,False,False,Dietary restrictions
Walkers Supreme Prawn Cocktail,Walkers,,False,False,False,False,False,False,Dietary restrictions
Shortbread Fingers,Walker’s,"en:gluten, en:milk",True,True,False,False,False,False,Declared allergens + Dietary restrictions
Old English White,Warburton,"en:gluten, en:soybeans",True,False,False,True,False,False,Declared allergens + Dietary restrictions
Baker’s bloomer,Warburtons,"en:gluten, en:soybeans",True,False,False,True,False,False,Declared allergens + Dietary restrictions
Crumpet Thins,Warburtons,"en:gluten, en:sesame-seeds, en:soybeans",True,False,False,True,False,False,Declared allergens + Dietary restrictions
Crumpets,Warburtons,en:gluten,True,False,False,False,False,False,Declared allergens + Dietary restrictions
Danish lighter white bread,Warburtons,"en:gluten, en:soybeans",True,False,False,True,False,False,Declared allergens + Dietary restrictions
Farmhouse Soft Bread,Warburtons,"en:gluten, en:soybeans",True,False,False,True,False,False,Declared allergens + Dietary restrictions
Half & Half Medium,Warburtons,"en:gluten, en:soybeans",True,False,False,True,False,False,Declared allergens + Dietary restrictions
MEDIUM SOFT WHITE,Warburtons,"en:gluten, en:soybeans",True,False,False,True,False,False,Declared allergens + Dietary restrictions
Milk Roll,Warburtons,"en:gluten, en:milk, en:soybeans",True,True,False,True,False,False,Declared allergens + Dietary restrictions
Original Seeded Batch,Warburtons,"en:gluten, en:sesame-seeds, en:soybeans",True,False,False,True,False,False,Declared allergens + Dietary restrictions
Protein Thin Bagels Seeded Soft & Sliced,Warburtons,"en:gluten, en:sesame-seeds, en:soybeans",True,False,False,True,False,False,Declared allergens + Dietary restrictions
Seeded Batch,Warburtons,"en:gluten, en:sesame-seeds, en:soybeans",True,False,False,True,False,False,Declared allergens + Dietary restrictions
Soft & Sliced 5 Bagels Plain,Warburtons,"en:gluten, en:soybeans",True,False,False,True,False,False,Declared allergens + Dietary restrictions
Soft Brown Flatbreads,Warburtons,"en:gluten, en:soybeans",True,False,False,True,False,False,Declared allergens + Dietary restrictions
Soft Pittas,Warburtons,"en:gluten, en:soybeans",True,False,False,True,False,False,Declared allergens + Dietary restrictions
Soft Pittas White,Warburtons,"en:gluten, en:soybeans",True,False,False,True,False,False,Declared allergens + Dietary restrictions
THICK SLICED WHITE BREAD,Warburtons,"en:gluten, en:soybeans",True,False,False,True,False,False,Declared allergens + Dietary restrictions
TOASTIE SOFT THICK WHITE,Warburtons,"en:gluten, en:soybeans",True,False,False,True,False,False,Declared allergens + Dietary restrictions
Thin Bagels,Warburtons,en:gluten,True,False,False,False,False,False,Declared allergens + Dietary restrictions
Tiger Bloomer,Warburtons,"en:gluten, en:soybeans",True,False,False,True,False,False,Declared allergens + Dietary restrictions
Wholemeal Bread,Warburtons,"en:gluten, en:soybeans",True,False,False,True,False,False,Declared allergens + Dietary restrictions
Wholemeal Loaf,Warburtons,"en:gluten, en:sesame-seeds, en:soybeans",True,False,False,True,False,False,Declared allergens + Dietary restrictions
FIBRES,Wasa,"en:gluten, en:sesame-seeds",True,False,False,False,False,False,Declared allergens + Dietary restrictions
Tartine croustillante Authentique,Wasa,en:gluten,True,False,False,False,False,False,Declared allergens + Dietary restrictions
Vollkorn Roggen,Wasa,en:gluten,True,False,False,False,False,False,Declared allergens + Dietary restrictions
Wasa tartine croustillante sensation aux graines de chia & touche de sel 245g,Wasa,en:gluten,True,False,False,False,False,False,Declared allergens + Dietary restrictions
Wattwiller,Wattwiller,,False,False,False,False,False,False,Dietary restrictions
vamos marshmellow white,"Wedo, W",en:gluten,True,False,False,False,False,False,Declared allergens + Dietary restrictions
Alpenmüsli The Original Swiss Style,Weetabix,"en:gluten, en:milk, en:nuts",True,True,True,False,False,False,Declared allergens + Dietary restrictions
CRISPY MINIS CHOCOLATE CHIP,Weetabix,"en:gluten, en:soybeans",True,False,False,True,False,False,Declared allergens + Dietary restrictions
Crispy Minis Choco,Weetabix,"en:gluten, en:soybeans",True,False,False,True,False,False,Declared allergens + Dietary restrictions
Crispy Minis imp,Weetabix,"en:gluten, en:nuts, en:peanuts",True,False,True,False,False,False,Declared allergens + Dietary restrictions
Oatibix,Weetabix,en:gluten,True,False,False,False,False,False,Declared allergens + Dietary restrictions
Original,Weetabix,en:gluten,True,False,False,False,False,False,Declared allergens + Dietary restrictions
PROTEIN Crunch,Weetabix,"en:gluten, fr:ble-avoine",True,False,False,False,False,False,Declared allergens + Dietary restrictions
Weetabix,Weetabix,en:gluten,True,False,False,False,False,False,Declared allergens + Dietary restrictions
Weetabix 72S 1362G,Weetabix,en:gluten,True,False,False,False,False,False,Declared allergens + Dietary restrictions
Weetabix Chocolate 24s - Tesco imp,Weetabix,"en:gluten, en:soybeans",True,False,False,True,False,False,Declared allergens + Dietary restrictions
Weetabix Oatiflakes,Weetabix,en:gluten,True,False,False,False,False,False,Declared allergens + Dietary restrictions
Weetabix Organic,Weetabix,en:gluten,True,False,False,False,False,False,Declared allergens + Dietary restrictions
Weetabix Protein,Weetabix,en:gluten,True,False,False,False,False,False,Declared allergens + Dietary restrictions
Weetabix produit à base de blé complet 100%,Weetabix,en:gluten,True,False,False,False,False,False,Declared allergens + Dietary restrictions
"Weetabix, Crunchy Bran",Weetabix,en:gluten,True,False,False,False,False,False,Declared allergens + Dietary restrictions
8 Crêpes Chocolat,Whaou,"en:eggs, en:gluten, en:milk, en:nuts, en:soybeans",True,True,True,True,True,False,Declared allergens + Dietary restrictions
Dazzling Dates,Whitworths,,False,False,False,False,False,False,Dietary restrictions
Beurre de cacahuètes,Whole Earth,en:peanuts,False,False,True,False,False,False,Declared allergens + Dietary restrictions
Beurre de cacahuètes crunchy,Whole Earth,en:peanuts,False,False,True,False,False,False,Declared allergens + Dietary restrictions
Crunchy Organic Peanut Butter,Whole Earth,en:peanuts,False,False,True,False,False,False,Declared allergens + Dietary restrictions
Drizzler Super Smooth Peanut Butter,Whole Earth,en:peanuts,False,False,True,False,False,False,Declared allergens + Dietary restrictions
Golden Organic Corn Flakes,Whole Earth,en:soybeans,False,False,False,True,False,False,Declared allergens + Dietary restrictions
Peanut Butter,Whole Earth,en:peanuts,False,False,True,False,False,False,Declared allergens + Dietary restrictions
Smooth Organic Peanut Butter,Whole Earth,en:peanuts,False,False,True,False,False,False,Declared allergens + Dietary restrictions
Crunchy Peanut Butter,Whole earth,en:peanuts,False,False,True,False,False,False,Declared allergens + Dietary restrictions
4 Garlic & Herb Kebabs,Wicked Kitchen,en:gluten,True,False,False,False,False,False,Declared allergens + Dietary restrictions
Le Cassoulet Mitonné,William Saurin,"en:gluten, en:milk",True,True,False,False,False,False,Declared allergens + Dietary restrictions
Majonez Dekoracyjny,Winiary,"en:eggs, en:mustard",False,False,False,False,True,False,Declared allergens + Dietary restrictions
Classic Basmati Rice,Worldwide Foods,,False,False,False,False,False,False,Dietary restrictions
Classic Wholegrain Rice,Worldwide Foods,,False,False,False,False,False,False,Dietary restrictions
French Inspired Lentils,Worldwide Foods,en:celery,False,False,False,False,False,False,Declared allergens + Dietary restrictions
"Wholegrain Rice, Quinoa, Pumpkin & Sunflower Seeds",Worldwide Foods,,False,False,False,False,False,False,Dietary restrictions
Good Grains Spanish Style Grains,"Worldwide Foods, Aldi, Aldi Worldwide Foods","en:gluten, en:mustard",True,False,False,False,False,False,Declared allergens + Dietary restrictions
Special mexican style rice,Worldwide foods,,False,False,False,False,False,False,Dietary restrictions
Vegetable and roast chicken soup,YORKSHIRE PROVENDER,"en:celery, en:chicken, en:milk",False,True,False,False,False,False,Declared allergens + Dietary restrictions
Avena,"YOSOY,Liquats Vegetals",en:gluten,True,False,False,False,False,False,Declared allergens + Dietary restrictions
Srop de yacon,Yacon&Co,,False,False,False,False,False,False,Dietary restrictions
0% Fat Vanilla Yogurt,Yeo Valley,en:milk,False,True,False,False,False,False,Declared allergens + Dietary restrictions
Family Farm Greek Style Natural,Yeo Valley,en:milk,False,True,False,False,False,False,Declared allergens + Dietary restrictions
Fruity favourites,Yeo Valley,"en:milk, en:peach",False,True,False,False,False,False,Declared allergens + Dietary restrictions
Greek Style Yoghurt,Yeo Valley,en:milk,False,True,False,False,False,False,Declared allergens + Dietary restrictions
Greek style Honey,Yeo Valley,en:milk,False,True,False,False,False,False,Declared allergens + Dietary restrictions
Kefir,Yeo Valley,en:milk,False,True,False,False,False,False,Declared allergens + Dietary restrictions
Kefir - Mango & Passion Fruit,Yeo Valley,en:milk,False,True,False,False,False,False,Declared allergens + Dietary restrictions
Kefir Natural,Yeo Valley,en:milk,False,True,False,False,False,False,Declared allergens + Dietary restrictions
"Kefir, Mango and Passion Fruit",Yeo Valley,en:milk,False,True,False,False,False,False,Declared allergens + Dietary restrictions
Natural Yogurt,Yeo Valley,en:milk,False,True,False,False,False,False,Declared allergens + Dietary restrictions
Organic Lemon Curd Yoghurt,Yeo Valley,"en:eggs, en:milk",False,True,False,False,True,False,Declared allergens + Dietary restrictions
Strawberry Bio Live Yoghurt,Yeo Valley,en:milk,False,True,False,False,False,False,Declared allergens + Dietary restrictions
Super Thick Kerned Yogurt,Yeo Valley,en:milk,False,True,False,False,False,False,Declared allergens + Dietary restrictions
Super thick organic kerned yogurt,Yeo Valley,en:milk,False,True,False,False,False,False,Declared allergens + Dietary restrictions
Yeo Valley Organic Kefir Strawberry Fermented Yoghurt,Yeo Valley,en:milk,False,True,False,False,False,False,Declared allergens + Dietary restrictions
Yeo Valley Salted Butter,Yeo Valley,en:milk,False,True,False,False,False,False,Declared allergens + Dietary restrictions
Yoghurt,Yeo Valley,en:milk,False,True,False,False,False,False,Declared allergens + Dietary restrictions
Family Farm Raspberry,Yeo Valley Family farm,en:milk,False,True,False,False,False,False,Declared allergens + Dietary restrictions
Kefir,Yeo Valley Organic,en:milk,False,True,False,False,False,False,Declared allergens + Dietary restrictions
Kefir Natural Fermented Yogurt,Yeo Valley Organic,en:milk,False,True,False,False,False,False,Declared allergens + Dietary restrictions
Spreadable,Yeo Valley Organic,en:milk,False,True,False,False,False,False,Declared allergens + Dietary restrictions
Rainbow Salmon Poke,Yo!,"en:fish, en:gluten, en:sesame-seeds, en:soybeans",True,False,False,True,False,True,Declared allergens + Dietary restrictions
Crème fraîche entière,Yoplait,en:milk,False,True,False,False,False,False,Declared allergens + Dietary restrictions
"P'tit Yop, Goût Fraise",Yoplait,en:milk,False,True,False,False,False,False,Declared allergens + Dietary restrictions
Perle de lait,Yoplait,en:milk,False,True,False,False,False,False,Declared allergens + Dietary restrictions
Skyr,Yoplait,en:milk,False,True,False,False,False,False,Declared allergens + Dietary restrictions
Skyr nature,Yoplait,en:milk,False,True,False,False,False,False,Declared allergens + Dietary restrictions
Skyr nature (8x Nature),Yoplait,en:milk,False,True,False,False,False,False,Declared allergens + Dietary restrictions
Skyr nature 0%,Yoplait,en:milk,False,True,False,False,False,False,Declared allergens + Dietary restrictions
Skyr sur lit auw fruits rouges,Yoplait,en:milk,False,True,False,False,False,False,Declared allergens + Dietary restrictions
Skyr sur lit aux myrtilles,Yoplait,en:milk,False,True,False,False,False,False,Declared allergens + Dietary restrictions
Skyr vanille 4 x 100 g,Yoplait,en:milk,False,True,False,False,False,False,Declared allergens + Dietary restrictions
vamos,Yoplait,,False,False,False,False,False,False,Dietary restrictions
Yaourt à boire sucré aromatisé,YoplaitYop,en:milk,False,True,False,False,False,False,Declared allergens + Dietary restrictions
Chicken & Lentil with Butternut Squash,Yorkshire Provender,"en:celery, en:chicken",False,False,False,False,False,False,Declared allergens + Dietary restrictions
Vegetable Flavour,Yum Yum,"en:celery, en:gluten, en:milk, en:soybeans",True,True,False,True,False,False,Declared allergens + Dietary restrictions
Nouille instantanées goût poulet,"Yum Yum, YumYum",en:gluten,True,False,False,False,False,False,Declared allergens + Dietary restrictions
Shrimp Flavour,"Yum Yum,YumYum","en:celery, en:crustaceans, en:fish, en:gluten, en:sesame-seeds, en:soybeans, en:crustaceans, en:fish",True,False,False,True,False,True,Declared allergens + Dietary restrictions
YumYum Beef,"Yum Yum,YumYum","en:gluten, en:soybeans, de:sojasaucenpulver",True,False,False,True,False,False,Declared allergens + Dietary restrictions
Organic Tamari Soy Sauce,Yutaka,en:soybeans,False,False,False,True,False,False,Declared allergens + Dietary restrictions
Silken tofu,Yutaka,en:soybeans,False,False,False,True,False,False,Declared allergens + Dietary restrictions
White Miso,Yutaka,en:soybeans,False,False,False,True,False,False,Declared allergens + Dietary restrictions
Zohor,Zohor,,False,False,False,False,False,False,Dietary restrictions
Protein Drink PLUS,Zott,en:milk,False,True,False,False,False,False,Declared allergens + Dietary restrictions
zott Protein drink čokolada,Zott,,False,False,False,False,False,False,Dietary restrictions
cheeslé blanc nature,afs,en:milk,False,True,False,False,False,False,Declared allergens + Dietary restrictions
Sweeties Mini,aiguebelle,"en:milk, en:soybeans",False,True,False,True,False,False,Declared allergens + Dietary restrictions
Albane,albane,,False,False,False,False,False,False,Dietary restrictions
"Alpro Haferdrink, Ungesüßt 1 L, FRESH",alpro,en:gluten,True,False,False,False,False,False,Declared allergens + Dietary restrictions
"Alpro Mandeldrink, Original 1L",alpro,en:nuts,False,False,True,False,False,False,Declared allergens + Dietary restrictions
Alpro Not Milk,alpro,en:gluten,True,False,False,False,False,False,Declared allergens + Dietary restrictions
"Alpro Sojadrink, Schokoladen-Geschmack, Protein 1L",alpro,en:soybeans,False,False,False,True,False,False,Declared allergens + Dietary restrictions
"Alpro Sojadrink, Ungesüßt fresh",alpro,en:soybeans,False,False,False,True,False,False,Declared allergens + Dietary restrictions
"Alpro® Barista Mandeldrink, 1 L, UHT",alpro,en:nuts,False,False,True,False,False,False,Declared allergens + Dietary restrictions
"Alpro® Mandeldrink Ungesüßt, 1 L, FRESH",alpro,en:nuts,False,False,True,False,False,False,Declared allergens + Dietary restrictions
Coco Délicieuse et Tropicale,alpro,,False,False,False,False,False,False,Dietary restrictions
GREEK STYLE PLAIN,alpro,"en:nuts, en:soybeans, fi:kuoritut-soijapavut",False,False,True,True,False,False,Declared allergens + Dietary restrictions
Hafer Milch,alpro,"en:gluten, de:haferbasis",True,False,False,False,False,False,Declared allergens + Dietary restrictions
Heidelbeere aus Soja,alpro,en:soybeans,False,False,False,True,False,False,Declared allergens + Dietary restrictions
"Kokosnussdrink mit Soja, Barista",alpro,en:soybeans,False,False,False,True,False,False,Declared allergens + Dietary restrictions
Natur mit Kokosnuss,alpro,"en:soybeans, de:sojabasis",False,False,False,True,False,False,Declared allergens + Dietary restrictions
Soyamilch,alpro,en:soybeans,False,False,False,True,False,False,Declared allergens + Dietary restrictions
soya Vanille,alpro,en:soybeans,False,False,False,True,False,False,Declared allergens + Dietary restrictions
Flan pâtissier,alsa,en:eggs,False,False,False,False,True,False,Declared allergens + Dietary restrictions
Levure chimique en poudre,alsa,,False,False,False,False,False,False,Dietary restrictions
mayonnaise de Dijon,amora,"en:eggs, en:mustard",False,False,False,False,True,False,Declared allergens + Dietary restrictions
Confiture fraise -30% de sucres,andros,,False,False,False,False,False,False,Dietary restrictions
Megachok,arluy,"en:gluten, en:milk, en:nuts, en:soybeans",True,True,True,True,False,False,Declared allergens + Dietary restrictions
sel,baleine,,False,False,False,False,False,False,Dietary restrictions
cooky,be,"en:gluten, en:milk, en:peanuts, en:soybeans",True,True,True,True,False,False,Declared allergens + Dietary restrictions
sucre cassonade,begin say,,False,False,False,False,False,False,Dietary restrictions
BREAKFAST Cocoa with choc chips,belVita,"en:gluten, en:milk, en:soybeans",True,True,False,True,False,False,Declared allergens + Dietary restrictions
Melloeux Fruit Rouges,belVita,"en:gluten, en:milk, en:soybeans",True,True,False,True,False,False,Declared allergens + Dietary restrictions
Indomie,beldi,,False,False,False,False,False,False,Dietary restrictions
petit déjeuner miel et pépites de chocolat,belvita,"en:gluten, en:milk, en:soybeans",True,True,False,True,False,False,Declared allergens + Dietary restrictions
Riz tomate à l’italienne,ben’s original,en:milk,False,True,False,False,False,False,Declared allergens + Dietary restrictions
Fluffy Milky,best biscuits,"en:gluten, en:milk",True,True,False,False,False,False,Declared allergens + Dietary restrictions
merendina big,bimo,,False,False,False,False,False,False,Dietary restrictions
Muesli Protéines,bjorg,"en:gluten, en:soybeans, fr:avoine",True,False,False,True,False,False,Declared allergens + Dietary restrictions
sweet chilli sauce imp,blue dragon,,False,False,False,False,False,False,Dietary restrictions
elderflower cordial,bottle green,,False,False,False,False,False,False,Dietary restrictions
Grilletine au froment sans sucres ajoutés,brioche pasquier,en:gluten,True,False,False,False,False,False,Declared allergens + Dietary restrictions
Italian Chopped Tomatoes in tomato juice,by sainsbury's,,False,False,False,False,False,False,Dietary restrictions
Viva lait 1/2 écrémé,candia,en:milk,False,True,False,False,False,False,Declared allergens + Dietary restrictions
Caprice des dieux,caprice des dieux,en:milk,False,True,False,False,False,False,Declared allergens + Dietary restrictions
chocolate negro,carlotti,,False,False,False,False,False,False,Dietary restrictions
brilliant beetroot,cawston press,,False,False,False,False,False,False,Dietary restrictions
Raibi jamila,central,en:milk,False,True,False,False,False,False,Declared allergens + Dietary restrictions
Lala kheddidja,cevital,,False,False,False,False,False,False,Dietary restrictions
Yaourts Brassés aux Fruits fraise,chergui,,False,False,False,False,False,False,Dietary restrictions
Pipas,chipsy d'or,en:gluten,True,False,False,False,False,False,Declared allergens + Dietary restrictions
coconut milk,consumers pride,,False,False,False,False,False,False,Dietary restrictions
Durum wheat flatbreads,crosta & mollica,,False,False,False,False,False,False,Dietary restrictions
Pâte feuilletée,croustipate,"en:gluten, en:milk",True,True,False,False,False,False,Declared allergens + Dietary restrictions
Sablés sarrasin miel saveur citron,céréal bio,"en:gluten, fr:avoine",True,False,False,False,False,False,Declared allergens + Dietary restrictions
Cube de bouillon déshydraté saveur poulet,damti,,False,False,False,False,False,False,Dietary restrictions
Yawmi velouté pistache,danone,,False,False,False,False,False,False,Dietary restrictions
Activia ananas fraise,"danone, سنطرال دانون",en:milk,False,True,False,False,False,False,Declared allergens + Dietary restrictions
filets de maquereaux à l'huile végétale,delfy,"en:fish, en:soybeans",False,False,False,True,False,True,Declared allergens + Dietary restrictions
"Almond, Apple & Raisin Granola",deliciously ella,en:nuts,False,False,True,False,False,False,Declared allergens + Dietary restrictions
Apple & Raisin Oat Bars,deliciously ella,"en:gluten, en:rice",True,False,False,False,False,False,Declared allergens + Dietary restrictions
"Hazelnut, Pecan & Maple Oat Bars",deliciously ella,en:nuts,False,False,True,False,False,False,Declared allergens + Dietary restrictions
Nutty Granola,deliciously ella,en:nuts,False,False,True,False,False,False,Declared allergens + Dietary restrictions
Vinaigre de table coloré,dessaux,,False,False,False,False,False,False,Dietary restrictions
bolognese sauce,dolmio,,False,False,False,False,False,False,Dietary restrictions
Gloriously nutty muesli,dorset cereals,"en:gluten, en:nuts, en:sulphur-dioxide-and-sulphites",True,False,True,False,False,False,Declared allergens + Dietary restrictions
oat granola,dorset cereals,en:gluten,True,False,False,False,False,False,Declared allergens + Dietary restrictions
simply nutty muesli,dorset cereals,"en:gluten, en:nuts",True,False,True,False,False,False,Declared allergens + Dietary restrictions
Yaourt ferme Vanille,dost,en:milk,False,True,False,False,False,False,Declared allergens + Dietary restrictions
Pâte a tartiner,dulcetto,"en:milk, en:nuts",False,True,True,False,False,False,Declared allergens + Dietary restrictions
Eau minérale naturelle,délice,,False,False,False,False,False,False,Dietary restrictions
Assaisonnement aromatise au citron,efor,,False,False,False,False,False,False,Dietary restrictions
vinaigre de table blanc,efor,,False,False,False,False,False,False,Dietary restrictions
El Baraka Confiture D'abricots 430 G,el baraka,,False,False,False,False,False,False,Dietary restrictions
confiture,el baraka,,False,False,False,False,False,False,Dietary restrictions
Konfitura Morelowa 240g*EL Baraka*,"el baraka, Al baraka",,False,False,False,False,False,False,Dietary restrictions
Yaourt à la grecque,envia,en:milk,False,True,False,False,False,False,Declared allergens + Dietary restrictions
Crakes choc,excelo,"en:gluten, en:milk, en:soybeans",True,True,False,True,False,False,Declared allergens + Dietary restrictions
Sergio,excelo,"en:milk, en:nuts, en:soybeans",False,True,True,True,False,False,Declared allergens + Dietary restrictions
Yogo,extra lait,en:milk,False,True,False,False,False,False,Declared allergens + Dietary restrictions
yogo fraise,extra lait,,False,False,False,False,False,False,Dietary restrictions
Chocolate Nutrition Shake,fairlife nutrition plan,"en:gluten, en:milk",True,True,False,False,False,False,Declared allergens + Dietary restrictions
TOPS,fanta,,False,False,False,False,False,False,Dietary restrictions
Milk Chocolate Nut,"fin CARRE, Lidl Fin Carré","en:milk, en:nuts, en:soybeans",False,True,True,True,False,False,Declared allergens + Dietary restrictions
Extra dark 74% Cocoa,fin CARRÉ,en:soybeans,False,False,False,True,False,False,Declared allergens + Dietary restrictions
Chocolate Negro,"fin CARRÉ,Lidl","en:eggs, en:milk, en:peanuts",False,True,True,False,True,False,Declared allergens + Dietary restrictions
Dunkle Schokolade mit ganzen Haselnüssen,"fin Carré, Lidl fin Carré","en:milk, en:nuts, en:soybeans",False,True,True,True,False,False,Declared allergens + Dietary restrictions
cioccolato fondente,fin carre,"en:eggs, en:gluten, en:milk, en:nuts",True,True,True,False,True,False,Declared allergens + Dietary restrictions
chipsfrisch ungarisch,funny-frisch,,False,False,False,False,False,False,Dietary restrictions
PET 1.25L FUZE TEA PECHE,fuze tea,,False,False,False,False,False,False,Dietary restrictions
Crempro,gastro mixte,en:milk,False,True,False,False,False,False,Declared allergens + Dietary restrictions
Le petit Gerblé nature,gerblé,en:gluten,True,False,False,False,False,False,Declared allergens + Dietary restrictions
Biscuit Chocolat Céréales,gerlinea,"en:gluten, en:milk, en:soybeans",True,True,False,True,False,False,Declared allergens + Dietary restrictions
540093179616,gonga,,False,False,False,False,False,False,Dietary restrictions
Cocoa Vanilla Oat Boosts,graze,"en:gluten, en:soybeans",True,False,False,True,False,False,Declared allergens + Dietary restrictions
Lemon Blueberry Oat Boosts,graze,"en:gluten, en:soybeans",True,False,False,True,False,False,Declared allergens + Dietary restrictions
Marmite Crunch,graze,,False,False,False,False,False,False,Dietary restrictions
Smoky Barbecue Crunch,graze,,False,False,False,False,False,False,Dietary restrictions
Sticky Toffee Oat Boosts,graze,"en:gluten, en:soybeans",True,False,False,True,False,False,Declared allergens + Dietary restrictions
chilli and lime protein nut crunch,graze,"en:nuts, en:peanuts",False,False,True,False,False,False,Declared allergens + Dietary restrictions
Green Tea,green tea,,False,False,False,False,False,False,Dietary restrictions
Digestive Avena Choco,gullón,"en:gluten, en:soybeans, es:avena, es:avena",True,False,False,True,False,False,Declared allergens + Dietary restrictions
Digestive Classic,gullón,en:gluten,True,False,False,False,False,False,Declared allergens + Dietary restrictions
Doradas al horno zero sin azúcares,gullón,en:gluten,True,False,False,False,False,False,Declared allergens + Dietary restrictions
Gaufrette chocolate waffer,gullón,"en:gluten, en:soybeans",True,False,False,True,False,False,Declared allergens + Dietary restrictions
Barritas de trigo y arroz integral con chocolate con leche,hacendado,"en:gluten, en:milk, en:soybeans",True,True,False,True,False,False,Declared allergens + Dietary restrictions
Cigar,henry's,,False,False,False,False,False,False,Dietary restrictions
Spofy,henry's,"en:eggs, en:gluten, en:milk, en:soybeans",True,True,False,True,True,False,Declared allergens + Dietary restrictions
HEPAR,"hepar,Nestlé",,False,False,False,False,False,False,Dietary restrictions
Huille,horra,,False,False,False,False,False,False,Dietary restrictions
ice,ice,,False,False,False,False,False,False,Dietary restrictions
ice POMME 1.5l,ice,,False,False,False,False,False,False,Dietary restrictions
ice cola strong,ice,,False,False,False,False,False,False,Dietary restrictions
العين,idna,,False,False,False,False,False,False,Dietary restrictions
Crème chantilly,idéal,en:milk,False,True,False,False,False,False,Declared allergens + Dietary restrictions
Flan parfum vanille,idéal,,False,False,False,False,False,False,Dietary restrictions
100% oranges sans pulpe,innocent,,False,False,False,False,False,False,Dietary restrictions
Zest Défense,innocent,en:orange,False,False,False,False,False,False,Declared allergens + Dietary restrictions
pure fruit juice SMOOTH ORANGE,innocent,,False,False,False,False,False,False,Dietary restrictions
Énergie Chérie,innocent,,False,False,False,False,False,False,Dietary restrictions
Skin Hair Nails,innovit,,False,False,False,False,False,False,Dietary restrictions
vegetable fusion gyoza,itsu,"en:gluten, en:sesame-seeds, en:soybeans",True,False,False,True,False,False,Declared allergens + Dietary restrictions
Шоколад 85% какаова маса,j.d. gross,en:soybeans,False,False,False,True,False,False,Declared allergens + Dietary restrictions
mutigrain brown,jacksons,en:gluten,True,False,False,False,False,False,Declared allergens + Dietary restrictions
Eau minérale naturelle,"jannet,جنات",,False,False,False,False,False,False,Dietary restrictions
PRESSup ORANGE 1L,jaouda,,False,False,False,False,False,False,Dietary restrictions
ghani sfr,jaouda,en:milk,False,True,False,False,False,False,Declared allergens + Dietary restrictions
jaouda Cremy,jaouda,en:milk,False,True,False,False,False,False,Declared allergens + Dietary restrictions
Leben,"jaouda, Jaouda",en:milk,False,True,False,False,False,False,Declared allergens + Dietary restrictions
PET 1.5L PUR JUS ORANGE JOKER,joker,,False,False,False,False,False,False,Dietary restrictions
Filets de maquereau,joly,en:fish,False,False,False,False,False,True,Declared allergens + Dietary restrictions
Pain de mie complet,joyfood,,False,False,False,False,False,False,Dietary restrictions
LIGHTLY SALTED LOW FAT CORN CAKES,kallo,,False,False,False,False,False,False,Dietary restrictions
Lentil & Pea Veggie Cakes Beetroot & Balsamic,kallø,,False,False,False,False,False,False,Dietary restrictions
Protein Packed Lentil Cakes,kallø,,False,False,False,False,False,False,Dietary restrictions
Very Low Salt Organic Chicken Stock Cubes,kallø,en:celery,False,False,False,False,False,False,Declared allergens + Dietary restrictions
Sojas mērce,kikkoman,"en:gluten, en:soybeans",True,False,False,True,False,False,Declared allergens + Dietary restrictions
Knorr Beef Flavored Buillon Cubes - 8 Cubes,knoor,,False,False,False,False,False,False,Dietary restrictions
Coconut Milk,ktc,,False,False,False,False,False,False,Dietary restrictions
Pain de mie grandes tranches Seigle & Graines 500g,la Boulangère,en:gluten,True,False,False,False,False,False,Declared allergens + Dietary restrictions
Cheddar,la Hollandaise,en:milk,False,True,False,False,False,False,Declared allergens + Dietary restrictions
margarine la prairie 225g,la Prairie,en:soybeans,False,False,False,True,False,False,Declared allergens + Dietary restrictions
Sel Moulu de Méditerranée,la baleine,,False,False,False,False,False,False,Dietary restrictions
10 Pains au lait frais sans sucres ajoutés 350g,la boulangère,"en:eggs, en:gluten, en:milk",True,True,False,False,True,False,Declared allergens + Dietary restrictions
Pain au lait bio x12 420g,la boulangère,"en:eggs, en:gluten, en:milk, fr:alcool",True,True,False,False,True,False,Declared allergens + Dietary restrictions
Pain de mie grandes tranches Toastiligne complet,la boulangère,en:gluten,True,False,False,False,False,False,Declared allergens + Dietary restrictions
Pain de table Bio aux graines de lin & tournesol 400g,la boulangère,en:gluten,True,False,False,False,False,False,Declared allergens + Dietary restrictions
Pancakes,la fournée dorée,"en:eggs, en:gluten, en:milk",True,True,False,False,True,False,Declared allergens + Dietary restrictions
la hollandaise,la hollandaise,en:milk,False,True,False,False,False,False,Declared allergens + Dietary restrictions
العين,la source,,False,False,False,False,False,False,Dietary restrictions
fondiz,land'or Maroc industries,en:milk,False,True,False,False,False,False,Declared allergens + Dietary restrictions
fromage blanc nature,le Berger,en:milk,False,True,False,False,False,False,Declared allergens + Dietary restrictions
Ftoury Fromage Blanc,le berger,en:milk,False,True,False,False,False,False,Declared allergens + Dietary restrictions
le blanc nature 900g araai,le berger,en:milk,False,True,False,False,False,False,Declared allergens + Dietary restrictions
Fakiat Barbeque,leader food,en:gluten,True,False,False,False,False,False,Declared allergens + Dietary restrictions
Eau minérale naturelle gazeuse,les Eaux Minérales d’Oulmes,,False,False,False,False,False,False,Dietary restrictions
lightly salted Rice Cakes,lidl,en:sesame-seeds,False,False,False,False,False,False,Declared allergens + Dietary restrictions
Chocolat Noir Amande et Écorces d'Orange,lidl jd gross,"en:nuts, en:soybeans",False,False,True,True,False,False,Declared allergens + Dietary restrictions
PurSoup' Velouté de 10 légumes,liebig,"en:celery, en:milk",False,True,False,False,False,False,Declared allergens + Dietary restrictions
mozzarella 1/4lb burgers,linda McCARTNEY,"en:gluten, en:milk, en:soybeans",True,True,False,True,False,False,Declared allergens + Dietary restrictions
Zahra Bayane,linea,en:milk,False,True,False,False,False,False,Declared allergens + Dietary restrictions
Lio huile de table,lio,,False,False,False,False,False,False,Dietary restrictions
Véritable Petit Beurre Pocket,lu,"en:gluten, en:milk",True,True,False,False,False,False,Declared allergens + Dietary restrictions
Cracotte Céréales Complètes,"lu, LU","en:gluten, en:milk",True,True,False,False,False,False,Declared allergens + Dietary restrictions
La prairie classique,margafrique,en:soybeans,False,False,False,True,False,False,Declared allergens + Dietary restrictions
Coca-Cola original taste,maroc,,False,False,False,False,False,False,Dietary restrictions
Delicia 200 g,maroc,,False,False,False,False,False,False,Dietary restrictions
Bio crackers,maître Jean pierre,"en:gluten, en:milk, en:sesame-seeds, fr:avoine, fr:avoine",True,True,False,False,False,False,Declared allergens + Dietary restrictions
Amandes grillées sans sel,maître prunille,en:nuts,False,False,True,False,False,False,Declared allergens + Dietary restrictions
Mejora,mejora,"en:milk, en:nuts, en:soybeans",False,True,True,True,False,False,Declared allergens + Dietary restrictions
Leka Cream,michoc,,False,False,False,False,False,False,Dietary restrictions
Miel d'eucalyptus,miel el Aâssal,,False,False,False,False,False,False,Dietary restrictions
Swedish Glace dairy-free smooth Vanilla,"miko, wall-s",en:soybeans,False,False,False,True,False,False,Declared allergens + Dietary restrictions
fromage herbes milky food,milky foof,en:milk,False,True,False,False,False,False,Declared allergens + Dietary restrictions
100% peanut butter crunchy,millies,en:peanuts,False,False,True,False,False,False,Declared allergens + Dietary restrictions
superloaf,modern baker,en:gluten,True,False,False,False,False,False,Declared allergens + Dietary restrictions
Muesli Crunchy 4 noix,muesly,"en:gluten, en:nuts",True,False,True,False,False,False,Declared allergens + Dietary restrictions
brufen,médicament,,False,False,False,False,False,False,Dietary restrictions
Blueberry Muffin Myrtilles,nakd,en:nuts,False,False,True,False,False,False,Declared allergens + Dietary restrictions
raw fruit & nut bar,nakd,"en:peanuts, en:arachides",False,False,True,False,False,False,Declared allergens + Dietary restrictions
Barres de fruits secs & noix Myrtilles,nakd.,"en:nuts, en:nuts",False,False,True,False,False,False,Declared allergens + Dietary restrictions
unsmoked back bacon rashers,naked bacon,en:pork,False,False,False,False,False,False,Declared allergens + Dietary restrictions
Oat Biscuits,narn's,en:gluten,True,False,False,False,False,False,Declared allergens + Dietary restrictions
Chia seeds,natural happiness,,False,False,False,False,False,False,Dietary restrictions
Onken,natural set yogurt,en:milk,False,True,False,False,False,False,Declared allergens + Dietary restrictions
organic CACAO powder,naturya,,False,False,False,False,False,False,Dietary restrictions
nestle,nestle,,False,False,False,False,False,False,Dietary restrictions
Nooco,nooco,"en:gluten, en:milk, en:soybeans, en:sulphur-dioxide-and-sulphites",True,True,False,True,False,False,Declared allergens + Dietary restrictions
Biscuit filled with hazelnut spread with cocoa,nutella,"en:gluten, en:milk, en:nuts, en:soybeans",True,True,True,True,False,False,Declared allergens + Dietary restrictions
"Biscuits Nutella x3 biscuits fourrés - 41,4g",nutella,"en:gluten, en:milk, en:nuts, en:soybeans",True,True,True,True,False,False,Declared allergens + Dietary restrictions
Biscuits croquants au coeur onctueux de Nutella®,"nutella,Ferrero","en:gluten, en:milk, en:nuts, en:soybeans",True,True,True,True,False,False,Declared allergens + Dietary restrictions
Nutella,"nutella,Ferrero","en:milk, en:nuts, en:soybeans",False,True,True,True,False,False,Declared allergens + Dietary restrictions
Blueberry Muffin raw fruit & nut bar,nākd,en:nuts,False,False,True,False,False,False,Declared allergens + Dietary restrictions
Peanut Delight,nākd,en:peanuts,False,False,True,False,False,False,Declared allergens + Dietary restrictions
Raw Fruit & Nut Bars - Bakewell Tart,nākd,en:nuts,False,False,True,False,False,False,Declared allergens + Dietary restrictions
Raw Fruit & Nut Bars - Salted Caramel,nākd,"en:nuts, en:peanuts",False,False,True,False,False,False,Declared allergens + Dietary restrictions
fish fingers,ocean sea,"en:fish, en:gluten",True,False,False,False,False,True,Declared allergens + Dietary restrictions
Sauce algerienne star,ok,"en:eggs, en:mustard, en:soybeans",False,False,False,True,True,False,Declared allergens + Dietary restrictions
Tortilla de mais et blé,old El paso,en:gluten,True,False,False,False,False,False,Declared allergens + Dietary restrictions
Huile d'olive,oued souss,,False,False,False,False,False,False,Dietary restrictions
novobac,p.n.f,,False,False,False,False,False,False,Dietary restrictions
Pago Ace - Orange - Carotte - Citron,pago,,False,False,False,False,False,False,Dietary restrictions
brioche tressée à la main,pasquier,"en:eggs, en:gluten, en:milk",True,True,False,False,True,False,Declared allergens + Dietary restrictions
Paysan Breton - Le Fromage Fouetté Madame Loïk - Nature au Sel de Guérande,paysan breton,en:milk,False,True,False,False,False,False,Declared allergens + Dietary restrictions
Pate d'arachide,pcd,en:peanuts,False,False,True,False,False,False,Declared allergens + Dietary restrictions
اكوافينا,pepsi,,False,False,False,False,False,False,Dietary restrictions
Perly fromage,perly,en:milk,False,True,False,False,False,False,Declared allergens + Dietary restrictions
petit billy,petit billy,en:milk,False,True,False,False,False,False,Declared allergens + Dietary restrictions
high protein jogurt,pilos,en:milk,False,True,False,False,False,False,Declared allergens + Dietary restrictions
SMOOTH ALMOND BUTTER,pip & nut,en:nuts,False,False,True,False,False,False,Declared allergens + Dietary restrictions
CRUNCHY SAVOURY WHOLEWHEAT STICKS,pladis,en:gluten,True,False,False,False,False,False,Declared allergens + Dietary restrictions
barbeque flavour popped potato snacks,popchips,en:milk,False,True,False,False,False,False,Declared allergens + Dietary restrictions
le bio pour toute la famille multifruit,pressade,en:orange,False,False,False,False,False,False,Declared allergens + Dietary restrictions
pringles hot & spicy,pringles,"en:gluten, en:milk",True,True,False,False,False,False,Declared allergens + Dietary restrictions
Sea salt lentil chips,proper,,False,False,False,False,False,False,Dietary restrictions
Sucre Pure Via SpecialPatisserie,pure via,,False,False,False,False,False,False,Dietary restrictions
Pâte d'arachide,pâte d'arachide,en:peanuts,False,False,True,False,False,False,Declared allergens + Dietary restrictions
LBEN RAFII,rafii,en:milk,False,True,False,False,False,False,Declared allergens + Dietary restrictions
ketchup,rubies,en:apple,False,False,False,False,False,False,Declared allergens + Dietary restrictions
"SCHWEPPES AGRUMES ZERO 1,5L",s.a schweppes international,en:orange,False,False,False,False,False,False,Declared allergens + Dietary restrictions
Eau st Antonin,saguaro,,False,False,False,False,False,False,Dietary restrictions
Wheat flour sourdough bread,"sainsbury's bakery,Sainsbury's",en:gluten,True,False,False,False,False,False,Declared allergens + Dietary restrictions
Green Pesto Sauce,sainsburys,"en:eggs, en:milk, en:nuts",False,True,True,False,True,False,Declared allergens + Dietary restrictions
raib salim vani,salim,en:milk,False,True,False,False,False,False,Declared allergens + Dietary restrictions
Samar Gusto Coffee 45g,samar,,False,False,False,False,False,False,Dietary restrictions
Eau minérale naturelle,sidi ali,,False,False,False,False,False,False,Dietary restrictions
Skyr mangue passion,siggi's,en:milk,False,True,False,False,False,False,Declared allergens + Dietary restrictions
Salade & Compagnie - Antibes,sodebo,"en:eggs, en:fish, en:gluten, en:milk, en:mustard, en:soybeans, en:sulphur-dioxide-and-sulphites",True,True,False,True,True,True,Declared allergens + Dietary restrictions
sauce tomate cuisinée,solis,,False,False,False,False,False,False,Dietary restrictions
611251753912,sos,,False,False,False,False,False,False,Dietary restrictions
Soumam Fat Partly Removed,"soummam, Soummam",en:milk,False,True,False,False,False,False,Declared allergens + Dietary restrictions
Spa reine,spa,,False,False,False,False,False,False,Dietary restrictions
st hubert bio & végétal,st hubert,"en:nuts, en:soybeans",False,False,True,True,False,False,Declared allergens + Dietary restrictions
RASPBERRY WHOLEGRAIN OAT BARS,stoats,"en:gluten, en:milk",True,True,False,False,False,False,Declared allergens + Dietary restrictions
Räuchertofu Mandel-Sesam,taifun,"en:gluten, en:nuts, en:sesame-seeds, en:soybeans",True,False,True,True,False,False,Declared allergens + Dietary restrictions
hollandis class 16p,talberjt,en:milk,False,True,False,False,False,False,Declared allergens + Dietary restrictions
TAM thon entier a l'huile,tam,"en:fish, en:soybeans",False,False,False,True,False,True,Declared allergens + Dietary restrictions
Pain de mie extra-moelleux nature,tastino,en:gluten,True,False,False,False,False,False,Declared allergens + Dietary restrictions
Sweet Chilli Rice Crackers,the Snack organisation,"en:milk, en:soybeans",False,True,False,True,False,False,Declared allergens + Dietary restrictions
Proper porker 6 british pork sausages,the jolly hog,en:sulphur-dioxide-and-sulphites,False,False,False,False,False,False,Declared allergens + Dietary restrictions
Agave Nectar,the-groovy-food-company,,False,False,False,False,False,False,Dietary restrictions
Totas,tosfrit,,False,False,False,False,False,False,Dietary restrictions
Chocolate Extrafino 80% NOIR 0% azúcares añadidos,trapa,en:soybeans,False,False,False,True,False,False,Declared allergens + Dietary restrictions
original made with sea salt,triscuit,en:gluten,True,False,False,False,False,False,Declared allergens + Dietary restrictions
Spicy Mexican Rive,uncle Ben,,False,False,False,False,False,False,Dietary restrictions
Creamy Original Flavour,violife,,False,False,False,False,False,False,Dietary restrictions
MARG VITAL OVAL PF 200G,vital,en:soybeans,False,False,False,True,False,False,Declared allergens + Dietary restrictions
vitalya,vitalya,,False,False,False,False,False,False,Dietary restrictions
El Baraka,vmm,,False,False,False,False,False,False,Dietary restrictions
BREAKSTA Tiffany,wafer sandwich,,False,False,False,False,False,False,Dietary restrictions
Original,wasa,en:gluten,True,False,False,False,False,False,Declared allergens + Dietary restrictions
Korean Kimchi,yutaka,,False,False,False,False,False,False,Dietary restrictions
Unpasteurised Miso Paste,"yutaka, tazaki foods",en:soybeans,False,False,False,True,False,False,Declared allergens + Dietary restrictions
Muffins complets,"Épi d'Or,Marque Repère",en:gluten,True,False,False,False,False,False,Declared allergens + Dietary restrictions
Chocolat Côte d'Ivoire grand crû M'Brimbo,Éthiquable,,False,False,False,False,False,False,Dietary restrictions
Chocolat noir 98 % Équateur,Éthiquable,en:orange,False,False,False,False,False,False,Declared allergens + Dietary restrictions
Haïti Grand cru Cap haïtien 72% cacaoté et fruité,Éthiquable,,False,False,False,False,False,False,Dietary restrictions
Erdnüsse geröstet & gesalzen,Ültje,"en:nuts, en:peanuts",False,False,True,False,False,False,Declared allergens + Dietary restrictions
Mineral Water,Натурална минерална вода Велинград,,False,False,False,False,False,False,Dietary restrictions
Lait fermenté,الشرقي,en:milk,False,True,False,False,False,False,Declared allergens + Dietary restrictions
Jibi,بوني,,False,False,False,False,False,False,Dietary restrictions
Hule D'olive,زيت الزيتون واد سوس,,False,False,False,False,False,False,Dietary restrictions
Aïn Soltane,سلطان,,False,False,False,False,False,False,Dietary restrictions
Tisane Bien être Bonne Nuit - 20 Sachets,سلطان,,False,False,False,False,False,False,Dietary restrictions
Sidi Ali,سيدي علي,,False,False,False,False,False,False,Dietary restrictions
Tonik,عربي,"en:gluten, en:milk, en:soybeans",True,True,False,True,False,False,Declared allergens + Dietary restrictions
ain saiss 50cl,عين سايس,,False,False,False,False,False,False,Dietary restrictions
enmer,كوسومار,,False,False,False,False,False,False,Dietary restrictions
مونادة لاسيگون,لاسيگون,"en:milk, en:nuts, en:soybeans",False,True,True,True,False,False,Declared allergens + Dietary restrictions
Oulmès eau minerale naturellement gazeuse,ولماس ماء معدني غازي طبيعي,,False,False,False,False,False,False,Dietary restrictions
